"";"Coord. facteur 1";"Coord. facteur 2";"Corr. facteur 1";"Corr. facteur 2";"COR -facteur 1";"COR -facteur 2";"CTR -facteur 1";"CTR -facteur 2";"mass";"chi.distance";"inertie"
"black";-0,073406231236182;-0,0745251459344226;-0,701738335270063;-0,712434775128503;0,600477136093121;0,399522863906795;8,68075189599603e-05;8,94740630452482e-05;0,0161098497134825;0,0566791445744696;5,17533018731053e-05
"race";0,157848147741923;0,824678369895253;0,187993014713033;0,982170365272291;0,0537069015857583;0,94629309841426;0,000509150300995789;0,0138974855879678;0,0204346415828738;0,407533241145654;0,00339385357970709
"article";-0,528185956687285;0,333355005901812;-0,845659544101539;0,533722714028528;0,795465355956765;0,204534644043235;0,00389106630171634;0,00154991861118108;0,0139474537787869;0,354335620065773;0,00175115486890626
"social";-0,33337229776334;0,683111182129821;-0,438580195493499;0,898692056335697;0,269514656412891;0,730485343587111;0,00128572478257249;0,00539848361175649;0,0115688182506217;0,384217296850744;0,00170782286066864
"racial";-0,252620919181348;-0,219309727498719;-0,755139061989636;-0,655564639877268;0,672721323904292;0,327278676095707;0,000745190994839137;0,000561622846811626;0,0116769380473565;0,184285137685209;0,000396560632818563
"study";-0,093359159648197;-0,112538747555974;-0,638475031795471;-0,769642536359427;0,516000014672816;0,483999985327184;0,00010366013579024;0,00015062673447523;0,011893177640826;0,0777625823675453;7,19182737389577e-05
"gender";-0,0863593419328139;1,3772323682818;-0,062582077012223;0,998039820666909;0,00605426648791833;0,993945733512084;8,95049074750376e-05;0,0227636888942571;0,0120012974375608;0,664075037112457;0,00529252002331777
"brazil";-0,0931771295418957;0,430992284714611;-0,211310278824374;0,977419032996169;0,0675173046960967;0,932482695303906;8,44824275348739e-05;0,00180753502578839;0,00973078170613039;0,214555857894072;0,000447948908433293
"woman";-0,172717800759842;0,349442649124643;-0,443096935496756;0,896473706113784;0,274551408230872;0,72544859176913;0,000274156372520477;0,00112221472886973;0,00919018272245648;0,197225860291652;0,000357480094849333
"brazilian";-0,609801526813621;0,229440089892417;-0,935942835251768;0,352151968815853;0,916268354172574;0,0837316458274261;0,00337723686633742;0,000478104812129594;0,0090820629257217;0,381167410098295;0,00131952015782977
"analyze";0,275222222624541;0,725045020751512;0,354885476742295;0,93490978088658;0,18248508857481;0,817514911425192;0,000630613031747457;0,00437648953648774;0,00832522434857822;0,385485817047982;0,00123712263662845
"research";-0,268345186734458;-0,92769432474033;-0,277868984506173;-0,96061898141225;0,11474665858297;0,885253341417032;0,000544992944864157;0,00651347964221852;0,00756838577143475;0,473982583103118;0,0017003096806095
"aim";-0,498367829473111;-0,614449114183442;-0,629928427359703;-0,776653189270559;0,504733287488549;0,49526671251145;0,00182605617416524;0,00277578598190242;0,00735214617796519;0,419718028028599;0,00129517776706138
"present";-0,491286020848198;0,299947592925395;-0,853500324348765;0,521092310763221;0,806050182157746;0,193949817842254;0,00156576032618136;0,00058364293546376;0,00648718780408693;0,327410018286625;0,000695409147417765
"relation";-0,576685043969319;0,85434863471043;-0,559472665412447;0,828848802047932;0,413776037818514;0,586223962181488;0,00212145883407242;0,00465615566961433;0,00637906800735215;0,53640722339573;0,0018354665206353
"analysis";-0,308171403872166;0,900096726991287;-0,323916866568457;0,946085547692423;0,153685454760115;0,846314545239888;0,00064689000890541;0,00551853923994453;0,00681154719429127;0,470342854999325;0,00150686682654144
"work";-0,802861654577467;-0,603338243194971;-0,799429923904802;-0,600759350127455;0,732847503783961;0,267152496216038;0,00439063365689531;0,00247951921820742;0,00681154719429127;0,561141652993641;0,00214481967214179
"class";-0,210008239071225;1,38876216607979;-0,14951982729962;0,988758727518646;0,0342131342475492;0,965786865752454;0,000295644345293913;0,0129286346571464;0,00670342739755649;0,679326411946631;0,0030935269960032
"education";0,395674543840878;-0,634078225616572;0,529398103218345;-0,84837353112224;0,376260399394516;0,623739600605486;0,000964842214800533;0,00247779718709703;0,00616282841388258;0,385951249941262;0,000918004858674418
"base";-0,321520027378811;-0,204261667039554;-0,844067895399871;-0,536236317266214;0,793315099105726;0,206684900894273;0,000659436971816909;0,000266152761237418;0,00637906800735215;0,215985087914302;0,000297580704279335
"understand";-1,04858841039779;0,265956058294904;-0,969308375813936;0,245848068076505;0,960130104020492;0,0398698959795078;0,00570632580951314;0,000367084657508985;0,00518975024326954;0,640292784005426;0,00212766707362657
"result";1,4449496610188;-0,0784515165084102;0,998529353166281;-0,0542137516256613;0,998100772499684;0,0018992275003155;0,0126415021387379;3,72645545224656e-05;0,0060547086171478;0,865374550631152;0,00453420848970524
"health";-0,219937312349701;-1,48628660946769;-0,1463836931585;-0,989227887990062;0,0328094824770257;0,967190517522976;0,000230120720077721;0,010509039567656;0,00475727105633041;0,726503684375692;0,00251092383502044
"de";0,639417240486561;-0,455660041908742;0,814375456599379;-0,580338363102555;0,753121358411256;0,246878641588745;0,000663078831384121;0,000336727333428927;0,00162179695102173;0,440849606261478;0,000315193602563898
"inequality";0,93656812994386;0,00677922921907927;0,999973804009434;0,00723818312167098;0,999966180082375;3,3819917623398e-05;0,00474191729931095;2,48448204156223e-07;0,00540598983673911;0,560383470879725;0,00169764101219163
"white";1,11295156336535;0,423944063809445;0,934498205030387;0,355967842360774;0,914358107366958;0,0856418926330411;0,005758723196355;0,000835585304064057;0,00464915125959563;0,69639669501789;0,00225469124702878
"school";1,70952022816081;-0,0769173891784374;0,998989324354509;-0,0449480792217054;0,998694915094747;0,00130508490525236;0,015166834436541;3,07040402622236e-05;0,00518975024326954;1,023520209334;0,00543674923861235
"discuss";-0,753628805605889;-1,09397561982525;-0,567305826588902;-0,823507194333045;0,423691286098986;0,576308713901015;0,00307036639982138;0,00646979487929527;0,00540598983673911;0,692741684596272;0,00259428609350892
"color";1,49938268243008;-0,11893994576302;0,996868468745845;-0,0790775317034683;0,995954470952824;0,00404552904717492;0,0119103982041507;7,49474347721267e-05;0,00529787004000433;0,89894132402307;0,00428118496029637
"racism";-0,878504325066239;-0,756298028426403;-0,757850612143403;-0,652428118396095;0,676400724951452;0,323599275048547;0,00408873636164389;0,00303031124254314;0,00529787004000433;0,63911714669215;0,00216402482783002
"public";-0,0797456752547859;-0,347897979668452;-0,223426879152466;-0,974720693158912;0,0752697035632874;0,924730296436715;3,300355613022e-05;0,000628131063288438;0,00518975024326954;0,173914436728415;0,000156970386260457
"population";0,425555503308236;-0,838357293684664;0,452631432773353;-0,891697698811397;0,285286286745086;0,714713713254917;0,000802789160150608;0,00311564072081796;0,00443291166612607;0,476710107884025;0,00100739037791229
"policy";-0,299096261525486;-0,194674491956944;-0,838108089219258;-0,545504198687089;0,785259221697309;0,214740778302689;0,000415906440406145;0,000176194268159136;0,00464915125959563;0,201949628967761;0,000189609370043173
"political";-0,7314017559753;0,421595209700945;-0,866373871886543;0,499395949234994;0,823398376632864;0,176601623367136;0,0020821869424992;0,000691829468087384;0,00389231268245216;0,482269273578663;0,000905288299337365
"relationship";0,338322520909761;0,793500114156239;0,392205721958806;0,919877530795688;0,219737120179862;0,780262879820139;0,000371268660897617;0,00204230435019774;0,00324359390204346;0,43183495294272;0,000604870018109119
"practice";-0,309393618556156;-0,151953556387006;-0,897587932330357;-0,440835461067862;0,865272223152016;0,134727776847983;0,000351889931983053;8,48800986219492e-05;0,00367607308898259;0,199009389862147;0,000145589908813097
"person";0,823213764675597;-0,2691106520533;0,950501096803107;-0,310721201362395;0,935468599380888;0,0645314006191113;0,00271101669229113;0,000289713492571786;0,00400043247918694;0,509256538666091;0,00103748104881006
"high";1,6970227721175;-0,302563082253788;0,984475395479402;-0,175522635849839;0,979893305969776;0,020106694030223;0,0124549088078078;0,000395910557867498;0,00432479186939129;1,02573900915274;0,00455028874428648
"process";-0,526255832846831;0,411392172721462;-0,787839277037762;0,615880892345766;0,717113861103913;0,282886138896088;0,00107795732055262;0,000658748698448855;0,00389231268245216;0,371827461297997;0,000538134262635018
"group";0,438749901734671;0,0168616770963774;0,99926233916395;0,0384028322990775;0,999047513207704;0,000952486792294324;0,000770089157970677;1,13738757882933e-06;0,00400043247918694;0,262641021082075;0,000275951056366775
"student";1,87075944304581;-0,115186337404838;0,998109819195851;-0,0614555841630783;0,997558763349827;0,00244123665017147;0,0128653033179082;4,87737419225e-05;0,00367607308898259;1,12069465211425;0,004616987902631
"context";-0,257557619582899;0,366862040907549;-0,574591021973141;0,818440686591192;0,432962161419675;0,567037838580327;0,000236683490579729;0,000480202830894381;0,00356795329224781;0,234200613599182;0,000195701979082895
"state";-0,577065417612161;-0,771290246028908;-0,599067924051507;-0,800698209297747;0,464432891492466;0,535567108507535;0,00126015324544669;0,00225117337297834;0,00378419288571737;0,506643134092159;0,000971354123288506
"debate";-1,10068819468226;-0,674722740110128;-0,852564188116682;-0,522622526438483;0,804787129664763;0,195212870335236;0,00458460455908218;0,00172275674783871;0,00378419288571737;0,734112120991348;0,00203937952389713
"data";1,17296823722795;-0,0881233490937897;0,99718974477736;-0,0749173738919281;0,996369759739024;0,00363024026097522;0,0056527700779257;3,19058857075603e-05;0,00410855227592172;0,703095924435645;0,00203103766898092
"point";-0,000710943658776712;0,952480395476312;-0,000746412696900137;0,999999721434004;8,63082988886967e-07;0,999999136917014;1,80338947307914e-09;0,00323691467448389;0,00356795329224781;0,457875603369574;0,000748021650915203
"objective";0,420509309554175;0,0489014782674022;0,993306012493088;0,115512620717741;0,991345872378347;0,00865412762165229;0,000573558480122379;7,75658312272853e-06;0,00324359390204346;0,252697887394286;0,000207123653238843
"action";-0,76105461398783;-1,01238895423986;-0,600890441354188;-0,79933139403452;0,466794725489367;0,533205274510633;0,00194132640173393;0,00343527659581288;0,00335171369877825;0,666486643807312;0,00148884612796838
"experience";-0,571390151974749;1,16786115246395;-0,43948065074906;0,89825205683994;0,270516247118842;0,729483752881161;0,000917791582886463;0,00383407843629528;0,00281111471510434;0,65731670803339;0,00121458499525962
"relate";-0,207175624478385;0,601220065502556;-0,325791612442404;0,94544160330619;0,155371320511415;0,844628679488588;0,000167064830533929;0,00140693701133791;0,00389231268245216;0,314479127333923;0,000384938520384194
"field";-0,784259002430013;1,10584917217824;-0,578483457738505;0,81569411492477;0,437934303255516;0,562065696744486;0,00226101353858208;0,00449547857224007;0,00367607308898259;0,709077374202926;0,00184829544476393
"concept";-0,4175068155045;0,0333430692446885;-0,996826177626947;0,079608866325621;0,995899800369418;0,00410019963058117;0,00043347114745727;2,76467576311927e-06;0,00248675532489999;0,250319304961068;0,000155819478001126
"focus";-0,84059021590178;-0,29180962918615;-0,944695243855366;-0,327949533064236;0,927822656085039;0,0721773439149603;0,00236829378777855;0,000285408006298898;0,00335171369877825;0,522144180070443;0,000913792938504108
"society";-0,578887719039061;0,723927427324966;-0,624527797862808;0,78100257982713;0,49763599000417;0,502364009995832;0,000905803306450013;0,00141656103371539;0,00270299491836955;0,490994969752852;0,00065162736599255
"order";-0,58680369504851;-0,947118058814896;-0,526674156320381;-0,85006725208316;0,372908892688137;0,627091107311863;0,00104243487324385;0,00271563555901528;0,0030273543085739;0,574949985533837;0,00100074490260894
"identity";-0,513446494666793;1,9054903292468;-0,260176570705125;0,965561055581738;0,101106647493591;0,898893352506411;0,000712583260043295;0,00981428639542946;0,00270299491836955;0,966148614979074;0,00252309208083572
"cultural";-0,792477054969769;2,10449581481316;-0,352406205291367;0,935847138411043;0,18010648988851;0,819893510111493;0,00162963316938971;0,0114924492625783;0,00259487512163477;1,11727636836395;0,00323919943770235
"issue";-1,09853905759286;-0,635919360736669;-0,865452566101566;-0,500990873996937;0,822158205324105;0,177841794675893;0,0037838527160399;0,00126796513865632;0,00313547410530868;0,724897166613286;0,00164761608419885
"movement";-1,08341333731691;-0,362819489602812;-0,94824080582166;-0,317552159770153;0,932493727669592;0,0675062723304067;0,0029189147548872;0,000327351452786229;0,00248675532489999;0,671289440215647;0,00112060533987846
"discourse";-0,819763494700501;1,72325555217695;-0,42957712729178;0,903030172091576;0,259570858084602;0,7404291419154;0,0018164455272018;0,00802683992352873;0,00270299491836955;0,962718252278224;0,00250520713933841
"violence";-0,798350074996671;-1,58307457876205;-0,450284989229754;-0,892884890943038;0,282631678837002;0,717368321162999;0,00144714235995145;0,00569019651425838;0,00227051573143042;0,898507173561252;0,00183302172772858
"theoretical";-1,10823535969543;-0,810989295019269;-0,807000698095719;-0,590550483255261;0,743119893627689;0,256880106372311;0,00424931772076292;0,00227554507215344;0,00345983349551303;0,769203331291483;0,00204709271011323
"historical";-0,753179964707336;0,824278259447171;-0,674551662969497;0,738227643742149;0,563972745184423;0,436027254815579;0,00171735773149781;0,00205688941203624;0,0030273543085739;0,600078819477126;0,00109013390727448
"year";1,20675521412704;-0,15476086985331;0,99187661889909;-0,12720366693342;0,989494836035697;0,0105051639643022;0,00409370870552411;6,73288028739955e-05;0,00281111471510434;0,725856909812521;0,00148108710039865
"show";0,28237965650924;0,420149872266425;0,557814048834385;0,829965955279486;0,41168381242249;0,58831618757751;0,00024139599648478;0,000534406489851207;0,0030273543085739;0,263323796385039;0,000209914997166572
"national";0,185443051616291;0,261719072043094;0,578139214298804;0,815938140357443;0,437494055554096;0,562505944445904;0,000100389921678515;0,000199958434654519;0,00291923451183912;0,16775021468101;8,21476518747079e-05
"construction";-1,03599216023556;0,493385511789823;-0,902841604112995;0,429973299034572;0,872289696642487;0,127710303357513;0,00266898414851327;0,00060534901660876;0,00248675532489999;0,663689115242656;0,00109537404680574
"century";-0,729937067155723;-0,0584384927742733;-0,996810551704716;-0,0798042856627366;0,99587960018235;0,00412039981764827;0,000633678164351484;4,06158847605328e-06;0,0011893177640826;0,437643615909057;0,000227792332144609
"science";-0,552926112331509;0,858396569842023;-0,541519475894751;0,840688204524528;0,391270582289308;0,608729417710694;0,000793324127662762;0,00191201990558949;0,00259487512163477;0,528892123627435;0,000725856317703892
"paper";0,49633533117326;0,010486441390913;0,999776884098344;0,0211230211524617;0,999711937907735;0,000288062092263589;0,000506068381278682;2,25899406190507e-07;0,00205427613796086;0,297013609441462;0,000181222251019078
"form";-0,655522005930214;0,995733342099094;-0,549870720025989;0,835249777765969;0,401700152627722;0,59829984737228;0,000975661272076353;0,0022511820369688;0,00227051573143042;0,618835008840996;0,000869509366581463
"production";-1,08077882747906;-0,315252545080998;-0,959993938368092;-0,28002078190113;0,947937093327349;0,0520629066726493;0,00340990783825592;0,000290125690762382;0,00291923451183912;0,664179805779417;0,00128777597458536
"produce";-0,723827540191473;0,558350175201157;-0,79179869253694;0,61078214651117;0,722489234905603;0,277510765094398;0,00135952334204253;0,000808965081147358;0,00259487512163477;0,509516215821704;0,000673647159741212
"paulo";1,70383956632294;-0,179483613303596;0,994497423931566;-0,10476103184619;0,992887901293018;0,00711209870698107;0,00251103407310417;2,78640868803243e-05;0,000864958373878257;1,02309788603166;0,000905377259727493
"seek";-1,0656303959114;-0,0417426140805737;-0,999233668554407;-0,0391417376632811;0,999010487054708;0,000989512945290489;0,00245554793099857;3,76785777982421e-06;0,00216239593469564;0,637911121263714;0,000879945072184948
"role";-0,630258344832329;-1,29758112162303;-0,436906574919596;-0,899506889796864;0,267656437707534;0,732343562292466;0,000944854880211624;0,00400494852181153;0,00237863552816521;0,728900679883576;0,0012637600199983
"propose";-0,56428743600725;0,653264121591704;-0,65368939580204;0,75676295748138;0,536155183349113;0,463844816650889;0,000826260941772655;0,00110737337024711;0,00259487512163477;0,461098515206106;0,000551701176062992
"main";-0,720443855505876;-0,176452076474155;-0,971292063921265;-0,237890156508354;0,962721429566265;0,037278570433734;0,00117848700699098;7,06932685839403e-05;0,00227051573143042;0,439327530981991;0,000438229243059073
"city";0,712129712011303;0,857187626893297;0,639022140238258;0,769188341230752;0,516722661809395;0,483277338190605;0,000822459822785114;0,0011916487637025;0,00162179695102173;0,59274643308369;0,000569815656719814
"approach";-0,746229139060388;-1,70320827404209;-0,401304244877457;-0,915944814409325;0,229212462842504;0,770787537157497;0,00162559888155863;0,00846846118160521;0,00291923451183912;0,932592003436274;0,00253893954066155
"african";-1,12760125232453;-1,16064687726413;-0,696822473427441;-0,717243640980151;0,593858460553239;0,40614153944676;0,0015121992027984;0,00160213135590147;0,0011893177640826;0,87549298978253;0,000911597764811535
"access";0,855029756768626;-0,244588064801104;0,961436619022731;-0,275026594354329;0,949828333072171;0,050171666927828;0,00181800684982979;0,000148765963151954;0,00248675532489999;0,524925011803227;0,000685216149246644
"rio";2,11895468722912;0,152494726665089;0,997420394343284;0,0717813133627988;0,996667868617922;0,00333213138207662;0,00339818172404712;1,76000099064355e-05;0,000756838577143475;1,2699453682979;0,0012205999209892
"method";1,48537039577002;-0,490579256998079;0,949551186817022;-0,313612090988828;0,934218659580536;0,0657813404194639;0,00548659097096872;0,000598482448927031;0,00248675532489999;0,919494408782057;0,00210247694442358
"low";2,47237488421829;-0,110386669074987;0,999004764404022;-0,0446035951248831;0,998714856959688;0,00128514304031094;0,0152006340216898;3,03016525373367e-05;0,00248675532489999;1,48024010074161;0,00544875633953955
"ethnic";-0,0430551446099579;-0,680308084975969;-0,0631613508351537;-0,998003328531864;0,00616661837909602;0,993833381620907;4,20895826846926e-06;0,00105083802574949;0,00227051573143042;0,328050053758157;0,000244345723125238
"difference";0,132370427401653;0,194878618398062;0,56188316656391;0,827216602306865;0,416821278100703;0,583178721899297;4,73616878865181e-05;0,000102653464992803;0,00270299491836955;0,12267459366953;4,06775217104129e-05
"critical";-1,01228157169488;0,92148801248614;-0,739491931295328;0,673165420642732;0,65150329201227;0,348496707987732;0,00254821294724189;0,00211160380739324;0,00248675532489999;0,750380640583593;0,00140022007055258
"contribute";-0,408906603114243;-1,55542717460901;-0,25425118596575;-0,967138218888598;0,0967098702713113;0,90329012972869;0,000361562569078666;0,00523160059576637;0,00216239593469564;0,786732915831913;0,00133841211126259
"university";-0,682734145869266;0,186050857256739;-0,96481738225901;0,262920936577653;0,954256380803856;0,0457436191961437;0,000503974390675571;3,74255827505324e-05;0,00108119796734782;0,418174633684111;0,00018906911477656
"são";2,62699622040106;-0,225397279711271;0,996339346345391;-0,0854862967032636;0,995270394933594;0,00472960506640483;0,00447687910606646;3,2957465910633e-05;0,000648718780408693;1,5755329945347;0,00161031736416962
"perspective";-0,889791033229855;-0,0504880743487019;-0,998394078093816;-0,0566503735839322;0,997926016696209;0,00207398330378939;0,00179763106704955;5,78764825172896e-06;0,00227051573143042;0,532938935102264;0,000644880752460442
"identify";-0,354372249470687;-0,570791423007478;-0,527457324456219;-0,849581526916333;0,373871660929208;0,626128339070792;0,000271553013720218;0,000704514755279276;0,00216239593469564;0,346766415511455;0,000260021509193778
"history";-0,880496097095113;-0,631743330647985;-0,812501935043544;-0,582958493848831;0,750581068550867;0,249418931449132;0,00142498079889668;0,000733559715527036;0,0018380365444913;0,608089115207139;0,000679655132940624
"discussion";-0,726749487870027;0,263364290517256;-0,940170213709516;0,340705105998431;0,921853162783713;0,0781468372162864;0,00131341667388312;0,000172483213207062;0,00248675532489999;0,452889713743221;0,000510056128741657
"category";-0,600932615403932;1,66300448465903;-0,339846182992367;0,94048103218806;0,168249065696161;0,831750934303841;0,000780884437790484;0,00598028741700952;0,00216239593469564;0,876572905615994;0,00166154191558021
"theory";-1,13083451439826;-1,21902449099545;-0,680090350577727;-0,733128307358994;0,571388627118135;0,428611372881865;0,00318002963303602;0,00369536991262561;0,00248675532489999;0,895100617468567;0,00199240108703968
"text";-1,08835304326288;-0,452007510581211;-0,923520041464565;-0,38355017013852;0,899813425867642;0,100186574132356;0,00307366161992754;0,000530160985071225;0,00259487512163477;0,686486749664062;0,00122287137843485
"reflect";-0,792316530728486;1,17884903844185;-0,557824094149394;0,829959203808481;0,411696476097835;0,588303523902168;0,0012217297791741;0,0027045443829425;0,00194615634122608;0,738837176067684;0,00106236854895816
"knowledge";-0,327105072648909;-0,0784735472067131;-0,972408662888262;-0,233283930736478;0,964179213132852;0,0358207868671466;0,000231371453243914;1,3316245239927e-05;0,00216239593469564;0,199318217429149;8,59071289850441e-05
"investigate";0,309162134741493;0,149709812161151;0,900027685911039;0,435832725473456;0,868532249474741;0,131467750525257;0,000196350230900684;4,60425483067591e-05;0,00205427613796086;0,198486932708971;8,09324453095572e-05
"highlight";-0,876806663314723;0,183949009365948;-0,978693975506867;0,205324383127195;0,97237351129257;0,0276264887074294;0,00174554961849876;7,68279812932192e-05;0,00227051573143042;0,532017452505157;0,000642652607327454
"develop";-0,999923766756174;-1,76213760232805;-0,49352772495267;-0,869730064274566;0,332811001544034;0,667188998455966;0,00248637619250175;0,0077216959000307;0,00248675532489999;1,03706660960197;0,00267452313907238
"aspect";-0,12151173292801;1,08671550315203;-0,111123075144318;0,993806652307414;0,0190006336049552;0,980999366395048;3,35243946396941e-05;0,00268136688080987;0,00227051573143042;0,527439644917207;0,000631640627055701
"worker";-0,68563541278977;-0,609168550040389;-0,747563679256866;-0,664190142546498;0,662445466384785;0,337554533615214;0,000914880154274534;0,00072219199939989;0,00194615634122608;0,504030447371319;0,000494414580364576
"time";-0,36346130841128;-0,734897381607733;-0,443318593569583;-0,896364113848545;0,274799399461905;0,725200600538096;0,000214246063431786;0,000875890628436428;0,00162179695102173;0,414847897628846;0,000279109273705925
"subject";-0,756472461066416;2,02150872267893;-0,350476181178001;0,936571645111513;0,178263435016003;0,821736564983999;0,00117556072036823;0,00839479433468187;0,00205427613796086;1,07201431453539;0,00236080431622954
"representation";-0,382126068202883;1,74306198113845;-0,214141417344857;0,976802668596649;0,0692938820540679;0,930706117945935;0,000299966083685122;0,00624143543428648;0,00205427613796086;0,868555984538592;0,00154972434504035
"project";-0,798900443823928;1,59057151165385;-0,448837498245641;0,893613395249083;0,280998208477241;0,719001791522761;0,00144913831787041;0,00574421801355615;0,00227051573143042;0,901736157912348;0,00184622013928176
"literature";-0,493397108661056;-1,86538119256166;-0,255708383582771;-0,966753961753189;0,0977830638821525;0,902216936117849;0,000579056714279595;0,00827681196436165;0,00237863552816521;0,944068217441278;0,00211999411633912
"include";0,178229512774551;0,131476247757177;0,804733923704309;0,5936356728158;0,74004470624539;0,259955293754609;7,21246560385915e-05;3,92481433896031e-05;0,00227051573143042;0,123962189722192;3,48901626224602e-05
"idea";-1,03416826880935;0,526316473381847;-0,891222057704693;0,453567242931644;0,856756686142484;0,143243313857516;0,00150324922767409;0,000389352080440087;0,00140555735755217;0,668499450464293;0,000628131657316879
"effect";1,16357916228696;0,0942235244413902;0,996737373506138;0,0807131231962033;0,995784998378218;0,00421500162178041;0,00292770346396028;1,91979080076922e-05;0,00216239593469564;0,69767272201524;0,00105254022498466
"body";-0,965650747564881;1,76342293052223;-0,480301904598544;0,877103232486924;0,317191113784878;0,682808886215124;0,0015122954367055;0,00504323780715473;0,00162179695102173;1,02588380183452;0,00170684005005911
"question";-0,406637909682671;-0,298915224104684;-0,805729721505541;-0,592283391530274;0,741395696030403;0,258604303969596;0,000393317825819443;0,000212531824676633;0,00237863552816521;0,282566993947472;0,00018992002740915
"part";-0,333792825909855;1,37384149139861;-0,23609457978289;0,971730080525009;0,0837861518474534;0,916213848152549;0,000204789713557257;0,00346918451068246;0,0018380365444913;0,689968833262282;0,000875010146485711
"author";-0,852910256999104;0,0848093144401555;-0,995092679552166;0,0989472541392186;0,993658051170563;0,00634194882943668;0,0014157429253862;1,39979626645654e-05;0,00194615634122608;0,511945178096818;0,000510063961161043
"area";0,152675854222665;0,683054794719966;0,218136462507839;0,975918277175177;0,0718370531359844;0,928162946864017;5,5445795456552e-05;0,00110978535592805;0,00237863552816521;0,340827557108441;0,000276310446649278
"age";1,9556095628897;-0,192005522323871;0,995214723041606;-0,0977121028390001;0,993815929449663;0,00618407055033681;0,00909687455662714;8,76910642515925e-05;0,00237863552816521;1,17372883221671;0,00327690195423177
"theme";-0,684108430200031;-0,190632019884006;-0,963299024736221;-0,268430603587306;0,952268343254385;0,0477316567456132;0,000961410156897422;7,46535596384545e-05;0,00205427613796086;0,419453542106532;0,000361431960831291
"language";-1,09289757273318;-0,534060489881338;-0,898463816400456;-0,439047572159474;0,866442822554099;0,133557177445899;0,000645704997559776;0,000154189970187207;0,000540598983673911;0,702502872987023;0,000266791159344265
"family";0,936135405340041;-0,365698738879483;0,93145031966307;-0,363868522957901;0,910324997173682;0,0896750028263176;0,00104225802448295;0,00015905408625781;0,0011893177640826;0,587055328260361;0,000409879288877465
"examine";-0,772656519580034;0,472622633875196;-0,85306381738745;0,52180659584213;0,805461263312298;0,194538736687703;0,000903662380959395;0,000338113326491057;0,00151367715428695;0,515113274137087;0,000401641646955478
"dialogue";-1,13904202581619;-1,36721381815955;-0,640083965406099;-0,768304963689552;0,518125642916595;0,481874357083404;0,00182359363990494;0,00262737129628755;0,00140555735755217;0,946805565450086;0,00125999893220611
"case";1,35689238747121;0,719332736229629;0,883524460931534;0,46838501997357;0,846442316346095;0,153557683653904;0,00278691721445373;0,000783236479161258;0,00151367715428695;0,882440272305674;0,00117870166273292
"slavery";-1,16788230899307;-1,88793464833344;-0,526081314281725;-0,850434271865623;0,372180545438565;0,627819454561435;0,00117975918491424;0,00308296874159621;0,000864958373878257;1,14540966482704;0,00113479364279744
"skin";2,09298594739885;-0,31637944076421;0,988767199725571;-0,149463790754996;0,985464492122006;0,0145355078779932;0,00994619890757819;0,000227269430349634;0,00227051573143042;1,26149176459218;0,00361321125687228
"marker";-0,00202970134991498;0,591017028523072;-0,00343423164279504;0,999994103009125;1,82705243355972e-05;0,999981729475667;8,01755608792737e-09;0,000679794605262878;0,00194615634122608;0,284115699586482;0,000157097108176807
"man";1,11452266569057;-0,00497539509840593;0,999990035836363;-0,00446410438828738;0,999987135968401;1,28640315974726e-05;0,0022831368936908;4,54997792787448e-08;0,0018380365444913;0,66685328657067;0,000817362547169614
"life";-0,718657940452493;1,08024827887268;-0,5538955133998;0,832586187872206;0,406751182974807;0,593248817025195;0,000725927133731263;0,0016401959641146;0,00140555735755217;0,674211899944837;0,000638912522256888
"income";2,2713671471807;0,0391271247521811;0,999851661271459;0,0172236887078351;0,99980848475282;0,000191515247178319;0,0111560357169246;3,31048089820033e-06;0,00216239593469564;1,35915043480713;0,00399457217955757
"culture";-0,993452574912576;1,2614517630391;-0,618711396933117;0,785618359831968;0,490012505154914;0,509987494845088;0,00181404652570086;0,00292479504357937;0,0018380365444913;0,849145584313502;0,00132531298487458
"condition";0,636130715386977;0,97067281408526;0,548130348762141;0,836392922474774;0,399520924709225;0,600479075290774;0,000787536076014427;0,0018336796211564;0,00194615634122608;0,602164568950095;0,000705680508787908
"aid";1,99941550295337;0,241410492871291;0,992789603168828;0,11986994552381;0,990677256938461;0,00932274306153757;0,00734784949817869;0,000107118979691006;0,0018380365444913;1,20191998421326;0,00265524900245112
"term";0,0600750334071335;-0,287604771121082;0,204467569466824;-0,978873338607365;0,06331192432051;0,936688075679493;5,07267005138789e-06;0,000116262791310512;0,00140555735755217;0,142853163257448;2,86832458951854e-05
"reflection";-1,09971436693862;-0,657139958831529;-0,858417443514815;-0,512951744971679;0,812681148090042;0,187318851909957;0,0020921123388063;0,000747035010043212;0,00172991674775651;0,729891663891768;0,000921599033008877
"profile";1,21369740585325;0,256288875645749;0,978423877230734;0,206607638931329;0,972021784589834;0,0279782154101641;0,00286680777095344;0,0001278313093346;0,00194615634122608;0,736564904660553;0,00105584403265185
"power";-0,80029851820753;0,816250421707205;-0,700095054547043;0,714049658356316;0,598263846112391;0,40173615388761;0,00117722145206702;0,00122461896052895;0,0018380365444913;0,619076375061516;0,000704437721776215
"performance";0,497447313349812;-0,472107382065704;0,725339781371563;-0,688391023735677;0,632341593975479;0,367658406024523;0,000374565208544193;0,000337376508034713;0,00151367715428695;0,374291368771528;0,00021205713075101
"observe";1,09848314991305;-0,294574145569444;0,965873825413256;-0,259013037088025;0,955638966913223;0,0443610330867771;0,00221789479088867;0,000159493649372414;0,0018380365444913;0,672333996587529;0,00083085317877015
"level";1,82156095945483;0,0889247992070864;0,998810531449447;0,0487598427568669;0,998463982663828;0,00153601733617029;0,00645751085762571;1,53894646396769e-05;0,00194615634122608;1,09072710474969;0,00231531420765939
"law";-0,236875863869908;-0,808952352759509;-0,281018211634748;-0,959702435513012;0,117253638105582;0,88274636189442;0,000103132551954801;0,00120281829966456;0,0018380365444913;0,413900780436441;0,000314881127990076
"janeiro";2,03428109836713;0,215476727727816;0,994436949409563;0,10533353525351;0,992809648000036;0,0071903519999626;0,00268459266115717;3,01201558172477e-05;0,000648718780408693;1,22156496051242;0,000968031756569387
"feminism";-1,11675635245223;-0,964838631207007;-0,756699902311721;-0,653762386377063;0,6748392150504;0,325160784949599;0,00215745659118594;0,0016104030001417;0,00172991674775651;0,813386337494642;0,00114450830839736
"federal";1,15431833562362;-1,10152601562401;0,723456740749965;-0,69036971563318;0,62979467554661;0,370205324453391;0,00187283605356681;0,00170544646126658;0,00140555735755217;0,870291414869134;0,00106457918784019
"factor";1,259379262596;-0,287292370215952;0,974953555869225;-0,222408551764436;0,96749941579144;0,0325005842085595;0,00325815616975674;0,000169553596464666;0,00205427613796086;0,76607233589393;0,00120558651233838
"conduct";0,985828835373298;-0,143772983875405;0,989532081097717;-0,14431306412942;0,986456379653225;0,0135436203467735;0,00189138856825198;4,02283572347147e-05;0,00194615634122608;0,593883380078365;0,000686404416088169
"conclude";-0,604052068872344;-0,0646994472844109;-0,994312713378578;-0,106499896778025;0,99264888200564;0,00735111799435862;0,000631210123315314;7,24146347308167e-06;0,00172991674775651;0,362756451308761;0,000227643624981944
"system";0,197550796872735;-0,830558784010179;0,231397387920782;-0,972859316069615;0,0805796855812726;0,91942031441873;7,1731797477121e-05;0,00126792887802356;0,0018380365444913;0,41639413057478;0,000318686260526669
"scientific";-0,864456581317596;-0,342144580176947;-0,929819918868091;-0,368014834587055;0,90816599152576;0,0918340084742385;0,00137353747180411;0,000215165913466949;0,0018380365444913;0,542749166537573;0,000541442662148655
"reveal";-0,214749840262212;0,464465100002343;-0,419672429369791;0,907675631504371;0,248782520441235;0,751217479558767;8,97518531806272e-05;0,000419840082621187;0,00194615634122608;0,257609286805298;0,000129151887087255
"promote";-0,826320239635067;0,100628305505247;-0,992666427283735;0,120885748307006;0,99051775547895;0,00948224452104902;0,00118119604442522;1,75172336362543e-05;0,00172991674775651;0,496770565712571;0,000426910576206532
"narrative";-0,65573368624839;2,21636645379752;-0,283703506070413;0,958912050525675;0,119409892743975;0,880590107256028;0,000604370923846007;0,00690449165831406;0,00140555735755217;1,13539228306468;0,00181192596753775
"live";2,30791601203261;-0,415225172492365;0,984198169138926;-0,177070505346277;0,979533111846903;0,0204668881530958;0,00691077044255143;0,000223693731912182;0,00129743756081739;1,39524038091738;0,00252571614731428
"interview";-0,159515727346897;-0,395354952863726;-0,374166874089954;-0,927361391440119;0,201398941507911;0,79860105849209;4,40181940032604e-05;0,00027039556925744;0,00172991674775651;0,212673566476659;7,82442138659779e-05
"individual";1,51687029487818;-0,605779327291152;0,928681076832365;-0,370879303188355;0,906657269837885;0,0933427301621153;0,00422912999840251;0,00067450168530073;0,0018380365444913;0,953159256783188;0,0016698793025684
"impact";0,420509309554175;0,0489014782674022;0,993306012493088;0,115512620717741;0,991345872378346;0,00865412762165229;0,000286779240061189;3,87829156136427e-06;0,00162179695102173;0,252697887394286;0,000103561826619422
"economic";1,35067538692727;-0,984708850835646;0,808052703134544;-0,589110201029448;0,744546925985019;0,255453074014981;0,00177520986135369;0,000943546728103203;0,000973078170613039;0,936577124108066;0,000853561507689784
"due";-0,381783898109621;-0,230027200074069;-0,856544377834025;-0,516073375404045;0,81015589572713;0,18984410427287;0,000252150839841327;9,1534242013477e-05;0,00172991674775651;0,253788481363181;0,00011142150420176
"discrimination";0,61593794183786;-1,14176396573189;0,474782079945332;-0,880103389700769;0,310740896237539;0,689259103762464;0,000697313473815852;0,00239611030474048;0,0018380365444913;0,661113990806219;0,000803353773410675
"disability";1,25919209263045;0,792004275917391;0,846481406120204;0,532418283957982;0,796575458328165;0,203424541671835;0,00222860216670557;0,000881665050267986;0,00140555735755217;0,844145139564413;0,00100157349080472
"young";2,20860907543593;0,0858079020104375;0,999246131582404;0,038822268321164;0,999026582266764;0,000973417733234374;0,00896585780275331;1,35334558121265e-05;0,0018380365444913;1,32211407239747;0,00321286144959824
"struggle";-1,05514302021072;0,147610415073567;-0,99035586754214;0,138546943758623;0,987524312556335;0,0124756874436645;0,00156484466540081;3,06254568381964e-05;0,00140555735755217;0,635295866445161;0,00056728412725592
"strategy";0,312661107559886;-0,869791140555095;0,338275298926824;-0,941047194425427;0,166789002377809;0,833210997622194;0,0001374030258782;0,00106335562400754;0,00140555735755217;0,458066734684161;0,000294921260083764
"professional";-0,417995662054836;-1,71953313320926;-0,236207974966732;-0,971702522669421;0,0838642621427712;0,91613573785723;0,000283360969018263;0,00479531981220315;0,00162179695102173;0,863618440451278;0,00120959586553276
"period";0,00888233505057178;0,257440249882631;0,0344819930100536;0,999405319256434;0,00184075459158644;0,998159245408416;1,19422884993905e-07;0,000100319683385754;0,00151367715428695;0,123870474851319;2,32257026228217e-05
"intellectual";-0,0743057997788408;1,14313840901366;-0,0648646885437902;0,997894068616563;0,00650292934884323;0,993497070651159;4,77573954440322e-06;0,00113029769459383;0,000864958373878257;0,551323865785127;0,000262911021718462
"great";0,693951594130118;0,528975709692787;0,795293204302459;0,606224974073427;0,727232907734255;0,272767092265744;0,000781006835867226;0,000453803602732708;0,00162179695102173;0,486890178265695;0,000384466502905611
"feminist";-1,13379833796585;-1,27253730358249;-0,665233284653465;-0,746635571741102;0,551524017984272;0,448475982015727;0,00166785426036214;0,00210100705677455;0,00129743756081739;0,913465603202687;0,00108260708171839
"establish";-0,764920934513681;0,930649493145575;-0,634966830907658;0,772539399414092;0,511370194388582;0,48862980561142;0,000948919941708211;0,00140465209064566;0,00162179695102173;0,640011000699876;0,000664310867688707
"end";-0,260195134965176;-0,356064692998931;-0,590007739694383;-0,807397589233907;0,452728597572413;0,547271402427587;6,58788598049425e-05;0,000123368860461002;0,000973078170613039;0,231376264515954;5,20937162971357e-05
"classification";1,05431782591031;-0,764271847116103;0,809650065021792;-0,586912917058577;0,746713529302147;0,253286470697854;0,00144221352972072;0,000757848143099915;0,00129743756081739;0,730017274235913;0,0006914371984208
"academic";-0,928572152716735;-1,74556372874762;-0,469644829474438;-0,882855443517185;0,304775286019699;0,695224713980302;0,00149161421611156;0,00527104375585563;0,00172991674775651;1,00638551906767;0,0017520801176155
"survey";1,92610773708567;-0,344811366093254;0,984351109677163;-0,176218310278298;0,979731829026691;0,020268170973308;0,00641780259895991;0,000205678240998328;0,00172991674775651;1,16430178848706;0,00234507281595706
"structure";-0,381783898109621;-0,230027200074069;-0,856544377834025;-0,516073375404045;0,81015589572713;0,18984410427287;0,000252150839841327;9,1534242013477e-05;0,00172991674775651;0,253788481363181;0,00011142150420176
"report";0,951825126466718;-1,22199371681201;0,614497816862336;-0,788918521186708;0,484503407914586;0,515496592085416;0,00156725452935173;0,00258323043603077;0,00172991674775651;0,818177146702214;0,00115803021885311
"labor";0,314325432959191;0,562816429054761;0,48759717971668;0,873068720280563;0,325778673612863;0,674221326387138;0,000117505163353315;0,00037673106940788;0,0011893177640826;0,329501043689149;0,000129125344979417
"formation";-0,965650747564881;1,76342293052223;-0,480301904598544;0,877103232486924;0,317191113784878;0,682808886215124;0,0015122954367055;0,00504323780715473;0,00162179695102173;1,02588380183452;0,00170684005005911
"find";1,53290981065569;-0,316180576820114;0,979383598955;-0,202009321809543;0,973271384165591;0,0267286158344081;0,00431904122491903;0,000183748802215494;0,0018380365444913;0,929690137747084;0,0015886586428599
"explore";-0,715932275925079;-1,15618841204124;-0,526459123066088;-0,850200442096148;0,372644664813951;0,627355335186049;0,000498759997124161;0,00130078330600562;0,000973078170613039;0,701718757139838;0,000479152657270722
"child";0,746598941217606;-0,748967291646878;0,705986135037432;-0,708225654106732;0,606201906435114;0,393798093564887;0,000482136429042923;0,000485200133166275;0,000864958373878257;0,57374289213504;0,00028472778140381
"care";-0,303568096153493;-0,608580623645114;-0,44636384214521;-0,894851563347445;0,278214064157443;0,721785935842558;0,000139490782358265;0,000560621175983118;0,00151367715428695;0,344354041310428;0,00017949139158131
"world";-0,176557712860509;-0,703053625239204;-0,243566801258698;-0,969884123658391;0,0890036420301352;0,910996357969867;1,34815119344941e-05;0,000213767715412255;0,000432479186939129;0,354096311302976;5,42260558669583e-05
"trajectory";-0,445097114898372;0,876767967746943;-0,452667100840089;0,891679592576296;0,285326702692592;0,71467329730741;0,000278456994483849;0,00108048296037111;0,00140555735755217;0,498565437140838;0,00034937587160219
"suggest";0,0810497848085012;0,0911012871871983;0,664688416109987;0,747120679334468;0,550797251003851;0,449202748996149;9,23320132204093e-06;1,1665345318752e-05;0,00140555735755217;0,0653423247257733;6,00119496241639e-06
"set";-0,776526002195697;-2,25022813604294;-0,326210410509485;-0,945297185056231;0,155748961863972;0,84425103813603;0,000586758967323417;0,0049272072632883;0,000973078170613039;1,17728610971656;0,00134868885903167
"segregation";1,33379959050885;0,736509645610373;0,875405452165016;0,48338938167875;0,835543788841637;0,164456211158361;0,0021158216914323;0,000645141208654804;0,0011893177640826;0,873060962080132;0,000906540153377786
"physical";0,826128206947792;0,686959846105352;0,768898444638586;0,639370926639899;0,691396755401711;0,308603244598288;0,000885485325092149;0,000612278728720193;0,00129743756081739;0,594459647604628;0,000458491433837455
"newspaper";-1,0656303959114;-0,0417426140805738;-0,999233668554407;-0,0391417376632812;0,999010487054709;0,000989512945290494;0,000491109586199714;7,53571555964846e-07;0,000432479186939129;0,637911121263715;0,00017598901443699
"importance";-0,850562739070829;-0,933999868412703;-0,673310506367467;-0,739359832568138;0,562312576912941;0,437687423087059;0,00109508029228451;0,00132046497553565;0,00151367715428695;0,678665937569884;0,00069718070790859
"hand";0,497447313349812;-0,472107382065704;0,725339781371563;-0,688391023735677;0,632341593975479;0,367658406024523;0,000374565208544193;0,000337376508034713;0,00151367715428695;0,374291368771528;0,00021205713075101
"female";1,38703162268965;-0,328285016434627;0,973115279792623;-0,230318588555344;0,965101424452081;0,0348985755479186;0,00312010496649541;0,000174782763567115;0,00162179695102173;0,844769998548251;0,00115737325729356
"eugenics";-0,968247621547907;1,7165355137793;-0,491300222598951;0,870990293444319;0,330164362472639;0,669835637527363;0,000709538782185345;0,00223002045523397;0,000756838577143475;1,00823075086647;0,000769348548918727
"element";-0,992218766006614;1,28372858999841;-0,611542690332065;0,791211436912675;0,480646717166447;0,519353282833555;0,00138376851929981;0,00231630102780094;0,00140555735755217;0,856313999091782;0,001030658194997
"demonstrate";-0,424122363497005;1,25547402605522;-0,320049529675729;0,947400811987379;0,150231840715855;0,849768159284148;0,000252831347155121;0,0022154606326404;0,00140555735755217;0,654709701256792;0,000602484842464792
"contribution";-0,870039293943528;-1,28565549398468;-0,560455713315251;-0,828184395779282;0,415017294107627;0,584982705892373;0,00114580573273657;0,00250197217958501;0,00151367715428695;0,808061411046915;0,000988375545066909
"association";0,931037642943689;0,352626106717152;0,935172643083147;0,354192218475901;0,915250031903801;0,0847499680961978;0,00140582402299406;0,000201662619426689;0,00162179695102173;0,582285481271856;0,000549880606065516
"afro";-1,11107569061436;-0,862272407081848;-0,790005626403134;-0,613099592441058;0,720055005317922;0,279944994682076;0,00120125448291358;0,000723496954928372;0,000973078170613039;0,783428571939928;0,000597236776514922
"address";-1,11806727441482;-0,988507759851275;-0,749180008564151;-0,662366450514984;0,664637508345969;0,33536249165403;0,00175705131273932;0,00137343698634668;0,00140555735755217;0,820567118534508;0,00094640449218946
"view";-0,956561688624289;1,92752888912249;-0,444533776851788;0,89576208964093;0,276160290888631;0,723839709111372;0,000989307237694616;0,0040170479169659;0,00108119796734782;1,08910804140136;0,00128246980846049
"source";-0,791802853156378;-1,78322064594632;-0,40582187766331;-0,913952188908055;0,233971738809871;0,76602826119013;0,00067785896666297;0,00343807532936448;0,00108119796734782;0,979431254310531;0,0010371776212783
"socioeconomic";2,3717320537063;-0,377259593936146;0,987584274008912;-0,157090107041435;0,983929890322678;0,0160701096773209;0,00912279100645136;0,000230821928668287;0,00162179695102173;1,43061292229462;0,00331925613596552
"rural";-0,260195134965176;-0,356064692998931;-0,590007739694383;-0,807397589233907;0,452728597572413;0,547271402427587;6,58788598049425e-05;0,000123368860461002;0,000973078170613039;0,231376264515954;5,20937162971357e-05
"review";-0,417995662054836;-1,71953313320926;-0,236207974966732;-0,971702522669421;0,0838642621427712;0,91613573785723;0,000283360969018263;0,00479531981220315;0,00162179695102173;0,863618440451278;0,00120959586553276
"information";1,82598081089775;-0,36187052129068;0,980922737329954;-0,194398002533745;0,975274437422257;0,024725562577743;0,00504691133146669;0,00019821643837265;0,00151367715428695;1,10629611211851;0,00185257597876952
"increase";1,84545736577045;-0,0102148957187054;0,999984681372103;-0,0055350719176622;0,999980223173667;1,9776826331508e-05;0,00515514979395284;1,5794327209605e-07;0,00151367715428695;1,10419787875499;0,001845555343957
"image";-0,929294511802511;2,41984676492325;-0,358503236221123;0,933528483560615;0,185978082291899;0,814021917708104;0,000840338913071294;0,00569801333023956;0,000973078170613039;1,28932109165048;0,00161759540451649
"hiv";1,8063137437387;0,385043653665926;0,978026330292881;0,208481407453613;0,971504025201442;0,028495974798556;0,00458600945298421;0,000208385987454781;0,00140555735755217;1,09650213517553;0,00168992541050692
"effort";-0,570945623306579;-1,39546838210274;-0,37867386294365;-0,925530175371572;0,205923718361667;0,794076281638334;0,000458182048010401;0,00273708682785487;0,00140555735755217;0,752800952287804;0,000796542389334037
"central";-0,630783696894711;1,73180832831942;-0,342239086698892;0,939612903027363;0,170483044687919;0,829516955312083;0,000473215352465105;0,00356695436765071;0,0011893177640826;0,914067907135112;0,000993698943388257
"analyse";0,826128206947792;0,686959846105352;0,768898444638586;0,639370926639899;0,691396755401711;0,308603244598288;0,000885485325092149;0,000612278728720193;0,00129743756081739;0,594459647604628;0,000458491433837455
"american";-1,17166941688498;-1,95631213108355;-0,513812690192516;-0,85790239502937;0,357196279564057;0,642803720435943;0,00133585068679558;0,00372412308228153;0,000973078170613039;1,17297897624199;0,00133883848073861
"variable";1,41884332898172;0,246085838666265;0,985290136422235;0,170889868245762;0,980951652310464;0,0190483476895349;0,00261189282153218;7,85705351827171e-05;0,00129743756081739;0,85713501826435;0,000953201997450572
"teach";-0,518360568580436;-1,30314641452093;-0,36960863923316;-0,929187523487165;0,196862153999527;0,803137846000474;0,000348618461315645;0,00220329624090661;0,00129743756081739;0,69901973761454;0,000633965090593188
"specific";-1,05514302021072;0,147610415073567;-0,99035586754214;0,138546943758623;0,987524312556335;0,0124756874436645;0,00156484466540081;3,06254568381964e-05;0,00140555735755217;0,635295866445161;0,00056728412725592
"space";-0,746550187542955;0,14808527870052;-0,980888917407117;0,194568578418751;0,975230436670166;0,0247695633298331;0,000723110194642129;2,84518323293036e-05;0,00129743756081739;0,452318116693076;0,000265444928561493
"region";0,538471220171231;-1,46790712336934;0,344389166363258;-0,938826981978905;0,172500457777133;0,82749954222287;0,000344844178233283;0,00256268402543226;0,0011893177640826;0,775721748907985;0,000715665104229375
"qualitative";0,438880056524901;-0,733662736177653;0,51336207700524;-0,85817211437617;0,35664920747611;0,643350792523892;0,000249906849192735;0,00069836005248872;0,00129743756081739;0,439707437931503;0,000250849991530699
"post";-0,929294511802511;2,41984676492325;-0,358503236221123;0,933528483560615;0,185978082291899;0,814021917708104;0,000280112971023765;0,00189933777674652;0,000324359390204346;1,28932109165048;0,000539198468172165
"portuguese";0,336146570719382;0,197085558683393;0,862659764681436;0,505784668015718;0,818397481620217;0,181602518379781;9,77355536870155e-05;3,35973337152514e-05;0,000864958373878257;0,222323382035888;4,27528910800089e-05
"notion";-1,13379833796585;-1,27253730358249;-0,665233284653465;-0,746635571741102;0,551524017984272;0,448475982015728;0,000555951420120711;0,000700335685591516;0,000432479186939129;0,913465603202687;0,000360869027239463
"model";0,848850854299274;1,09722474260599;0,61189666248081;0,790937718436063;0,481108370579518;0,518891629420482;0,00109067670232722;0,00182231915893771;0,00151367715428695;0,732231707562957;0,000811578098156329
"male";2,62699622040106;-0,225397279711271;0,996339346345391;-0,0854862967032636;0,995270394933594;0,00472960506640484;0,00820761169445517;6,04220208361607e-05;0,0011893177640826;1,5755329945347;0,00295224850097764
"interpretation";-0,600932615403932;1,66300448465903;-0,339846182992367;0,94048103218806;0,168249065696161;0,831750934303842;0,000390442218895242;0,00299014370850476;0,00108119796734782;0,876572905615994;0,000830770957790103
"intend";-0,680360382025217;0,836684917772571;-0,630901956637018;0,775862565865619;0,506014525449054;0,493985474550947;0,000550523596467131;0,000832571971879018;0,0011893177640826;0,572263599195078;0,000389484473629663
"influence";0,794316500655718;0,11258899100446;0,990103307276059;0,140340446489991;0,987196938481682;0,0128030615183164;0,000682169643435987;1,37055691376391e-05;0,00108119796734782;0,478332932032403;0,000247380683173008
"important";0,083058354215004;0,641637799931364;0,128376305528753;0,991725528651344;0,0253018090429889;0,974698190957013;7,45884982690569e-06;0,000445128193643379;0,00108119796734782;0,312425254337555;0,000105535235752931
"country";-1,09709252301345;-0,609801701542994;-0,874053809325545;-0,48582912469664;0,833727563756136;0,166272436243863;0,00169174570793343;0,000522667909791491;0,00140555735755217;0,718902134018803;0,000726420544692211
"conclusion";1,76436424093596;-0,372368462950635;0,978446435471675;-0,206500781869643;0,972051161732249;0,0279488382677502;0,00437547359401188;0,000194892154676488;0,00140555735755217;1,07073569972016;0,00161143628527603
"compare";1,9556095628897;-0,192005522323871;0,995214723041606;-0,097712102839;0,993815929449663;0,00618407055033681;0,00454843727831357;4,38455321257962e-05;0,0011893177640826;1,17372883221671;0,00163845097711588
"colonial";-1,0072007312933;1,01322426263535;-0,704995537247094;0,709211740217039;0,604866431394539;0,395133568605462;0,000767777402078536;0,000776988198156628;0,000756838577143475;0,774862937227878;0,000454415396305104
"carry";0,588047905301737;-0,572783712822495;0,716342855396985;-0,697748460064008;0,620179359869969;0,379820640130032;0,000411266485914949;0,000390192777426959;0,0011893177640826;0,446778895948247;0,000237401362364804
"call";-0,427469979174509;0,337913171481614;-0,784492681733786;0,620138075194656;0,712570100426964;0,287429899573036;0,000237081522018106;0,000148148311982825;0,00129743756081739;0,302991482363424;0,000119109748147629
"bring";-1,1435366154022;-1,44836511636847;-0,61967448986575;-0,78485892146909;0,491273334838442;0,508726665161558;0,0019793992724313;0,00317533367330336;0,00151367715428695;0,97617364075114;0,00144240563050738
"activity";0,233413084913864;1,12783385354444;0,202662346161569;0,979248678042655;0,0622234605768973;0,937776539423105;7,06865627103558e-05;0,00165035251534337;0,00129743756081739;0,559869379473642;0,000406686632594487
"urban";0,594830087713305;1,28617074579417;0,419763622734906;0,907633461827222;0,24888111150006;0,751118888499941;0,000267786769677059;0,0012519890054446;0,000756838577143475;0,713404027122333;0,000385189441172077
"teacher";-0,882886071651845;-2,3135041003033;-0,356542301162373;-0,93427918069592;0,184081525113267;0,815918474886734;0,00101133677005102;0,00694427664238754;0,00129743756081739;1,23122708605969;0,00196681172552323
"status";0,964656515674966;0,616778528734843;0,842509892674175;0,538680870967358;0,791209806155663;0,208790193844336;0,00130795853736017;0,000534696161272367;0,00140555735755217;0,648881614452231;0,000591806200071763
"racist";-0,978871196933016;1,5247233543764;-0,540246652005745;0,841506717142878;0,389687191763547;0,610312808236454;0,00113959098519146;0,00276490370647521;0,0011893177640826;0,938223013260342;0,00104691173626603
"publish";0,0478354447959691;0,96075150102658;0,0497280124897721;0,99876279705134;0,00382566985860106;0,996174330141402;1,73182056998567e-06;0,000698594888860827;0,000756838577143475;0,462737471800759;0,000162058792805699
"perception";0,314325432959191;0,562816429054761;0,48759717971668;0,873068720280563;0,325778673612863;0,674221326387138;0,000117505163353315;0,00037673106940788;0,0011893177640826;0,329501043689149;0,000129125344979417
"meaning";-1,01109604226784;0,942893137520956;-0,731342580715026;0,682010285577194;0,640465157464464;0,359534842535538;0,00110532512346167;0,000961236316125107;0,00108119796734782;0,755932911346905;0,000617833891726033
"link";-0,153835065509027;-0,292788728738566;-0,465120629813954;-0,885247309920494;0,299552146179458;0,700447853820542;3,07041548883122e-05;0,000111223145866164;0,00129743756081739;0,168173561112122;3,6694578861022e-05
"intersectionality";-1,0656303959114;-0,0417426140805736;-0,999233668554407;-0,0391417376632811;0,999010487054709;0,000989512945290487;0,00122777396549929;1,8839288899121e-06;0,00108119796734782;0,637911121263715;0,000439972536092474
"hierarchy";-0,290491998100484;-0,90308455499978;-0,306214414969267;-0,951962568626009;0,138146427134312;0,861853572865689;8,21137862086395e-05;0,000793605300174328;0,000973078170613039;0,467630622219014;0,000212791176292841
"educational";0,018125530604398;-1,04501688773764;0,0173421166627975;-0,999849614186881;0,000465829661688289;0,999534170338315;4,61774589251008e-07;0,00153495338345111;0,00140555735755217;0,502476501966839;0,000354878825318932
"dimension";0,493221781078917;1,36174914706944;0,340547709238884;0,940227237284769;0,168902765537959;0,831097234462042;0,000263020570148837;0,00200493106232495;0,00108119796734782;0,718062859750954;0,000557481101258209
"construct";-1,0656303959114;-0,0417426140805737;-0,999233668554407;-0,0391417376632812;0,999010487054708;0,000989512945290491;0,000736664379299571;1,13035733394727e-06;0,000648718780408693;0,637911121263714;0,000263983521655485
"change";0,960923747905294;0,0818629663939391;0,996390799903119;0,0848844736593378;0,995336923239965;0,00466307676003376;0,00109818563543863;7,97026683262701e-06;0,0011893177640826;0,576291835018686;0,000394987033214536
"brown";1,63231040541665;0,0484712090065395;0,99955939937241;0,0296817642040726;0,999431120319204;0,000568879680794917;0,00316886256416328;2,79425225733722e-06;0,0011893177640826;0,976933297951316;0,00113508329063752
"addition";-0,505791279943682;-2,08916204519837;-0,235304631367617;-0,9719216688895;0,0832429271154472;0,916757072884554;0,000304257001571819;0,00519089399525051;0,0011893177640826;1,04890526070015;0,00130849007516152
"95percci";2,62699622040106;-0,225397279711271;0,996339346345391;-0,0854862967032635;0,995270394933594;0,00472960506640482;0,00596917214142194;4,3943287880844e-05;0,000864958373878257;1,5755329945347;0,00214708981889283
"structural";-0,327105072648909;-0,0784735472067131;-0,972408662888262;-0,233283930736478;0,964179213132852;0,0358207868671466;0,000115685726621957;6,65812261996349e-06;0,00108119796734782;0,199318217429149;4,2953564492522e-05
"service";0,411420250613583;-0,115204480332853;0,962959880956807;-0,26964470635941;0,95182414045023;0,0481758595497699;0,000183010728311107;1,43497375811035e-05;0,00108119796734782;0,252316646708634;6,88330524449019e-05
"racialized";-0,929294511802511;2,41984676492325;-0,358503236221123;0,933528483560615;0,185978082291899;0,814021917708104;0,000840338913071294;0,00569801333023956;0,000973078170613039;1,28932109165048;0,00161759540451649
"position";-0,0743057997788408;1,14313840901366;-0,0648646885437902;0,997894068616563;0,00650292934884323;0,993497070651159;4,77573954440322e-06;0,00113029769459383;0,000864958373878257;0,551323865785127;0,000262911021718462
"past";-0,600932615403932;1,66300448465903;-0,339846182992367;0,94048103218806;0,168249065696161;0,831750934303842;0,000390442218895242;0,00299014370850476;0,00108119796734782;0,876572905615994;0,000830770957790103
"methodology";-0,829090437416734;-1,84868531386796;-0,409207727233087;-0,912441250696576;0,237562018106543;0,762437981893459;0,000817526271767173;0,0040646568587763;0,0011893177640826;1,01777551951753;0,00123197503399512
"material";-0,00897372451386095;0,803293160385172;-0,0111704730858191;0,999937608319159;0,000193289395465917;0,999806710604537;9,57730617534174e-08;0,000767442849685109;0,0011893177640826;0,386195595605882;0,000177383221831463
"market";0,256135732265346;1,53809875004508;0,164265415140227;0,986416176564846;0,0411906652553851;0,958809334744617;6,38392929060379e-05;0,00230205750719127;0,000973078170613039;0,755108507755792;0,000554838331318695
"mark";-1,0461538410387;0,309913011491401;-0,958812714779214;0,28403904305168;0,94638787435051;0,0536121256494897;0,000828312792068355;7,2691374509859e-05;0,000756838577143475;0,643427424706745;0,000313330301227514
"intersection";-0,600932615403932;1,66300448465903;-0,339846182992367;0,94048103218806;0,168249065696161;0,831750934303842;0,000390442218895242;0,00299014370850476;0,00108119796734782;0,876572905615994;0,000830770957790103
"framework";-1,15238959488979;-1,60820858253755;-0,58246554820615;-0,812855390062038;0,443034105836218;0,556965894163782;0,00157941610579659;0,00307597397496182;0,0011893177640826;1,03590360762395;0,00127625247347513
"describe";-0,272570719005353;0,906162204394816;-0,288047861709882;0,957616013527533;0,122934354362934;0,877065645637069;8,03273833485728e-05;0,000887804022784812;0,00108119796734782;0,46513729716691;0,000233920105109459
"decolonial";-1,13379833796585;-1,27253730358249;-0,665233284653465;-0,746635571741102;0,551524017984272;0,448475982015728;0,00111190284024142;0,00140067137118303;0,000864958373878257;0,913465603202687;0,000721738054478927
"deal";-0,357061224552165;0,596208186442161;-0,513793367411233;0,857913967484051;0,357172815657247;0,642827184342755;0,000151629354402164;0,000422759889435307;0,0011893177640826;0,357472048347707;0,000151978475386415
"contemporary";-0,754725409720975;-0,506000198047696;-0,83059987560902;-0,55686968550845;0,775101180700937;0,224898819299061;0,000677447819749534;0,000304508401412842;0,0011893177640826;0,51291850779575;0,00031289213450466
"conception";-0,290491998100484;-0,90308455499978;-0,306214414969267;-0,951962568626009;0,138146427134312;0,861853572865689;8,21137862086395e-05;0,000793605300174328;0,000973078170613039;0,467630622219014;0,000212791176292841
"common";0,563259562736484;-1,02034541809592;0,483281482820487;-0,875465024065971;0,320689976577829;0,679310023422173;0,000377324541588825;0,00123820439988352;0,0011893177640826;0,595119907550306;0,000421217942262897
"center";-1,08835304326288;-0,452007510581211;-0,923520041464565;-0,38355017013852;0,899813425867642;0,100186574132356;0,00153683080996377;0,000265080492535613;0,00129743756081739;0,686486749664062;0,000611435689217423
"census";1,17721275069785;0,340382462341773;0,96064914667881;0,277764679153549;0,94879614097834;0,051203859021659;0,00149835642816045;0,00012526783508471;0,00108119796734782;0,723114549851923;0,000565352635103848
"book";-0,983828865446067;1,43521101332172;-0,565404892437713;0,82481349868167;0,421279947832582;0,578720052167421;0,00104651231104432;0,0022270847148448;0,00108119796734782;0,906927903532568;0,000889305029955648
"argue";-1,11107569061436;-0,862272407081848;-0,790005626403134;-0,613099592441058;0,720055005317923;0,279944994682077;0,00160167264388477;0,000964662606571163;0,00129743756081739;0,783428571939928;0,000796315702019897
"affirmative";-1,15238959488979;-1,60820858253755;-0,58246554820615;-0,812855390062038;0,443034105836218;0,556965894163782;0,00157941610579659;0,00307597397496182;0,0011893177640826;1,03590360762395;0,00127625247347513
"adolescent";1,86120372031679;-0,680984222385896;0,939113729311314;-0,343606465915582;0,92045815290918;0,0795418470908203;0,00374535548548065;0,000501394216821844;0,00108119796734782;1,16072806439807;0,00145668681963596
"train";-0,819070029978156;-2,27553852174708;-0,338674137461956;-0,940903729727117;0,167159215481013;0,832840784518988;0,00072534945832892;0,00559852477452147;0,00108119796734782;1,19865574334859;0,0015534388485918
"speech";-1,02018510120844;0,778787178920701;-0,79486674308488;0,606784031379893;0,726654034171954;0,273345965828047;0,000337586000884745;0,000196727041858989;0,000324359390204346;0,716067115620074;0,00016631596304653
"sexuality";-0,573665438582153;2,1553223604598;-0,2572075330509;0,966356189477705;0,0988926649806509;0,901107335019352;0,000355813639770412;0,00502261269055897;0,00108119796734782;1,09147864516089;0,0012880588526784
"sex";1,0105004330358;0,976986376940784;0,718928186022245;0,695084356997598;0,623672502965244;0,376327497034755;0,00121442560026175;0,0011352066372588;0,0011893177640826;0,765590971116126;0,000697094268093833
"sense";-0,776526002195697;-2,25022813604294;-0,326210410509485;-0,945297185056231;0,155748961863972;0,84425103813603;0,000586758967323417;0,0049272072632883;0,000973078170613039;1,17728610971656;0,00134868885903167
"risk";2,2713671471807;0,0391271247521811;0,999851661271459;0,0172236887078351;0,999808484752821;0,000191515247178319;0,00557801785846232;1,65524044910017e-06;0,00108119796734782;1,35915043480713;0,00199728608977879
"reference";-0,244725654914954;-1,93384831474112;-0,125547229599613;-0,992087643880248;0,0242083906260642;0,975791609373938;5,18029159247947e-05;0,00323474477623704;0,000864958373878257;0,9410986223307;0,000766064756797701
"play";-0,0690238844402228;-1,14918225240527;-0,0599554284257528;-0,998201055199945;0,00555770145339008;0,994442298546612;3,60580347740519e-06;0,000999496047648689;0,000756838577143475;0,553975281613362;0,000232265140930936
"place";-0,427469979174509;0,337913171481614;-0,784492681733786;0,620138075194656;0,712570100426964;0,287429899573036;0,000118540761009053;7,40741559914127e-05;0,000648718780408693;0,302991482363424;5,95548740738145e-05
"organization";-1,08077882747906;-0,315252545080998;-0,959993938368092;-0,28002078190113;0,947937093327349;0,0520629066726493;0,00113663594608531;9,67085635874604e-05;0,000973078170613039;0,664179805779417;0,000429258658195119
"object";-1,02018510120844;0,778787178920701;-0,79486674308488;0,606784031379893;0,726654034171954;0,273345965828047;0,00101275800265424;0,000590181125576967;0,000973078170613039;0,716067115620074;0,00049894788913959
"mobilize";-0,997462453856955;1,18905207542134;-0,64268525002188;0,766130321423395;0,521565298533734;0,478434701466267;0,000860574199895633;0,00122291693204782;0,000864958373878257;0,826381926439206;0,00059068620464515
"methodological";-1,20196628002029;-2,5033319930844;-0,432838454199657;-0,901471504023312;0,263158052360047;0,736841947639954;0,00156203150427702;0,00677551202032641;0,00108119796734782;1,40191779971328;0,00212495785182499
"medical";-0,176557712860509;-0,703053625239204;-0,243566801258698;-0,969884123658391;0,0890036420301352;0,910996357969867;1,34815119344941e-05;0,000213767715412255;0,000432479186939129;0,354096311302976;5,42260558669583e-05
"human";-0,357061224552165;0,596208186442161;-0,513793367411233;0,857913967484051;0,357172815657247;0,642827184342755;0,000151629354402164;0,000422759889435307;0,0011893177640826;0,357472048347707;0,000151978475386415
"development";0,0743545534534919;-1,74402042196002;0,042595298169604;-0,999092408425688;0,00280792483952209;0,99719207516048;3,58650640237962e-06;0,00197314773416387;0,000648718780408693;0,839563265135127;0,000457260120768314
"characteristic";1,41126911319789;0,109330873166053;0,997012647444112;0,0772384673364405;0,996140846481248;0,00385915351875135;0,00193806082698641;1,16314367440008e-05;0,000973078170613039;0,84603447405084;0,000696504376856128
"build";-0,625041686519152;0,48487117396131;-0,790131047500602;0,612937947736638;0,72022527840384;0,279774721596161;0,000380159367388945;0,000228770731759927;0,000973078170613039;0,440669913777658;0,000188962023589499
"apply";0,911347062774788;-0,813260444152906;0,746117528992073;-0,665814263087509;0,660484462061663;0,339515537938337;0,000987791994497845;0,000786605908775175;0,0011893177640826;0,670951445811679;0,00053540212660878
"anti";-0,997462453856955;1,18905207542134;-0,64268525002188;0,766130321423395;0,521565298533734;0,478434701466267;0,000860574199895633;0,00122291693204782;0,000864958373878257;0,826381926439206;0,00059068620464515
"wage";1,70383956632294;-0,179483613303596;0,994497423931566;-0,10476103184619;0,992887901293018;0,00711209870698107;0,00251103407310417;2,78640868803243e-05;0,000864958373878257;1,02309788603166;0,000905377259727493
"transformation";-0,499159198121367;0,635332256258991;-0,617798263671051;0,786336636183915;0,488817632968508;0,511182367031494;0,000188573828033751;0,000305495678549246;0,000756838577143475;0,427173441892973;0,000138105746157511
"tax";1,91573807396034;0,303651529215633;0,987670137962311;0,156549348697174;0,984041305555699;0,0159586944443;0,00198402658018234;4,98455244864269e-05;0,000540598983673911;1,15549498220034;0,000721790817326291
"sport";2,11895468722912;0,152494726665089;0,997420394343284;0,0717813133627988;0,996667868617922;0,00333213138207662;0,00339818172404712;1,76000099064355e-05;0,000756838577143475;1,2699453682979;0,0012205999209892
"specifically";-1,08077882747906;-0,315252545080998;-0,959993938368092;-0,28002078190113;0,947937093327349;0,0520629066726493;0,00113663594608531;9,67085635874604e-05;0,000973078170613039;0,664179805779417;0,000429258658195119
"sociological";-1,09289757273318;-0,534060489881338;-0,898463816400456;-0,439047572159474;0,866442822554099;0,133557177445899;0,00129140999511955;0,000308379940374413;0,00108119796734782;0,702502872987023;0,00053358231868853
"situation";-0,0260103530721084;-1,32763370327169;-0,0195877542891822;-0,999808141536118;0,000594254462949981;0,999405745537052;7,31472015283533e-07;0,00190573170079242;0,00108119796734782;0,638408438593097;0,000440658811187022
"racialization";-0,92929451180251;2,41984676492325;-0,358503236221123;0,933528483560615;0,185978082291899;0,814021917708104;0,000466854951706274;0,0031655629612442;0,000540598983673911;1,28932109165048;0,000898664113620275
"questionnaire";1,66975559529572;-0,794880958054552;0,902911047041847;-0,42982745506749;0,872382389486996;0,127617610513004;0,00241157638492496;0,0005465116120469;0,000864958373878257;1,06964104577658;0,000989626525514118
"pattern";1,83670939102249;0,362434730207511;0,981081506251374;0,193595139638202;0,97548099287092;0,0245190071290787;0,00328268055829082;0,000127822510860128;0,000973078170613039;1,11267835100274;0,00120472245811565
"participation";-0,616018527357558;-1,47460149717286;-0,385468962824979;-0,922720802138239;0,212817867926532;0,787182132073469;0,000287204214762074;0,00164570732276474;0,000756838577143475;0,798966054080376;0,000483125450211847
"mental";2,62699622040106;-0,225397279711271;0,996339346345391;-0,0854862967032637;0,995270394933594;0,00472960506640484;0,00373073258838871;2,74645549255276e-05;0,000540598983673911;1,5755329945347;0,00134193113680802
"memory";-1,02018510120844;0,778787178920701;-0,79486674308488;0,606784031379893;0,726654034171954;0,273345965828047;0,00067517200176949;0,000393454083717978;0,000648718780408693;0,716067115620074;0,00033263192609306
"magazine";-0,92929451180251;2,41984676492325;-0,358503236221123;0,933528483560615;0,185978082291899;0,814021917708104;0,000373483961365019;0,00253245036899536;0,000432479186939129;1,28932109165048;0,00071893129089622
"long";0,30206259969216;-0,418311786067563;0,585424996316577;-0,810726571470145;0,446832650791405;0,553167349208596;7,89203711819967e-05;0,000151354525127503;0,000864958373878257;0,270372865100297;6,32297426165365e-05
"local";0,165245142859419;-0,102960835957473;0,848730129665815;-0,52882621625393;0,799612127795541;0,20038787220446;1,77138872777358e-05;6,87702480769485e-06;0,000648718780408693;0,110567531599063;7,93070323964304e-06
"literary";-1,13379833796585;-1,27253730358249;-0,665233284653465;-0,746635571741102;0,551524017984272;0,448475982015728;0,00111190284024142;0,00140067137118303;0,000864958373878257;0,913465603202687;0,000721738054478927
"line";-0,320788861235794;-1,45010441700063;-0,215995766843938;-0,976394299812068;0,0704690650610332;0,929530934938969;0,000100135089354159;0,00204619152144477;0,000973078170613039;0,723033837658644;0,000508703792149905
"legal";-1,17469910319851;-2,01101411728363;-0,504385929635475;-0,863478334404377;0,345801687453119;0,654198312546881;0,00149196451838619;0,00437255679523631;0,00108119796734782;1,19523053745611;0,00154457350812804
"international";-1,11107569061436;-0,862272407081848;-0,790005626403134;-0,613099592441058;0,720055005317922;0,279944994682076;0,00120125448291358;0,000723496954928372;0,000973078170613039;0,783428571939928;0,000597236776514922
"institution";0,590685420684013;0,150143021083986;0,969180769726576;0,246350635461332;0,959963344229449;0,0400366557705499;0,000339515990472251;2,19360299515661e-05;0,000973078170613039;0,360717759009716;0,000126614305869275
"informal";1,01612569850861;0,403246878125444;0,929483687930676;0,368863218376122;0,907720612740431;0,0922793872595679;0,00100471433847188;0,000158230338681074;0,000973078170613039;0,638131133580396;0,000396248469326567
"hypothesis";-1,09289757273318;-0,534060489881338;-0,898463816400456;-0,439047572159474;0,866442822554099;0,133557177445899;0,00129140999511955;0,000308379940374413;0,00108119796734782;0,702502872987023;0,00053358231868853
"global";-1,20196628002029;-2,5033319930844;-0,432838454199657;-0,901471504023312;0,263158052360047;0,736841947639954;0,000468609451283107;0,00203265360609792;0,000324359390204346;1,40191779971328;0,000637487355547497
"football";0,848850854299274;1,09722474260599;0,61189666248081;0,790937718436063;0,481108370579518;0,518891629420482;0,000311621914950636;0,000520662616839347;0,000432479186939129;0,732231707562957;0,000231879456616094
"figure";-0,963378482829733;1,80444942017229;-0,470970880088575;0,882148757358187;0,306311648646029;0,693688351353973;0,000802766224395561;0,00281633708289339;0,000864958373878257;1,0414868316237;0,00093821586804678
"ethnicity";0,30206259969216;-0,418311786067563;0,585424996316577;-0,810726571470145;0,446832650791405;0,553167349208596;7,89203711819967e-05;0,000151354525127503;0,000864958373878257;0,270372865100297;6,32297426165365e-05
"demographic";0,465954604257139;0,869431271268677;0,472369377460794;0,881400687109615;0,307934601079912;0,692065398920089;0,000234742883801954;0,000817289150675605;0,00108119796734782;0,502403850715757;0,000272904778045216
"current";-1,0656303959114;-0,0417426140805739;-0,999233668554407;-0,0391417376632814;0,999010487054709;0,000989512945290501;0,000982219172399428;1,5071431119297e-06;0,000864958373878257;0,637911121263714;0,000351978028873979
"community";0,51692386822251;-0,120451756493729;0,973909461368382;-0,226936909860753;0,96613762262521;0,0338623773747898;0,000202235052304775;1,098068758752e-05;0,000756838577143475;0,314663005027637;7,49367117668026e-05
"challenge";-1,1240600605295;-1,0967094907965;-0,715761091062604;-0,698345230184091;0,619393522081668;0,380606477918332;0,000956273882337878;0,000910304027508032;0,000756838577143475;0,85456437689122;0,000552704283680436
"type";0,848850854299274;1,09722474260599;0,61189666248081;0,790937718436063;0,481108370579518;0,518891629420482;0,000623243829901271;0,00104132523367869;0,000864958373878257;0,732231707562957;0,000463758913232188
"support";1,35067538692727;-0,984708850835646;0,808052703134544;-0,589110201029448;0,74454692598502;0,255453074014981;0,00059173662045123;0,000314515576034401;0,000324359390204346;0,936577124108066;0,000284520502563261
"story";-1,09289757273318;-0,534060489881338;-0,898463816400456;-0,439047572159474;0,866442822554099;0,133557177445899;0,000645704997559776;0,000154189970187207;0,000540598983673911;0,702502872987023;0,000266791159344265
"socio";1,61091315405718;0,53038673304145;0,949841555598516;0,312731545032143;0,934600784735761;0,0653992152642372;0,00196402728180357;0,000212906325668145;0,000756838577143475;0,997005730759387;0,000752313005748666
"silence";-1,0656303959114;-0,0417426140805737;-0,999233668554407;-0,0391417376632812;0,999010487054708;0,000989512945290491;0,000736664379299571;1,13035733394727e-06;0,000648718780408693;0,637911121263714;0,000263983521655485
"significant";0,0743545534534919;-1,74402042196002;0,0425952981696041;-0,999092408425688;0,0028079248395221;0,99719207516048;5,37975960356944e-06;0,00295972160124581;0,000973078170613039;0,839563265135127;0,000685890181152471
"reproduction";-1,03154642488418;0,573654730670382;-0,87395096811214;0,486014099935231;0,833589353268876;0,166410646731125;0,000920391849230256;0,000284640285454002;0,000864958373878257;0,676007160519884;0,00039527359158755
"represent";-0,974739806505474;1,59931697192198;-0,520430918934073;0,853903775970944;0,365258247966478;0,634741752033524;0,000616359189352143;0,00165930248243767;0,000648718780408693;0,96499993453544;0,000604103064322675
"remain";0,590685420684013;0,150143021083986;0,969180769726576;0,246350635461332;0,959963344229449;0,0400366557705499;0,000339515990472251;2,19360299515661e-05;0,000973078170613039;0,360717759009716;0,000126614305869275
"religious";-1,15652098531733;-1,68280220008312;-0,566393955119012;-0,82413462953855;0,422534170631195;0,577465829368805;0,000867687829697932;0,00183705692157288;0,000648718780408693;1,06453806891636;0,000735154914156452
"purpose";-0,625041686519152;0,48487117396131;-0,790131047500602;0,612937947736638;0,72022527840384;0,279774721596161;0,000380159367388945;0,000228770731759927;0,000973078170613039;0,440669913777658;0,000188962023589499
"proposal";-0,260195134965176;-0,356064692998931;-0,590007739694383;-0,807397589233907;0,452728597572413;0,547271402427587;6,58788598049425e-05;0,000123368860461002;0,000973078170613039;0,231376264515954;5,20937162971357e-05
"problem";-0,6892619964404;-1,6031928091618;-0,394974111171292;-0,918692250704472;0,222604456433903;0,777395543566098;0,000410926240447189;0,00222313952500647;0,000864958373878257;0,874089702488286;0,000660856575193911
"possibility";-1,03154642488418;0,573654730670382;-0,87395096811214;0,486014099935231;0,833589353268876;0,166410646731125;0,000920391849230256;0,000284640285454002;0,000864958373878257;0,676007160519884;0,00039527359158755
"patient";1,98883580366417;-0,605053065273458;0,956706673922111;-0,291053843941103;0,943624105554622;0,056375894445378;0,00256598628215147;0,000237488946997605;0,000648718780408693;1,22500543013354;0,00097349225031246
"open";-0,260195134965176;-0,356064692998931;-0,590007739694383;-0,807397589233907;0,452728597572413;0,547271402427587;6,58788598049425e-05;0,000123368860461002;0,000973078170613039;0,231376264515954;5,20937162971357e-05
"occur";2,62699622040106;-0,225397279711271;0,996339346345391;-0,0854862967032635;0,995270394933594;0,00472960506640482;0,00596917214142194;4,3943287880844e-05;0,000864958373878257;1,5755329945347;0,00214708981889283
"network";0,165245142859419;-0,102960835957473;0,848730129665815;-0,52882621625393;0,799612127795541;0,20038787220446;8,8569436388679e-06;3,43851240384743e-06;0,000324359390204346;0,110567531599063;3,96535161982152e-06
"nation";-0,92929451180251;2,41984676492325;-0,358503236221123;0,933528483560615;0,185978082291899;0,814021917708104;0,000560225942047529;0,00379867555349304;0,000648718780408693;1,28932109165048;0,00107839693634433
"medium";-1,09971436693862;-0,65713995883153;-0,858417443514814;-0,512951744971679;0,812681148090041;0,187318851909957;0,00104605616940315;0,000373517505021606;0,000864958373878257;0,729891663891768;0,000460799516504438
"measure";0,955531972237989;-0,690792845876255;0,810402816078134;-0,585873088384021;0,747734446986855;0,252265553013146;0,000888460606521916;0,000464347800110751;0,000973078170613039;0,661165412834688;0,000425371102622961
"map";-1,14743192637673;-1,51869624148287;-0,602823906594118;-0,797874261797313;0,469302987419614;0,530697012580386;0,000711752635781503;0,00124685818677381;0,000540598983673911;1,0021641612395;0,000542941402353156
"journal";-0,108389770806063;0,527741064262708;-0,201184941264103;0,97955327543149;0,0613392060546627;0,93866079394534;5,08091357569077e-06;0,000120450051209487;0,000432479186939129;0,261853160607183;2,96538340231252e-05
"investigation";-0,655178025413177;-0,987795464410844;-0,55274070809595;-0,833353292195805;0,405300320746966;0,594699679253033;0,000371290513555463;0,000843974379509686;0,000864958373878257;0,615757126115762;0,000327954882354713
"intersectional";-1,05048196434375;0,231767316919851;-0,976515295172841;0,215448087235647;0,969535350825515;0,0304646491744849;0,00107380378599886;5,22699538036588e-05;0,000973078170613039;0,638330173174815;0,000396495695736675
"general";-0,621094054385955;-0,372398119659889;-0,857650251782845;-0,514233454392869;0,811646926729075;0,188353073270924;0,000333664460498288;0,000119952738264652;0,000864958373878257;0,412489022348009;0,000147170239859545
"face";-1,02018510120844;0,778787178920701;-0,79486674308488;0,606784031379893;0,726654034171954;0,273345965828047;0,00101275800265424;0,000590181125576967;0,000973078170613039;0,716067115620074;0,00049894788913959
"explain";-0,176557712860509;-0,703053625239204;-0,243566801258698;-0,969884123658391;0,0890036420301352;0,910996357969866;2,69630238689881e-05;0,00042753543082451;0,000864958373878257;0,354096311302976;0,000108452111733917
"empirical";-0,260195134965176;-0,356064692998931;-0,590007739694383;-0,807397589233907;0,452728597572413;0,547271402427587;6,58788598049425e-05;0,000123368860461002;0,000973078170613039;0,231376264515954;5,20937162971357e-05
"draw";-0,723345967467623;-2,21859015391276;-0,309979020288811;-0,950743397021925;0,14139275832922;0,858607241670781;0,000452571641173464;0,004257448174755;0,000864958373878257;1,15098874992711;0,00114587531837714
"decision";-0,0743057997788408;1,14313840901366;-0,0648646885437902;0,997894068616563;0,00650292934884323;0,993497070651159;4,77573954440322e-06;0,00113029769459383;0,000864958373878257;0,551323865785127;0,000262911021718462
"database";1,57196004431178;-0,1729245181025;0,994003743356775;-0,109346047906265;0,992249027943031;0,00775097205696729;0,00187019230904843;2,26316599337088e-05;0,000756838577143475;0,944212530297985;0,000674749823397347
"daily";-1,11107569061436;-0,862272407081848;-0,790005626403134;-0,613099592441058;0,720055005317923;0,279944994682077;0,000400418160971193;0,000241165651642791;0,000324359390204346;0,783428571939928;0,000199078925504974
"criminal";0,233894657637715;-1,64910647556947;0,140425768710791;-0,990091209678171;0,0302211220109266;0,969778877989076;4,73190276756093e-05;0,00235229942070725;0,000864958373878257;0,805014323248259;0,00056053459672168
"cohort";2,62699622040106;-0,225397279711271;0,996339346345391;-0,0854862967032635;0,995270394933594;0,00472960506640483;0,0052230256237442;3,84503768957385e-05;0,000756838577143475;1,5755329945347;0,00187870359153122
"chance";2,62699622040106;-0,225397279711271;0,996339346345391;-0,0854862967032636;0,995270394933594;0,00472960506640483;0,00447687910606646;3,2957465910633e-05;0,000648718780408693;1,5755329945347;0,00161031736416962
"brazilians";-0,538112307866764;-0,0679789948849588;-0,992114792672447;-0,125332510389395;0,989803341146758;0,0101966588532408;0,00021915385351323;3,4974598571721e-06;0,000756838577143475;0,323621275492459;7,92642566395893e-05
"articulate";-0,92929451180251;2,41984676492325;-0,358503236221123;0,933528483560615;0,185978082291899;0,814021917708104;0,000746967922730038;0,00506490073799072;0,000864958373878257;1,28932109165048;0,00143786258179244
"argument";-0,92929451180251;2,41984676492325;-0,358503236221123;0,933528483560615;0,185978082291899;0,814021917708104;0,000560225942047529;0,00379867555349304;0,000648718780408693;1,28932109165048;0,00107839693634433
"affect";1,29338719582472;0,766569237026674;0,860257236994669;0,509860261442581;0,815160726215746;0,184839273784254;0,00144694599487368;0,000508274101118527;0,000864958373878257;0,857127700867662;0,00063545714831414
"1930s";-1,0656303959114;-0,0417426140805738;-0,999233668554407;-0,0391417376632812;0,999010487054709;0,000989512945290494;0,000491109586199714;7,53571555964846e-07;0,000432479186939129;0,637911121263715;0,00017598901443699
"writer";-1,13379833796585;-1,27253730358249;-0,665233284653465;-0,746635571741102;0,551524017984272;0,448475982015728;0,000555951420120711;0,000700335685591516;0,000432479186939129;0,913465603202687;0,000360869027239463
"write";-1,13379833796585;-1,27253730358249;-0,665233284653465;-0,746635571741102;0,551524017984272;0,448475982015728;0,00111190284024142;0,00140067137118303;0,000864958373878257;0,913465603202687;0,000721738054478927
"vulnerability";1,73792353735017;0,435913731447359;0,96995404640797;0,243288199172926;0,960973765666567;0,039026234333432;0,00261250143511793;0,000164360065965497;0,000864958373878257;1,06075111445799;0,000973245044284896
"unite";-1,0656303959114;-0,0417426140805737;-0,999233668554407;-0,0391417376632812;0,999010487054708;0,000989512945290491;0,000736664379299571;1,13035733394727e-06;0,000648718780408693;0,637911121263714;0,000263983521655485
"tradition";-1,1240600605295;-1,0967094907965;-0,715761091062604;-0,698345230184091;0,619393522081668;0,380606477918332;0,000956273882337878;0,000910304027508032;0,000756838577143475;0,85456437689122;0,000552704283680436
"topic";-1,09971436693862;-0,65713995883153;-0,858417443514814;-0,512951744971679;0,812681148090041;0,187318851909957;0,00104605616940315;0,000373517505021606;0,000864958373878257;0,729891663891768;0,000460799516504438
"territory";-0,983828865446066;1,43521101332172;-0,565404892437713;0,824813498681671;0,421279947832581;0,57872005216742;0,000523256155522161;0,0011135423574224;0,000540598983673911;0,906927903532568;0,000444652514977824
"start";-1,15652098531733;-1,68280220008312;-0,566393955119012;-0,82413462953855;0,422534170631195;0,577465829368805;0,000867687829697932;0,00183705692157288;0,000648718780408693;1,06453806891636;0,000735154914156452
"south";0,165245142859419;-0,102960835957473;0,848730129665815;-0,52882621625393;0,799612127795541;0,20038787220446;8,8569436388679e-06;3,43851240384743e-06;0,000324359390204346;0,110567531599063;3,96535161982152e-06
"sociology";-1,0072007312933;1,01322426263535;-0,704995537247094;0,709211740217039;0,604866431394539;0,395133568605462;0,000767777402078536;0,000776988198156628;0,000756838577143475;0,774862937227878;0,000454415396305104
"sexual";2,11895468722912;0,152494726665089;0,997420394343284;0,0717813133627988;0,996667868617922;0,00333213138207662;0,00339818172404712;1,76000099064355e-05;0,000756838577143475;1,2699453682979;0,0012205999209892
"regression";2,62699622040106;-0,225397279711271;0,996339346345391;-0,0854862967032635;0,995270394933594;0,00472960506640482;0,00596917214142194;4,3943287880844e-05;0,000864958373878257;1,5755329945347;0,00214708981889283
"read";-1,15652098531733;-1,68280220008312;-0,566393955119012;-0,82413462953855;0,422534170631195;0,577465829368805;0,000867687829697932;0,00183705692157288;0,000648718780408693;1,06453806891636;0,000735154914156452
"private";0,780682912244828;-0,133569946895922;0,985677167579414;-0,168643177486145;0,981454284977068;0,018545715022931;0,000527162555494489;1,54316624186654e-05;0,000864958373878257;0,471496239512947;0,000192287775002573
"poverty";0,848850854299274;1,09722474260599;0,61189666248081;0,790937718436063;0,481108370579518;0,518891629420482;0,000311621914950636;0,000520662616839347;0,000432479186939129;0,732231707562957;0,000231879456616094
"phenomenon";0,30206259969216;-0,418311786067563;0,585424996316577;-0,810726571470145;0,446832650791405;0,553167349208596;7,89203711819967e-05;0,000151354525127503;0,000864958373878257;0,270372865100297;6,32297426165365e-05
"participate";-0,92929451180251;2,41984676492325;-0,358503236221123;0,933528483560615;0,185978082291899;0,814021917708104;0,000466854951706274;0,0031655629612442;0,000540598983673911;1,28932109165048;0,000898664113620275
"participant";0,780682912244829;-0,133569946895922;0,985677167579414;-0,168643177486145;0,981454284977069;0,018545715022931;0,000263581277747245;7,71583120933269e-06;0,000432479186939129;0,471496239512947;9,61438875012866e-05
"origin";0,848850854299274;1,09722474260599;0,61189666248081;0,790937718436063;0,481108370579518;0,518891629420482;0,000467432872425953;0,00078099392525902;0,000648718780408693;0,732231707562957;0,000347819184924141
"occupation";0,555876977967907;0,58285949465022;0,690158068439929;0,723658649203661;0,584897422631627;0,415102577368372;0,000233862525942603;0,000257117129800775;0,000756838577143475;0,434888007289637;0,000143139047701423
"modernity";-0,92929451180251;2,41984676492325;-0,358503236221123;0,933528483560615;0,185978082291899;0,814021917708104;0,000466854951706274;0,0031655629612442;0,000540598983673911;1,28932109165048;0,000898664113620275
"modern";-0,974739806505474;1,59931697192198;-0,520430918934073;0,853903775970944;0,365258247966478;0,634741752033524;0,000616359189352143;0,00165930248243767;0,000648718780408693;0,96499993453544;0,000604103064322675
"light";-0,974739806505474;1,59931697192198;-0,520430918934073;0,853903775970944;0,365258247966478;0,634741752033524;0,000616359189352143;0,00165930248243767;0,000648718780408693;0,96499993453544;0,000604103064322675
"lead";-1,0656303959114;-0,0417426140805737;-0,999233668554407;-0,0391417376632812;0,999010487054708;0,000989512945290491;0,000736664379299571;1,13035733394727e-06;0,000648718780408693;0,637911121263714;0,000263983521655485
"involve";0,0867885545413664;1,66406275217053;0,0520838278127171;0,998642716330708;0,00419617848711416;0,995803821512888;5,70069979410294e-06;0,00209576536945935;0,000756838577143475;0,801630211479026;0,000486352791836021
"institutional";0,267978628664937;-1,03370913081852;0,250944579006377;-0,968001455715492;0,0942942860202281;0,905705713979774;6,2114862511528e-05;0,000924255220791504;0,000864958373878257;0,522150946560669;0,000235823644497094
"ideology";-1,13379833796585;-1,27253730358249;-0,665233284653465;-0,746635571741102;0,551524017984272;0,448475982015728;0,000555951420120711;0,000700335685591516;0,000432479186939129;0,913465603202687;0,000360869027239463
"fundamental";-1,16788230899307;-1,88793464833344;-0,526081314281725;-0,850434271865623;0,372180545438565;0,627819454561435;0,00117975918491424;0,00308296874159621;0,000864958373878257;1,14540966482704;0,00113479364279744
"favela";-0,92929451180251;2,41984676492325;-0,358503236221123;0,933528483560615;0,185978082291899;0,814021917708104;0,000560225942047529;0,00379867555349304;0,000648718780408693;1,28932109165048;0,00107839693634433
"exclusion";-0,0300707746948255;-0,445871001261319;-0,0672899070920805;-0,997733465612705;0,00699706588396109;0,993002934116041;6,84372411636793e-07;0,000150460227955498;0,000756838577143475;0,215092482783352;3,50149673531566e-05
"event";-0,92929451180251;2,41984676492325;-0,358503236221123;0,933528483560615;0,185978082291899;0,814021917708104;0,000560225942047529;0,00379867555349304;0,000648718780408693;1,28932109165048;0,00107839693634433
"essay";-1,20196628002029;-2,5033319930844;-0,432838454199657;-0,901471504023312;0,263158052360047;0,736841947639954;0,000468609451283107;0,00203265360609792;0,000324359390204346;1,40191779971328;0,000637487355547497
"equity";1,53300693456639;-0,87623576924645;0,868186585588043;-0,496237899202565;0,825837826788563;0,174162173211438;0,00177865410638992;0,000581092427629843;0,000756838577143475;1,00933499516021;0,000771034698582063
"equality";-0,382024684471546;1,15844296448289;-0,313184127462392;0,949692425107003;0,144181591649128;0,855818408350874;9,46758738537685e-05;0,000870574182263965;0,000648718780408693;0,601970370533692;0,000235075139150484
"enable";-0,577065417612161;-0,771290246028908;-0,599067924051507;-0,800698209297747;0,464432891492466;0,535567108507534;0,000252030649089338;0,000450234674595668;0,000756838577143475;0,506643134092159;0,000194270824657701
"employ";0,780682912244828;-0,133569946895922;0,985677167579414;-0,168643177486145;0,981454284977068;0,018545715022931;0,000527162555494489;1,54316624186654e-05;0,000864958373878257;0,471496239512947;0,000192287775002573
"domination";-1,0656303959114;-0,0417426140805738;-0,999233668554407;-0,0391417376632812;0,999010487054709;0,000989512945290494;0,000491109586199714;7,53571555964846e-07;0,000432479186939129;0,637911121263715;0,00017598901443699
"district";2,62699622040106;-0,225397279711271;0,996339346345391;-0,0854862967032635;0,995270394933594;0,00472960506640483;0,0052230256237442;3,84503768957385e-05;0,000756838577143475;1,5755329945347;0,00187870359153122
"disparity";0,780682912244828;-0,133569946895922;0,985677167579414;-0,168643177486145;0,981454284977068;0,018545715022931;0,000527162555494489;1,54316624186654e-05;0,000864958373878257;0,471496239512947;0,000192287775002573
"descendant";-1,11107569061436;-0,862272407081848;-0,790005626403134;-0,613099592441058;0,720055005317923;0,279944994682077;0,000400418160971193;0,000241165651642791;0,000324359390204346;0,783428571939928;0,000199078925504974
"decade";0,00888233505057179;0,257440249882631;0,0344819930100536;0,999405319256434;0,00184075459158644;0,998159245408416;5,97114424969524e-08;5,01598416928769e-05;0,000756838577143475;0,123870474851319;1,16128513114108e-05
"create";-0,10797699418562;-1,85249350354922;-0,0581886190137988;-0,998305606824517;0,0052355701211266;0,994764429878876;8,82400463980213e-06;0,00259726730077245;0,000756838577143475;0,892869197590545;0,000603363372044749
"content";-0,421252978630572;2,04195475854689;-0,202044252550985;0,979376393431613;0,0618528017977122;0,93814719820229;0,000134304087364678;0,0031556984162251;0,000756838577143475;1,01344898890343;0,000777332897801457
"constitute";-0,382024684471546;1,15844296448289;-0,313184127462392;0,949692425107003;0,144181591649128;0,855818408350874;9,46758738537685e-05;0,000870574182263965;0,000648718780408693;0,601970370533692;0,000235075139150484
"composition";0,404314512773828;1,4278802481853;0,272445654553332;0,962171172564948;0,110484931634734;0,889515068365268;0,000141394940200703;0,001763513463646;0,000864958373878257;0,727790533547609;0,000458150339039043
"collect";0,267978628664937;-1,03370913081852;0,250944579006377;-0,968001455715492;0,0942942860202281;0,905705713979774;6,2114862511528e-05;0,000924255220791504;0,000864958373878257;0,522150946560669;0,000235823644497094
"character";-1,02018510120844;0,778787178920701;-0,79486674308488;0,606784031379893;0,726654034171954;0,273345965828047;0,00067517200176949;0,000393454083717978;0,000648718780408693;0,716067115620074;0,00033263192609306
"bully";2,62699622040106;-0,225397279711271;0,996339346345391;-0,0854862967032636;0,995270394933594;0,00472960506640483;0,00447687910606646;3,2957465910633e-05;0,000648718780408693;1,5755329945347;0,00161031736416962
"average";2,62699622040106;-0,225397279711271;0,996339346345391;-0,0854862967032635;0,995270394933594;0,00472960506640483;0,0052230256237442;3,84503768957385e-05;0,000756838577143475;1,5755329945347;0,00187870359153122
"attention";-1,1240600605295;-1,0967094907965;-0,715761091062604;-0,698345230184091;0,619393522081668;0,380606477918332;0,000956273882337878;0,000910304027508032;0,000756838577143475;0,85456437689122;0,000552704283680436
"articulation";-1,0072007312933;1,01322426263535;-0,704995537247094;0,709211740217039;0,604866431394539;0,395133568605462;0,000767777402078536;0,000776988198156628;0,000756838577143475;0,774862937227878;0,000454415396305104
"victim";1,09541122023252;-1,13657116506052;0,693949052926639;-0,72002410511192;0,589993093617933;0,410006906382069;0,00064867863629111;0,000698342530677387;0,000540598983673911;0,853281478069669;0,000393604325233408
"user";0,384153073791805;-0,607522356133617;0,534445167794437;-0,845203148728858;0,382491446404789;0,617508553595212;7,97781295835721e-05;0,000199526118067976;0,000540598983673911;0,371648210729254;7,46688250287901e-05
"turn";-0,436173779936021;-2,04774505040977;-0,208328499102613;-0,978058912572066;0,0656693318070452;0,934330668192956;0,000102847640990203;0,00226687198155353;0,000540598983673911;1,01839639613098;0,000560672083280666
"trend";0,438687427435361;0,377113395467912;0,758320024126866;0,651882459503421;0,67703774380502;0,322962256194979;0,000104036468261355;7,68810212138273e-05;0,000540598983673911;0,31899754821139;5,50110475537236e-05
"treatment";1,66975559529572;-0,794880958054552;0,902911047041847;-0,429827455067491;0,872382389486996;0,127617610513004;0,00120578819246248;0,00027325580602345;0,000432479186939129;1,06964104577658;0,000494813262757059
"total";1,53300693456639;-0,87623576924645;0,868186585588043;-0,496237899202565;0,825837826788563;0,174162173211438;0,00177865410638992;0,000581092427629843;0,000756838577143475;1,00933499516021;0,000771034698582063
"survival";2,62699622040106;-0,225397279711271;0,996339346345391;-0,0854862967032637;0,995270394933594;0,00472960506640484;0,00373073258838871;2,74645549255276e-05;0,000540598983673911;1,5755329945347;0,00134193113680802
"suffer";0,80340555959631;0,276694949604715;0,945496753434183;0,325631523728;0,928879085780143;0,0711209142198554;0,000418722343944379;4,96659715450897e-05;0,000648718780408693;0,498762551456082;0,000161377932361324
"statistical";2,11895468722912;0,152494726665089;0,997420394343284;0,0717813133627988;0,996667868617922;0,00333213138207662;0,00339818172404712;1,76000099064355e-05;0,000756838577143475;1,2699453682979;0,0012205999209892
"short";0,780682912244829;-0,133569946895922;0,985677167579414;-0,168643177486145;0,981454284977069;0,018545715022931;0,000263581277747245;7,71583120933269e-06;0,000432479186939129;0,471496239512947;9,61438875012866e-05
"ses";2,62699622040106;-0,225397279711271;0,996339346345391;-0,0854862967032637;0,995270394933594;0,00472960506640484;0,00373073258838871;2,74645549255276e-05;0,000540598983673911;1,5755329945347;0,00134193113680802
"religion";-1,20196628002029;-2,5033319930844;-0,432838454199657;-0,901471504023311;0,263158052360047;0,736841947639954;0,000624812601710809;0,00271020480813057;0,000432479186939129;1,40191779971328;0,000849983140729996
"relevant";-1,20196628002029;-2,5033319930844;-0,432838454199657;-0,901471504023312;0,263158052360047;0,736841947639954;0,000937218902566213;0,00406530721219585;0,000648718780408693;1,40191779971328;0,00127497471109499
"relevance";-0,108389770806063;0,527741064262708;-0,201184941264103;0,97955327543149;0,0613392060546627;0,93866079394534;5,08091357569077e-06;0,000120450051209487;0,000432479186939129;0,261853160607183;2,96538340231252e-05
"reduce";1,14994557387607;-0,151935413458992;0,991384263208287;-0,130985658233875;0,988856995919932;0,0111430040800665;0,000714874485283368;1,2479386886666e-05;0,000540598983673911;0,691909252614386;0,000258805499974807
"recognition";-1,11107569061436;-0,862272407081848;-0,790005626403134;-0,613099592441058;0,720055005317922;0,279944994682077;0,000800836321942385;0,000482331303285582;0,000648718780408693;0,783428571939928;0,000398157851009948
"recent";-0,427469979174509;0,337913171481614;-0,784492681733786;0,620138075194656;0,712570100426964;0,287429899573036;0,000118540761009053;7,40741559914127e-05;0,000648718780408693;0,302991482363424;5,95548740738145e-05
"reason";-1,20196628002029;-2,5033319930844;-0,432838454199657;-0,901471504023312;0,263158052360047;0,736841947639954;0,000937218902566213;0,00406530721219585;0,000648718780408693;1,40191779971328;0,00127497471109499
"rate";2,62699622040106;-0,225397279711271;0,996339346345391;-0,0854862967032635;0,995270394933594;0,00472960506640483;0,0052230256237442;3,84503768957385e-05;0,000756838577143475;1,5755329945347;0,00187870359153122
"psychosocial";0,165245142859419;-0,102960835957473;0,848730129665815;-0,52882621625393;0,799612127795541;0,20038787220446;1,77138872777358e-05;6,87702480769485e-06;0,000648718780408693;0,110567531599063;7,93070323964304e-06
"provide";-0,5638058632834;-2,12367620752221;-0,256596931526554;-0,966518502011812;0,0984400522806277;0,901559947719374;0,000206212813151307;0,00292572211118775;0,000648718780408693;1,07518269953543;0,000749930481596043
"program";-1,03836321908962;0,450575261720191;-0,91735636470537;0,398066954336264;0,891626208479121;0,108373791520879;0,000582872837473329;0,000109751360403405;0,000540598983673911;0,657955438156257;0,000234028196885821
"presence";-1,0656303959114;-0,0417426140805738;-0,999233668554407;-0,0391417376632812;0,999010487054709;0,000989512945290494;0,000491109586199714;7,53571555964846e-07;0,000432479186939129;0,637911121263715;0,00017598901443699
"popular";0,493221781078917;1,36174914706944;0,340547709238884;0,940227237284768;0,168902765537959;0,831097234462042;0,000131510285074418;0,00100246553116248;0,000540598983673911;0,718062859750953;0,000278740550629104
"percentage";2,62699622040106;-0,225397279711271;0,996339346345391;-0,0854862967032636;0,995270394933594;0,00472960506640483;0,00447687910606646;3,2957465910633e-05;0,000648718780408693;1,5755329945347;0,00161031736416962
"pedagogical";-1,14743192637673;-1,51869624148287;-0,602823906594118;-0,797874261797313;0,469302987419614;0,530697012580386;0,000711752635781503;0,00124685818677381;0,000540598983673911;1,0021641612395;0,000542941402353156
"offer";0,256135732265346;1,53809875004508;0,164265415140227;0,986416176564846;0,0411906652553852;0,958809334744617;4,25595286040253e-05;0,00153470500479418;0,000648718780408693;0,755108507755792;0,00036989222087913
"numb";0,493221781078917;1,36174914706944;0,340547709238884;0,940227237284768;0,168902765537959;0,831097234462042;0,000131510285074418;0,00100246553116248;0,000540598983673911;0,718062859750953;0,000278740550629104
"nature";-0,5638058632834;-2,12367620752221;-0,256596931526554;-0,966518502011812;0,0984400522806277;0,901559947719374;0,000206212813151307;0,00292572211118775;0,000648718780408693;1,07518269953543;0,000749930481596043
"municipality";2,62699622040106;-0,225397279711271;0,996339346345391;-0,0854862967032636;0,995270394933594;0,00472960506640483;0,00447687910606646;3,2957465910633e-05;0,000648718780408693;1,5755329945347;0,00161031736416962
"mother";1,35067538692727;-0,984708850835646;0,808052703134544;-0,589110201029448;0,74454692598502;0,255453074014981;0,00059173662045123;0,000314515576034401;0,000324359390204346;0,936577124108066;0,000284520502563261
"metropolitan";2,11895468722912;0,152494726665089;0,997420394343284;0,0717813133627988;0,996667868617922;0,00333213138207662;0,00339818172404712;1,76000099064355e-05;0,000756838577143475;1,2699453682979;0,0012205999209892
"maria";-1,02018510120844;0,778787178920701;-0,79486674308488;0,606784031379893;0,726654034171954;0,273345965828047;0,000337586000884745;0,000196727041858989;0,000324359390204346;0,716067115620074;0,00016631596304653
"lack";-0,616018527357558;-1,47460149717286;-0,385468962824979;-0,922720802138239;0,212817867926532;0,787182132073469;0,000287204214762074;0,00164570732276474;0,000756838577143475;0,798966054080376;0,000483125450211847
"labour";-0,92929451180251;2,41984676492325;-0,358503236221123;0,933528483560615;0,185978082291899;0,814021917708104;0,000560225942047529;0,00379867555349304;0,000648718780408693;1,28932109165048;0,00107839693634433
"implication";-0,518360568580436;-1,30314641452093;-0,36960863923316;-0,929187523487165;0,196862153999527;0,803137846000474;0,000174309230657822;0,0011016481204533;0,000648718780408693;0,69901973761454;0,000316982545296594
"immigrant";-1,14743192637673;-1,51869624148287;-0,602823906594118;-0,797874261797313;0,469302987419614;0,530697012580386;0,000711752635781503;0,00124685818677381;0,000540598983673911;1,0021641612395;0,000542941402353156
"hold";0,80340555959631;0,276694949604715;0,945496753434183;0,325631523728;0,928879085780143;0,0711209142198554;0,000418722343944379;4,96659715450897e-05;0,000648718780408693;0,498762551456082;0,000161377932361324
"historically";-0,997462453856956;1,18905207542134;-0,64268525002188;0,766130321423395;0,521565298533734;0,478434701466267;0,000430287099947817;0,000611458466023912;0,000432479186939129;0,826381926439206;0,000295343102322575
"gap";-0,538112307866764;-0,0679789948849588;-0,992114792672447;-0,125332510389395;0,989803341146758;0,0101966588532408;0,00021915385351323;3,4974598571721e-06;0,000756838577143475;0,323621275492459;7,92642566395893e-05
"gain";-0,436173779936021;-2,04774505040977;-0,208328499102613;-0,978058912572066;0,0656693318070452;0,934330668192956;0,000102847640990203;0,00226687198155353;0,000540598983673911;1,01839639613098;0,000560672083280666
"finally";-0,518360568580436;-1,30314641452093;-0,36960863923316;-0,929187523487165;0,196862153999527;0,803137846000474;0,000174309230657822;0,0011016481204533;0,000648718780408693;0,69901973761454;0,000316982545296594
"express";-0,436173779936021;-2,04774505040977;-0,208328499102613;-0,978058912572066;0,0656693318070452;0,934330668192956;0,000102847640990203;0,00226687198155353;0,000540598983673911;1,01839639613098;0,000560672083280666
"existence";0,439017648731716;-1,52707425878163;0,276298007312814;-0,961072011430449;0,113504906460797;0,886495093539205;0,000145870415319004;0,00176491410345272;0,000756838577143475;0,779674372457125;0,000460076212505663
"evidence";-0,518360568580436;-1,30314641452093;-0,36960863923316;-0,929187523487165;0,196862153999527;0,803137846000474;0,000174309230657822;0,0011016481204533;0,000648718780408693;0,69901973761454;0,000316982545296594
"ethnographic";0,165245142859419;-0,102960835957473;0,848730129665815;-0,52882621625393;0,799612127795541;0,20038787220446;1,77138872777358e-05;6,87702480769485e-06;0,000648718780408693;0,110567531599063;7,93070323964304e-06
"emphasize";-0,472915273877473;-0,48261662151966;-0,699891578703056;-0,714249100846857;0,597989844507674;0,402010155492326;0,000145085213277071;0,000151098802054525;0,000648718780408693;0,365910636507779;8,68573427891846e-05
"emergence";-1,11107569061436;-0,862272407081848;-0,790005626403134;-0,613099592441058;0,720055005317923;0,279944994682077;0,000400418160971193;0,000241165651642791;0,000324359390204346;0,783428571939928;0,000199078925504974
"dynamic";-1,0656303959114;-0,0417426140805738;-0,999233668554407;-0,0391417376632812;0,999010487054709;0,000989512945290494;0,000491109586199714;7,53571555964846e-07;0,000432479186939129;0,637911121263715;0,00017598901443699
"dropout";1,09541122023252;-1,13657116506052;0,693949052926639;-0,72002410511192;0,589993093617933;0,410006906382069;0,00064867863629111;0,000698342530677387;0,000540598983673911;0,853281478069669;0,000393604325233408
"document";-0,538112307866764;-0,0679789948849588;-0,992114792672447;-0,125332510389395;0,989803341146758;0,0101966588532408;0,00021915385351323;3,4974598571721e-06;0,000756838577143475;0,323621275492459;7,92642566395893e-05
"discipline";-1,20196628002029;-2,5033319930844;-0,432838454199657;-0,901471504023312;0,263158052360047;0,736841947639954;0,000937218902566213;0,00406530721219585;0,000648718780408693;1,40191779971328;0,00127497471109499
"differential";1,14994557387607;-0,151935413458992;0,991384263208287;-0,130985658233875;0,988856995919932;0,0111430040800665;0,000714874485283368;1,2479386886666e-05;0,000540598983673911;0,691909252614386;0,000258805499974807
"determinant";-0,327105072648909;-0,0784735472067131;-0,972408662888262;-0,233283930736478;0,964179213132852;0,0358207868671466;5,78428633109785e-05;3,32906130998174e-06;0,000540598983673911;0,199318217429149;2,1476782246261e-05
"descriptive";1,39612068163024;-0,164179057834372;0,993156417281588;-0,116791826821914;0,991152200077555;0,00884779992244391;0,00126445212953336;1,74860609999235e-05;0,000648718780408693;0,83905684260509;0,000456708650744355
"demand";-1,20196628002029;-2,5033319930844;-0,432838454199657;-0,901471504023312;0,263158052360047;0,736841947639954;0,00109342205299392;0,00474285841422849;0,000756838577143475;1,40191779971328;0,00148747049627749
"dance";0,256135732265346;1,53809875004508;0,164265415140227;0,986416176564846;0,0411906652553851;0,958809334744617;2,12797643020126e-05;0,000767352502397089;0,000324359390204346;0,755108507755792;0,000184946110439565
"continuity";-0,92929451180251;2,41984676492325;-0,358503236221123;0,933528483560615;0,185978082291899;0,814021917708104;0,000560225942047529;0,00379867555349304;0,000648718780408693;1,28932109165048;0,00107839693634433
"constitution";-0,92929451180251;2,41984676492325;-0,358503236221123;0,933528483560615;0,185978082291899;0,814021917708104;0,000560225942047529;0,00379867555349304;0,000648718780408693;1,28932109165048;0,00107839693634433
"consequence";-0,0300707746948255;-0,445871001261319;-0,0672899070920805;-0,997733465612705;0,00699706588396109;0,993002934116041;6,84372411636793e-07;0,000150460227955498;0,000756838577143475;0,215092482783352;3,50149673531566e-05
"condom";2,62699622040106;-0,225397279711271;0,996339346345391;-0,0854862967032637;0,995270394933594;0,00472960506640484;0,00373073258838871;2,74645549255276e-05;0,000540598983673911;1,5755329945347;0,00134193113680802
"coloniality";-0,997462453856956;1,18905207542134;-0,64268525002188;0,766130321423395;0,521565298533734;0,478434701466267;0,000430287099947817;0,000611458466023912;0,000432479186939129;0,826381926439206;0,000295343102322575
"collection";-0,518360568580436;-1,30314641452093;-0,36960863923316;-0,929187523487165;0,196862153999527;0,803137846000474;0,000174309230657822;0,0011016481204533;0,000648718780408693;0,69901973761454;0,000316982545296594
"brasil";-0,92929451180251;2,41984676492325;-0,358503236221123;0,933528483560615;0,185978082291899;0,814021917708104;0,000466854951706274;0,0031655629612442;0,000540598983673911;1,28932109165048;0,000898664113620275
"boy";2,62699622040106;-0,225397279711271;0,996339346345391;-0,0854862967032636;0,995270394933594;0,00472960506640483;0,00223843955303323;1,64787329553165e-05;0,000324359390204346;1,5755329945347;0,00080515868208481
"assess";2,62699622040106;-0,225397279711271;0,996339346345391;-0,0854862967032636;0,995270394933594;0,00472960506640483;0,00447687910606646;3,2957465910633e-05;0,000648718780408693;1,5755329945347;0,00161031736416962
"anthropological";-1,16301317027489;-1,80002074194045;-0,542689987213598;-0,839933079345078;0,39272815966382;0,60727184033618;0,00102369958261758;0,00245221350415297;0,000756838577143475;1,1103942625315;0,000933163361210948
"analytical";-1,02018510120844;0,778787178920701;-0,79486674308488;0,606784031379893;0,726654034171954;0,273345965828047;0,00067517200176949;0,000393454083717978;0,000648718780408693;0,716067115620074;0,00033263192609306
"agency";-1,14743192637673;-1,51869624148287;-0,602823906594118;-0,797874261797313;0,469302987419614;0,530697012580386;0,000711752635781503;0,00124685818677381;0,000540598983673911;1,0021641612395;0,000542941402353156
"youth";0,329618720148249;-1,59215810773515;0,202727510744334;-0,979235189516495;0,0622625986770618;0,937737401322941;5,8735269041069e-05;0,00137040082172492;0,000540598983673911;0,790381642546088;0,000337713883054304
"whiteness";-1,14743192637673;-1,51869624148287;-0,602823906594118;-0,797874261797313;0,469302987419614;0,530697012580386;0,000711752635781503;0,00124685818677381;0,000540598983673911;1,0021641612395;0,000542941402353156
"verify";-0,436173779936021;-2,04774505040977;-0,208328499102613;-0,978058912572066;0,0656693318070452;0,934330668192956;0,000102847640990203;0,00226687198155353;0,000540598983673911;1,01839639613098;0,000560672083280666
"undertake";-1,14743192637673;-1,51869624148287;-0,602823906594118;-0,797874261797313;0,469302987419614;0,530697012580386;0,000711752635781503;0,00124685818677381;0,000540598983673911;1,0021641612395;0,000542941402353156
"tool";-1,09289757273318;-0,534060489881338;-0,898463816400456;-0,439047572159474;0,866442822554099;0,133557177445899;0,000645704997559776;0,000154189970187207;0,000540598983673911;0,702502872987023;0,000266791159344265
"target";-1,03836321908962;0,450575261720191;-0,91735636470537;0,398066954336264;0,891626208479121;0,108373791520879;0,000582872837473329;0,000109751360403405;0,000540598983673911;0,657955438156257;0,000234028196885821
"strong";0,80340555959631;0,276694949604715;0,945496753434183;0,325631523728;0,928879085780143;0,0711209142198554;0,000418722343944379;4,96659715450897e-05;0,000648718780408693;0,498762551456082;0,000161377932361324
"stress";-1,14743192637673;-1,51869624148287;-0,602823906594118;-0,797874261797313;0,469302987419614;0,530697012580386;0,000711752635781503;0,00124685818677381;0,000540598983673911;1,0021641612395;0,000542941402353156
"statistic";0,256135732265346;1,53809875004508;0,164265415140227;0,986416176564846;0,0411906652553852;0,958809334744617;4,25595286040253e-05;0,00153470500479418;0,000648718780408693;0,755108507755792;0,00036989222087913
"sociability";-0,92929451180251;2,41984676492325;-0,358503236221123;0,933528483560615;0,185978082291899;0,814021917708104;0,000373483961365019;0,00253245036899536;0,000432479186939129;1,28932109165048;0,00071893129089622
"small";1,20447992751963;0,832700338142537;0,822566076726567;0,568669543248681;0,764222020122345;0,235777979877654;0,000784285812410906;0,000374845849898744;0,000540598983673911;0,824381791679228;0,000367393955266653
"sector";0,165245142859419;-0,102960835957473;0,848730129665815;-0,52882621625393;0,799612127795541;0,20038787220446;8,8569436388679e-06;3,43851240384743e-06;0,000324359390204346;0,110567531599063;3,96535161982152e-06
"search";0,80340555959631;0,276694949604715;0,945496753434183;0,325631523728;0,928879085780143;0,0711209142198554;0,000418722343944379;4,96659715450897e-05;0,000648718780408693;0,498762551456082;0,000161377932361324
"scope";-0,436173779936021;-2,04774505040977;-0,208328499102613;-0,978058912572066;0,0656693318070452;0,934330668192956;0,000102847640990203;0,00226687198155353;0,000540598983673911;1,01839639613098;0,000560672083280666
"sample";2,62699622040106;-0,225397279711271;0,996339346345391;-0,0854862967032636;0,995270394933594;0,00472960506640483;0,00447687910606646;3,2957465910633e-05;0,000648718780408693;1,5755329945347;0,00161031736416962
"researcher";0,80340555959631;0,276694949604715;0,945496753434183;0,325631523728;0,928879085780143;0,0711209142198554;0,000418722343944379;4,96659715450897e-05;0,000648718780408693;0,498762551456082;0,000161377932361324
"reproductive";-1,03836321908962;0,450575261720191;-0,91735636470537;0,398066954336264;0,891626208479121;0,108373791520879;0,000582872837473329;0,000109751360403405;0,000540598983673911;0,657955438156257;0,000234028196885821
"reinforce";-1,03836321908962;0,450575261720191;-0,91735636470537;0,398066954336264;0,891626208479121;0,108373791520879;0,000582872837473329;0,000109751360403405;0,000540598983673911;0,657955438156257;0,000234028196885821
"queer";-1,09289757273318;-0,534060489881338;-0,898463816400456;-0,439047572159474;0,866442822554099;0,133557177445899;0,000645704997559776;0,000154189970187207;0,000540598983673911;0,702502872987023;0,000266791159344265
"prejudice";-1,20196628002029;-2,5033319930844;-0,432838454199657;-0,901471504023311;0,263158052360047;0,736841947639954;0,000624812601710809;0,00271020480813057;0,000432479186939129;1,40191779971328;0,000849983140729996
"pr";2,62699622040106;-0,225397279711271;0,996339346345391;-0,0854862967032636;0,995270394933594;0,00472960506640483;0,00298458607071097;2,19716439404221e-05;0,000432479186939129;1,5755329945347;0,00107354490944641
"positive";0,80340555959631;0,276694949604715;0,945496753434183;0,325631523728;0,928879085780143;0,0711209142198554;0,000418722343944379;4,96659715450897e-05;0,000648718780408693;0,498762551456082;0,000161377932361324
"organize";-0,983828865446066;1,43521101332172;-0,565404892437713;0,824813498681671;0,421279947832581;0,57872005216742;0,000523256155522161;0,0011135423574224;0,000540598983673911;0,906927903532568;0,000444652514977824
"obtain";1,39612068163024;-0,164179057834372;0,993156417281588;-0,116791826821914;0,991152200077555;0,00884779992244391;0,00126445212953336;1,74860609999235e-05;0,000648718780408693;0,83905684260509;0,000456708650744355
"migratory";-0,92929451180251;2,41984676492325;-0,358503236221123;0,933528483560615;0,185978082291899;0,814021917708104;0,000466854951706274;0,0031655629612442;0,000540598983673911;1,28932109165048;0,000898664113620275
"middle";1,20447992751963;0,832700338142537;0,822566076726567;0,568669543248681;0,764222020122345;0,235777979877654;0,000784285812410906;0,000374845849898744;0,000540598983673911;0,824381791679228;0,000367393955266653
"menstrual";-1,02018510120844;0,778787178920701;-0,79486674308488;0,606784031379893;0,726654034171954;0,273345965828047;0,000337586000884745;0,000196727041858989;0,000324359390204346;0,716067115620074;0,00016631596304653
"mechanism";-0,381639426292465;-1,06310929880824;-0,337872946922868;-0,941191729531054;0,166415865504512;0,83358413449549;7,87375130829506e-05;0,000610985718030356;0,000540598983673911;0,559750471142943;0,00016938079248824
"maternal";2,62699622040106;-0,225397279711271;0,996339346345391;-0,0854862967032636;0,995270394933594;0,00472960506640483;0,00447687910606646;3,2957465910633e-05;0,000648718780408693;1,5755329945347;0,00161031736416962
"marielle";-0,929294511802511;2,41984676492325;-0,358503236221123;0,933528483560615;0,185978082291899;0,814021917708104;0,000280112971023765;0,00189933777674652;0,000324359390204346;1,28932109165048;0,000539198468172165
"limit";-1,13379833796585;-1,27253730358249;-0,665233284653465;-0,746635571741102;0,551524017984272;0,448475982015728;0,000555951420120711;0,000700335685591516;0,000432479186939129;0,913465603202687;0,000360869027239463
"latin";-1,20196628002029;-2,5033319930844;-0,432838454199657;-0,901471504023312;0,263158052360047;0,736841947639954;0,000937218902566213;0,00406530721219585;0,000648718780408693;1,40191779971328;0,00127497471109499
"key";-0,983828865446066;1,43521101332172;-0,565404892437713;0,824813498681671;0,421279947832581;0,57872005216742;0,000523256155522161;0,0011135423574224;0,000540598983673911;0,906927903532568;0,000444652514977824
"intersect";-0,983828865446066;1,43521101332172;-0,565404892437713;0,824813498681671;0,421279947832581;0,57872005216742;0,000523256155522161;0,0011135423574224;0,000540598983673911;0,906927903532568;0,000444652514977824
"implementation";-1,14743192637673;-1,51869624148287;-0,602823906594118;-0,797874261797313;0,469302987419614;0,530697012580386;0,000711752635781503;0,00124685818677381;0,000540598983673911;1,0021641612395;0,000542941402353156
"ideal";-1,20196628002029;-2,5033319930844;-0,432838454199657;-0,901471504023312;0,263158052360047;0,736841947639954;0,000937218902566213;0,00406530721219585;0,000648718780408693;1,40191779971328;0,00127497471109499
"household";2,62699622040106;-0,225397279711271;0,996339346345391;-0,0854862967032636;0,995270394933594;0,00472960506640483;0,00447687910606646;3,2957465910633e-05;0,000648718780408693;1,5755329945347;0,00161031736416962
"home";-0,92929451180251;2,41984676492325;-0,358503236221123;0,933528483560615;0,185978082291899;0,814021917708104;0,000373483961365019;0,00253245036899536;0,000432479186939129;1,28932109165048;0,00071893129089622
"half";-1,02018510120844;0,778787178920701;-0,79486674308488;0,606784031379893;0,726654034171954;0,273345965828047;0,000337586000884745;0,000196727041858989;0,000324359390204346;0,716067115620074;0,00016631596304653
"generation";0,438687427435361;0,377113395467912;0,758320024126866;0,651882459503421;0,67703774380502;0,322962256194979;0,000104036468261355;7,68810212138273e-05;0,000540598983673911;0,31899754821139;5,50110475537236e-05
"fully";-1,20196628002029;-2,5033319930844;-0,432838454199657;-0,901471504023312;0,263158052360047;0,736841947639954;0,000468609451283107;0,00203265360609792;0,000324359390204346;1,40191779971328;0,000637487355547497
"feminine";0,210690437562382;0,717568957043801;0,281724162873749;0,959495438265907;0,117818853084382;0,882181146915619;2,87969253845139e-05;0,000334028678633103;0,000648718780408693;0,367262027297037;8,75000951633667e-05
"evident";1,14994557387607;-0,151935413458992;0,991384263208287;-0,130985658233875;0,988856995919932;0,0111430040800665;0,000714874485283368;1,2479386886666e-05;0,000540598983673911;0,691909252614386;0,000258805499974807
"estimate";1,91573807396034;0,303651529215633;0,987670137962311;0,156549348697174;0,984041305555699;0,0159586944443;0,00198402658018234;4,98455244864269e-05;0,000540598983673911;1,15549498220034;0,000721790817326291
"epistemological";-1,02018510120844;0,778787178920701;-0,79486674308488;0,606784031379893;0,726654034171954;0,273345965828047;0,00067517200176949;0,000393454083717978;0,000648718780408693;0,716067115620074;0,00033263192609306
"distribution";0,757960264893347;-0,54383484339656;0,812497255623256;-0,582965015763963;0,750574723290063;0,249425276709938;0,000372691380575539;0,000191862690166825;0,000648718780408693;0,523465506074494;0,000177759413590546
"dispute";-1,03836321908962;0,450575261720191;-0,91735636470537;0,398066954336264;0,891626208479121;0,108373791520879;0,000582872837473329;0,000109751360403405;0,000540598983673911;0,657955438156257;0,000234028196885821
"determine";2,03428109836713;0,215476727727816;0,994436949409563;0,10533353525351;0,992809648000036;0,0071903519999626;0,00268459266115717;3,01201558172477e-05;0,000648718780408693;1,22156496051242;0,000968031756569387
"democracy";-1,20196628002029;-2,5033319930844;-0,432838454199657;-0,901471504023312;0,263158052360047;0,736841947639954;0,000937218902566213;0,00406530721219585;0,000648718780408693;1,40191779971328;0,00127497471109499
"crt";-1,20196628002029;-2,5033319930844;-0,432838454199657;-0,901471504023312;0,263158052360047;0,736841947639954;0,000781015752138511;0,00338775601016321;0,000540598983673911;1,40191779971328;0,0010624789259125
"cross";0,848850854299274;1,09722474260599;0,61189666248081;0,790937718436063;0,481108370579518;0,518891629420482;0,000467432872425953;0,00078099392525902;0,000648718780408693;0,732231707562957;0,000347819184924141
"criticism";-0,997462453856956;1,18905207542134;-0,64268525002188;0,766130321423395;0,521565298533734;0,478434701466267;0,000430287099947817;0,000611458466023912;0,000432479186939129;0,826381926439206;0,000295343102322575
"coverage";2,62699622040106;-0,225397279711271;0,996339346345391;-0,0854862967032636;0,995270394933594;0,00472960506640483;0,00298458607071097;2,19716439404221e-05;0,000432479186939129;1,5755329945347;0,00107354490944641
"colour";1,91573807396034;0,303651529215633;0,987670137962311;0,156549348697174;0,984041305555699;0,0159586944443;0,00198402658018234;4,98455244864269e-05;0,000540598983673911;1,15549498220034;0,000721790817326291
"bibliographic";0,712514970190383;-1,36436463639783;0,462909425520817;-0,886405586491865;0,297009907181197;0,702990092818805;0,000329339982319431;0,00120758408112423;0,000648718780408693;0,782252793862126;0,000396963628611807
"assume";-1,14743192637673;-1,51869624148287;-0,602823906594118;-0,797874261797313;0,469302987419614;0,530697012580386;0,000711752635781503;0,00124685818677381;0,000540598983673911;1,0021641612395;0,000542941402353156
"answer";0,757960264893347;-0,54383484339656;0,812497255623256;-0,582965015763963;0,750574723290063;0,249425276709938;0,000372691380575539;0,000191862690166825;0,000648718780408693;0,523465506074494;0,000177759413590546
"agenda";-0,244725654914954;-1,93384831474112;-0,125547229599613;-0,992087643880248;0,0242083906260642;0,975791609373938;2,59014579623973e-05;0,00161737238811852;0,000432479186939129;0,9410986223307;0,000383032378398851
"adopt";-0,436173779936021;-2,04774505040977;-0,208328499102613;-0,978058912572066;0,0656693318070452;0,934330668192956;0,000102847640990203;0,00226687198155353;0,000540598983673911;1,01839639613098;0,000560672083280666
"act";0,780682912244829;-0,133569946895922;0,985677167579414;-0,168643177486145;0,981454284977069;0,018545715022931;0,000263581277747245;7,71583120933269e-06;0,000432479186939129;0,471496239512947;9,61438875012866e-05
"8perc";2,62699622040106;-0,225397279711271;0,996339346345391;-0,0854862967032636;0,995270394933594;0,00472960506640483;0,00298458607071097;2,19716439404221e-05;0,000432479186939129;1,5755329945347;0,00107354490944641
"20th";-1,02018510120844;0,778787178920701;-0,79486674308488;0,606784031379893;0,726654034171954;0,273345965828047;0,000337586000884745;0,000196727041858989;0,000324359390204346;0,716067115620074;0,00016631596304653
"1960s";-0,997462453856956;1,18905207542134;-0,64268525002188;0,766130321423395;0,521565298533734;0,478434701466267;0,000430287099947817;0,000611458466023912;0,000432479186939129;0,826381926439206;0,000295343102322575
"voice";-1,11107569061436;-0,862272407081848;-0,790005626403134;-0,613099592441058;0,720055005317923;0,279944994682077;0,000400418160971193;0,000241165651642791;0,000324359390204346;0,783428571939928;0,000199078925504974
"variation";1,20447992751963;0,832700338142537;0,822566076726567;0,568669543248681;0,764222020122345;0,235777979877654;0,000784285812410906;0,000374845849898744;0,000540598983673911;0,824381791679228;0,000367393955266653
"universidade";0,712514970190383;-1,36436463639783;0,462909425520817;-0,886405586491865;0,297009907181197;0,702990092818805;0,000219559988212954;0,000805056054082817;0,000432479186939129;0,782252793862125;0,000264642419074538
"textbook";-1,02018510120844;0,778787178920701;-0,79486674308488;0,606784031379893;0,726654034171954;0,273345965828047;0,000337586000884745;0,000196727041858989;0,000324359390204346;0,716067115620074;0,00016631596304653
"subjectivity";-0,92929451180251;2,41984676492325;-0,358503236221123;0,933528483560615;0,185978082291899;0,814021917708104;0,000466854951706274;0,0031655629612442;0,000540598983673911;1,28932109165048;0,000898664113620275
"std";2,62699622040106;-0,225397279711271;0,996339346345391;-0,0854862967032637;0,995270394933594;0,00472960506640484;0,00373073258838871;2,74645549255276e-05;0,000540598983673911;1,5755329945347;0,00134193113680802
"southern";0,165245142859419;-0,102960835957473;0,848730129665815;-0,52882621625393;0,799612127795541;0,20038787220446;8,8569436388679e-06;3,43851240384743e-06;0,000324359390204346;0,110567531599063;3,96535161982152e-06
"semi";0,384153073791805;-0,607522356133617;0,534445167794437;-0,845203148728858;0,382491446404789;0,617508553595212;7,97781295835721e-05;0,000199526118067976;0,000540598983673911;0,371648210729254;7,46688250287901e-05
"selection";-0,92929451180251;2,41984676492325;-0,358503236221123;0,933528483560615;0,185978082291899;0,814021917708104;0,000373483961365019;0,00253245036899536;0,000432479186939129;1,28932109165048;0,00071893129089622
"retention";2,62699622040106;-0,225397279711271;0,996339346345391;-0,0854862967032636;0,995270394933594;0,00472960506640483;0,00298458607071097;2,19716439404221e-05;0,000432479186939129;1,5755329945347;0,00107354490944641
"respective";0,780682912244829;-0,133569946895922;0,985677167579414;-0,168643177486145;0,981454284977069;0,018545715022931;0,000263581277747245;7,71583120933269e-06;0,000432479186939129;0,471496239512947;9,61438875012866e-05
"respect";-0,983828865446066;1,43521101332172;-0,565404892437713;0,824813498681671;0,421279947832581;0,57872005216742;0,000523256155522161;0,0011135423574224;0,000540598983673911;0,906927903532568;0,000444652514977824
"regulation";-1,02018510120844;0,778787178920701;-0,79486674308488;0,606784031379893;0,726654034171954;0,273345965828047;0,000337586000884745;0,000196727041858989;0,000324359390204346;0,716067115620074;0,00016631596304653
"regressivity";2,62699622040106;-0,225397279711271;0,996339346345391;-0,0854862967032636;0,995270394933594;0,00472960506640483;0,00223843955303323;1,64787329553165e-05;0,000324359390204346;1,5755329945347;0,00080515868208481
"regional";0,712514970190383;-1,36436463639783;0,462909425520817;-0,886405586491865;0,297009907181197;0,702990092818805;0,000219559988212954;0,000805056054082817;0,000432479186939129;0,782252793862125;0,000264642419074538
"refer";-1,14743192637673;-1,51869624148287;-0,602823906594118;-0,797874261797313;0,469302987419614;0,530697012580386;0,000711752635781503;0,00124685818677381;0,000540598983673911;1,0021641612395;0,000542941402353156
"reduction";1,66975559529572;-0,794880958054552;0,902911047041847;-0,429827455067491;0,872382389486996;0,127617610513004;0,00120578819246248;0,00027325580602345;0,000432479186939129;1,06964104577658;0,000494813262757059
"recidivism";2,62699622040106;-0,225397279711271;0,996339346345391;-0,0854862967032636;0,995270394933594;0,00472960506640483;0,00223843955303323;1,64787329553165e-05;0,000324359390204346;1,5755329945347;0,00080515868208481
"real";-1,03836321908962;0,450575261720191;-0,91735636470537;0,398066954336264;0,891626208479121;0,108373791520879;0,000582872837473329;0,000109751360403405;0,000540598983673911;0,657955438156257;0,000234028196885821
"ratio";2,62699622040106;-0,225397279711271;0,996339346345391;-0,0854862967032636;0,995270394933594;0,00472960506640483;0,00223843955303323;1,64787329553165e-05;0,000324359390204346;1,5755329945347;0,00080515868208481
"quota";0,438687427435361;0,377113395467912;0,758320024126866;0,651882459503421;0,67703774380502;0,322962256194979;0,000104036468261355;7,68810212138273e-05;0,000540598983673911;0,31899754821139;5,50110475537236e-05
"publication";-1,20196628002029;-2,5033319930844;-0,432838454199657;-0,901471504023312;0,263158052360047;0,736841947639954;0,000781015752138511;0,00338775601016321;0,000540598983673911;1,40191779971328;0,0010624789259125
"proportion";1,91573807396034;0,303651529215633;0,987670137962311;0,156549348697174;0,984041305555699;0,0159586944443;0,00198402658018234;4,98455244864269e-05;0,000540598983673911;1,15549498220034;0,000721790817326291
"police";-1,11107569061436;-0,862272407081848;-0,790005626403134;-0,613099592441058;0,720055005317923;0,279944994682077;0,000400418160971193;0,000241165651642791;0,000324359390204346;0,783428571939928;0,000199078925504974
"perform";0,848850854299274;1,09722474260599;0,61189666248081;0,790937718436063;0,481108370579518;0,518891629420482;0,000311621914950636;0,000520662616839347;0,000432479186939129;0,732231707562957;0,000231879456616094
"perceive";-1,20196628002029;-2,5033319930844;-0,432838454199657;-0,901471504023312;0,263158052360047;0,736841947639954;0,000781015752138511;0,00338775601016321;0,000540598983673911;1,40191779971328;0,0010624789259125
"pay";0,256135732265346;1,53809875004508;0,164265415140227;0,986416176564846;0,0411906652553851;0,958809334744617;2,12797643020126e-05;0,000767352502397089;0,000324359390204346;0,755108507755792;0,000184946110439565
"original";-1,20196628002029;-2,5033319930844;-0,432838454199657;-0,901471504023312;0,263158052360047;0,736841947639954;0,000781015752138511;0,00338775601016321;0,000540598983673911;1,40191779971328;0,0010624789259125
"oppress";-1,13379833796585;-1,27253730358249;-0,665233284653465;-0,746635571741102;0,551524017984272;0,448475982015728;0,000555951420120711;0,000700335685591516;0,000432479186939129;0,913465603202687;0,000360869027239463
"onwards";-0,176557712860509;-0,703053625239204;-0,243566801258698;-0,969884123658391;0,0890036420301352;0,910996357969867;1,34815119344941e-05;0,000213767715412255;0,000432479186939129;0,354096311302976;5,42260558669583e-05
"occupational";2,62699622040106;-0,225397279711271;0,996339346345391;-0,0854862967032636;0,995270394933594;0,00472960506640483;0,00298458607071097;2,19716439404221e-05;0,000432479186939129;1,5755329945347;0,00107354490944641
"obesity";0,712514970190383;-1,36436463639783;0,462909425520817;-0,886405586491865;0,297009907181197;0,702990092818805;0,000219559988212954;0,000805056054082817;0,000432479186939129;0,782252793862125;0,000264642419074538
"nationality";-1,20196628002029;-2,5033319930844;-0,432838454199657;-0,901471504023312;0,263158052360047;0,736841947639954;0,000468609451283107;0,00203265360609792;0,000324359390204346;1,40191779971328;0,000637487355547497
"moment";-1,13379833796585;-1,27253730358249;-0,665233284653465;-0,746635571741102;0,551524017984272;0,448475982015728;0,000555951420120711;0,000700335685591516;0,000432479186939129;0,913465603202687;0,000360869027239463
"mobility";-0,176557712860509;-0,703053625239204;-0,243566801258698;-0,969884123658391;0,0890036420301352;0,910996357969867;1,34815119344941e-05;0,000213767715412255;0,000432479186939129;0,354096311302976;5,42260558669583e-05
"majority";0,780682912244829;-0,133569946895922;0,985677167579414;-0,168643177486145;0,981454284977069;0,018545715022931;0,000263581277747245;7,71583120933269e-06;0,000432479186939129;0,471496239512947;9,61438875012866e-05
"legitimize";-1,20196628002029;-2,5033319930844;-0,432838454199657;-0,901471504023311;0,263158052360047;0,736841947639954;0,000624812601710809;0,00271020480813057;0,000432479186939129;1,40191779971328;0,000849983140729996
"large";-0,0402218287516181;1,75853575376462;-0,0228663602023456;0,999738530602425;0,000809774412967981;0,999190225587035;6,99662885987455e-07;0,00133741939551022;0,000432479186939129;0,845704000864092;0,000309315712867351
"kinship";-0,92929451180251;2,41984676492325;-0,358503236221123;0,933528483560615;0,185978082291899;0,814021917708104;0,000373483961365019;0,00253245036899536;0,000432479186939129;1,28932109165048;0,00071893129089622
"intervention";0,384153073791805;-0,607522356133617;0,534445167794437;-0,845203148728858;0,382491446404789;0,617508553595212;7,97781295835721e-05;0,000199526118067976;0,000540598983673911;0,371648210729254;7,46688250287901e-05
"interface";-1,09289757273318;-0,534060489881338;-0,898463816400456;-0,439047572159474;0,866442822554099;0,133557177445899;0,000645704997559776;0,000154189970187207;0,000540598983673911;0,702502872987023;0,000266791159344265
"interest";-1,11107569061436;-0,862272407081848;-0,790005626403134;-0,613099592441058;0,720055005317923;0,279944994682077;0,000400418160971193;0,000241165651642791;0,000324359390204346;0,783428571939928;0,000199078925504974
"institute";1,20447992751963;0,832700338142537;0,822566076726567;0,568669543248681;0,764222020122345;0,235777979877654;0,000784285812410906;0,000374845849898744;0,000540598983673911;0,824381791679228;0,000367393955266653
"horizonte";0,493221781078917;1,36174914706944;0,340547709238884;0,940227237284768;0,168902765537959;0,831097234462042;0,000131510285074418;0,00100246553116248;0,000540598983673911;0,718062859750953;0,000278740550629104
"guide";-1,03836321908962;0,450575261720191;-0,91735636470537;0,398066954336264;0,891626208479121;0,108373791520879;0,000582872837473329;0,000109751360403405;0,000540598983673911;0,657955438156257;0,000234028196885821
"grade";1,35067538692727;-0,984708850835646;0,808052703134544;-0,589110201029448;0,74454692598502;0,255453074014981;0,00059173662045123;0,000314515576034401;0,000324359390204346;0,936577124108066;0,000284520502563261
"goal";-1,11107569061436;-0,862272407081848;-0,790005626403134;-0,613099592441058;0,720055005317923;0,279944994682077;0,000400418160971193;0,000241165651642791;0,000324359390204346;0,783428571939928;0,000199078925504974
"future";-1,13379833796585;-1,27253730358249;-0,665233284653465;-0,746635571741102;0,551524017984272;0,448475982015728;0,000555951420120711;0,000700335685591516;0,000432479186939129;0,913465603202687;0,000360869027239463
"foster";-1,02018510120844;0,778787178920701;-0,79486674308488;0,606784031379893;0,726654034171954;0,273345965828047;0,000337586000884745;0,000196727041858989;0,000324359390204346;0,716067115620074;0,00016631596304653
"food";-0,92929451180251;2,41984676492325;-0,358503236221123;0,933528483560615;0,185978082291899;0,814021917708104;0,000373483961365019;0,00253245036899536;0,000432479186939129;1,28932109165048;0,00071893129089622
"fear";1,66975559529572;-0,794880958054552;0,902911047041847;-0,429827455067491;0,872382389486996;0,127617610513004;0,00120578819246248;0,00027325580602345;0,000432479186939129;1,06964104577658;0,000494813262757059
"favor";0,780682912244829;-0,133569946895922;0,985677167579414;-0,168643177486145;0,981454284977069;0,018545715022931;0,000263581277747245;7,71583120933269e-06;0,000432479186939129;0,471496239512947;9,61438875012866e-05
"fashion";-0,929294511802511;2,41984676492325;-0,358503236221123;0,933528483560615;0,185978082291899;0,814021917708104;0,000280112971023765;0,00189933777674652;0,000324359390204346;1,28932109165048;0,000539198468172165
"expansion";1,73792353735017;0,435913731447359;0,96995404640797;0,243288199172926;0,960973765666566;0,039026234333432;0,00130625071755896;8,21800329827485e-05;0,000432479186939129;1,06075111445799;0,000486622522142448
"exist";-1,14743192637673;-1,51869624148287;-0,602823906594118;-0,797874261797313;0,469302987419614;0,530697012580386;0,000711752635781503;0,00124685818677381;0,000540598983673911;1,0021641612395;0,000542941402353156
"engage";-0,272570719005353;0,906162204394816;-0,288047861709882;0,957616013527533;0,122934354362934;0,877065645637069;4,01636916742864e-05;0,000443902011392406;0,000540598983673911;0,46513729716691;0,000116960052554729
"encourage";-1,13379833796585;-1,27253730358249;-0,665233284653465;-0,746635571741102;0,551524017984272;0,448475982015728;0,000555951420120711;0,000700335685591516;0,000432479186939129;0,913465603202687;0,000360869027239463
"emotional";2,62699622040106;-0,225397279711271;0,996339346345391;-0,0854862967032637;0,995270394933594;0,00472960506640484;0,00373073258838871;2,74645549255276e-05;0,000540598983673911;1,5755329945347;0,00134193113680802
"educate";0,780682912244829;-0,133569946895922;0,985677167579414;-0,168643177486145;0,981454284977069;0,018545715022931;0,000263581277747245;7,71583120933269e-06;0,000432479186939129;0,471496239512947;9,61438875012866e-05
"dossier";-1,20196628002029;-2,5033319930844;-0,432838454199657;-0,901471504023311;0,263158052360047;0,736841947639954;0,000624812601710809;0,00271020480813057;0,000432479186939129;1,40191779971328;0,000849983140729996
"diversity";-0,92929451180251;2,41984676492325;-0,358503236221123;0,933528483560615;0,185978082291899;0,814021917708104;0,000466854951706274;0,0031655629612442;0,000540598983673911;1,28932109165048;0,000898664113620275
"disadvantage";1,66975559529572;-0,794880958054552;0,902911047041847;-0,429827455067491;0,872382389486996;0,127617610513004;0,00120578819246248;0,00027325580602345;0,000432479186939129;1,06964104577658;0,000494813262757059
"direct";1,35067538692727;-0,984708850835646;0,808052703134544;-0,589110201029448;0,74454692598502;0,255453074014981;0,00059173662045123;0,000314515576034401;0,000324359390204346;0,936577124108066;0,000284520502563261
"desire";-0,929294511802511;2,41984676492325;-0,358503236221123;0,933528483560615;0,185978082291899;0,814021917708104;0,000280112971023765;0,00189933777674652;0,000324359390204346;1,28932109165048;0,000539198468172165
"degree";0,712514970190383;-1,36436463639783;0,462909425520817;-0,886405586491865;0,297009907181197;0,702990092818805;0,000219559988212954;0,000805056054082817;0,000432479186939129;0,782252793862125;0,000264642419074538
"definition";-0,108389770806063;0,527741064262708;-0,201184941264103;0,97955327543149;0,0613392060546627;0,93866079394534;5,08091357569077e-06;0,000120450051209487;0,000432479186939129;0,261853160607183;2,96538340231252e-05
"define";-0,327105072648909;-0,0784735472067131;-0,972408662888262;-0,233283930736478;0,964179213132852;0,0358207868671466;5,78428633109785e-05;3,32906130998174e-06;0,000540598983673911;0,199318217429149;2,1476782246261e-05
"curriculum";-1,20196628002029;-2,5033319930844;-0,432838454199657;-0,901471504023311;0,263158052360047;0,736841947639954;0,000624812601710809;0,00271020480813057;0,000432479186939129;1,40191779971328;0,000849983140729996
"contrast";-1,03836321908962;0,450575261720191;-0,91735636470537;0,398066954336264;0,891626208479121;0,108373791520879;0,000582872837473329;0,000109751360403405;0,000540598983673911;0,657955438156257;0,000234028196885821
"contextual";2,62699622040106;-0,225397279711271;0,996339346345391;-0,0854862967032636;0,995270394933594;0,00472960506640483;0,00298458607071097;2,19716439404221e-05;0,000432479186939129;1,5755329945347;0,00107354490944641
"consideration";0,780682912244829;-0,133569946895922;0,985677167579414;-0,168643177486145;0,981454284977069;0,018545715022931;0,000263581277747245;7,71583120933269e-06;0,000432479186939129;0,471496239512947;9,61438875012866e-05
"conceptual";-0,997462453856956;1,18905207542134;-0,64268525002188;0,766130321423395;0,521565298533734;0,478434701466267;0,000430287099947817;0,000611458466023912;0,000432479186939129;0,826381926439206;0,000295343102322575
"complex";0,780682912244829;-0,133569946895922;0,985677167579414;-0,168643177486145;0,981454284977069;0,018545715022931;0,000263581277747245;7,71583120933269e-06;0,000432479186939129;0,471496239512947;9,61438875012866e-05
"comparison";0,165245142859419;-0,102960835957473;0,848730129665815;-0,52882621625393;0,799612127795541;0,20038787220446;8,8569436388679e-06;3,43851240384743e-06;0,000324359390204346;0,110567531599063;3,96535161982152e-06
"childhood";-1,02018510120844;0,778787178920701;-0,79486674308488;0,606784031379893;0,726654034171954;0,273345965828047;0,000337586000884745;0,000196727041858989;0,000324359390204346;0,716067115620074;0,00016631596304653
"birth";2,62699622040106;-0,225397279711271;0,996339346345391;-0,0854862967032636;0,995270394933594;0,00472960506640483;0,00298458607071097;2,19716439404221e-05;0,000432479186939129;1,5755329945347;0,00107354490944641
"bibliography";-1,20196628002029;-2,5033319930844;-0,432838454199657;-0,901471504023312;0,263158052360047;0,736841947639954;0,000468609451283107;0,00203265360609792;0,000324359390204346;1,40191779971328;0,000637487355547497
"belo";0,493221781078917;1,36174914706944;0,340547709238884;0,940227237284768;0,168902765537959;0,831097234462042;0,000131510285074418;0,00100246553116248;0,000540598983673911;0,718062859750953;0,000278740550629104
"belief";-1,13379833796585;-1,27253730358249;-0,665233284653465;-0,746635571741102;0,551524017984272;0,448475982015728;0,000555951420120711;0,000700335685591516;0,000432479186939129;0,913465603202687;0,000360869027239463
"background";1,14994557387607;-0,151935413458992;0,991384263208287;-0,130985658233875;0,988856995919932;0,0111430040800665;0,000714874485283368;1,2479386886666e-05;0,000540598983673911;0,691909252614386;0,000258805499974807
"attribute";-0,244725654914954;-1,93384831474112;-0,125547229599613;-0,992087643880248;0,0242083906260642;0,975791609373938;2,59014579623973e-05;0,00161737238811852;0,000432479186939129;0,9410986223307;0,000383032378398851
"assumption";-1,20196628002029;-2,5033319930844;-0,432838454199657;-0,901471504023312;0,263158052360047;0,736841947639954;0,000468609451283107;0,00203265360609792;0,000324359390204346;1,40191779971328;0,000637487355547497
"artistic";-0,92929451180251;2,41984676492325;-0,358503236221123;0,933528483560615;0,185978082291899;0,814021917708104;0,000466854951706274;0,0031655629612442;0,000540598983673911;1,28932109165048;0,000898664113620275
"apc";2,62699622040106;-0,225397279711271;0,996339346345391;-0,0854862967032636;0,995270394933594;0,00472960506640483;0,00223843955303323;1,64787329553165e-05;0,000324359390204346;1,5755329945347;0,00080515868208481
"ancestry";0,165245142859419;-0,102960835957473;0,848730129665815;-0,52882621625393;0,799612127795541;0,20038787220446;8,8569436388679e-06;3,43851240384743e-06;0,000324359390204346;0,110567531599063;3,96535161982152e-06
"advance";-0,929294511802511;2,41984676492325;-0,358503236221123;0,933528483560615;0,185978082291899;0,814021917708104;0,000280112971023765;0,00189933777674652;0,000324359390204346;1,28932109165048;0,000539198468172165
"adult";2,62699622040106;-0,225397279711271;0,996339346345391;-0,0854862967032636;0,995270394933594;0,00472960506640483;0,00298458607071097;2,19716439404221e-05;0,000432479186939129;1,5755329945347;0,00107354490944641
"adjust";2,62699622040106;-0,225397279711271;0,996339346345391;-0,0854862967032637;0,995270394933594;0,00472960506640484;0,00373073258838871;2,74645549255276e-05;0,000540598983673911;1,5755329945347;0,00134193113680802
"achieve";1,4415659763332;0,656350735166903;0,910106236490564;0,414374997195754;0,881977272741803;0,118022727258195;0,000674055291638501;0,000139732821133355;0,000324359390204346;0,918426537608066;0,000273599515077113
"1990s";-1,11107569061436;-0,862272407081848;-0,790005626403134;-0,613099592441058;0,720055005317923;0,279944994682077;0,000400418160971193;0,000241165651642791;0,000324359390204346;0,783428571939928;0,000199078925504974
"western";-1,11107569061436;-0,862272407081848;-0,790005626403134;-0,613099592441058;0,720055005317923;0,279944994682077;0,000400418160971193;0,000241165651642791;0,000324359390204346;0,783428571939928;0,000199078925504974
"visual";1,73792353735017;0,435913731447359;0,96995404640797;0,243288199172926;0,960973765666566;0,039026234333432;0,00130625071755896;8,21800329827485e-05;0,000432479186939129;1,06075111445799;0,000486622522142448
"vision";-1,11107569061436;-0,862272407081848;-0,790005626403134;-0,613099592441058;0,720055005317923;0,279944994682077;0,000400418160971193;0,000241165651642791;0,000324359390204346;0,783428571939928;0,000199078925504974
"vary";2,62699622040106;-0,225397279711271;0,996339346345391;-0,0854862967032636;0,995270394933594;0,00472960506640483;0,00298458607071097;2,19716439404221e-05;0,000432479186939129;1,5755329945347;0,00107354490944641
"valid";1,66975559529572;-0,794880958054552;0,902911047041847;-0,429827455067491;0,872382389486996;0,127617610513004;0,00120578819246248;0,00027325580602345;0,000432479186939129;1,06964104577658;0,000494813262757059
"unequal";0,780682912244829;-0,133569946895922;0,985677167579414;-0,168643177486145;0,981454284977069;0,018545715022931;0,000263581277747245;7,71583120933269e-06;0,000432479186939129;0,471496239512947;9,61438875012866e-05
"undergraduate";2,62699622040106;-0,225397279711271;0,996339346345391;-0,0854862967032636;0,995270394933594;0,00472960506640483;0,00298458607071097;2,19716439404221e-05;0,000432479186939129;1,5755329945347;0,00107354490944641
"transvestite";-0,0402218287516181;1,75853575376462;-0,0228663602023456;0,999738530602425;0,000809774412967981;0,999190225587035;6,99662885987455e-07;0,00133741939551022;0,000432479186939129;0,845704000864092;0,000309315712867351
"today";-0,997462453856956;1,18905207542134;-0,64268525002188;0,766130321423395;0,521565298533734;0,478434701466267;0,000430287099947817;0,000611458466023912;0,000432479186939129;0,826381926439206;0,000295343102322575
"technology";-0,92929451180251;2,41984676492325;-0,358503236221123;0,933528483560615;0,185978082291899;0,814021917708104;0,000373483961365019;0,00253245036899536;0,000432479186939129;1,28932109165048;0,00071893129089622
"superior";1,66975559529572;-0,794880958054552;0,902911047041847;-0,429827455067491;0,872382389486996;0,127617610513004;0,00120578819246248;0,00027325580602345;0,000432479186939129;1,06964104577658;0,000494813262757059
"subordination";-1,0656303959114;-0,0417426140805738;-0,999233668554407;-0,0391417376632812;0,999010487054709;0,000989512945290494;0,000491109586199714;7,53571555964846e-07;0,000432479186939129;0,637911121263715;0,00017598901443699
"strengthen";-0,176557712860509;-0,703053625239204;-0,243566801258698;-0,969884123658391;0,0890036420301352;0,910996357969867;1,34815119344941e-05;0,000213767715412255;0,000432479186939129;0,354096311302976;5,42260558669583e-05
"sphere";-0,997462453856956;1,18905207542134;-0,64268525002188;0,766130321423395;0,521565298533734;0,478434701466267;0,000430287099947817;0,000611458466023912;0,000432479186939129;0,826381926439206;0,000295343102322575
"speak";-0,997462453856956;1,18905207542134;-0,64268525002188;0,766130321423395;0,521565298533734;0,478434701466267;0,000430287099947817;0,000611458466023912;0,000432479186939129;0,826381926439206;0,000295343102322575
"situate";-1,13379833796585;-1,27253730358249;-0,665233284653465;-0,746635571741102;0,551524017984272;0,448475982015728;0,000555951420120711;0,000700335685591516;0,000432479186939129;0,913465603202687;0,000360869027239463
"series";1,35067538692727;-0,984708850835646;0,808052703134544;-0,589110201029448;0,74454692598502;0,255453074014981;0,00059173662045123;0,000314515576034401;0,000324359390204346;0,936577124108066;0,000284520502563261
"select";-0,0402218287516181;1,75853575376462;-0,0228663602023456;0,999738530602425;0,000809774412967981;0,999190225587035;6,99662885987455e-07;0,00133741939551022;0,000432479186939129;0,845704000864092;0,000309315712867351
"segment";0,165245142859419;-0,102960835957473;0,848730129665815;-0,52882621625393;0,799612127795541;0,20038787220446;8,8569436388679e-06;3,43851240384743e-06;0,000324359390204346;0,110567531599063;3,96535161982152e-06
"sectional";2,62699622040106;-0,225397279711271;0,996339346345391;-0,0854862967032636;0,995270394933594;0,00472960506640483;0,00298458607071097;2,19716439404221e-05;0,000432479186939129;1,5755329945347;0,00107354490944641
"resident";1,73792353735017;0,435913731447359;0,96995404640797;0,243288199172926;0,960973765666566;0,039026234333432;0,00130625071755896;8,21800329827485e-05;0,000432479186939129;1,06075111445799;0,000486622522142448
"require";1,66975559529572;-0,794880958054552;0,902911047041847;-0,429827455067491;0,872382389486996;0,127617610513004;0,00120578819246248;0,00027325580602345;0,000432479186939129;1,06964104577658;0,000494813262757059
"reproduce";0,165245142859419;-0,102960835957473;0,848730129665815;-0,52882621625393;0,799612127795541;0,20038787220446;8,8569436388679e-06;3,43851240384743e-06;0,000324359390204346;0,110567531599063;3,96535161982152e-06
"relative";2,62699622040106;-0,225397279711271;0,996339346345391;-0,0854862967032636;0,995270394933594;0,00472960506640483;0,00223843955303323;1,64787329553165e-05;0,000324359390204346;1,5755329945347;0,00080515868208481
"regard";2,62699622040106;-0,225397279711271;0,996339346345391;-0,0854862967032636;0,995270394933594;0,00472960506640483;0,00223843955303323;1,64787329553165e-05;0,000324359390204346;1,5755329945347;0,00080515868208481
"recognize";-0,108389770806063;0,527741064262708;-0,201184941264103;0,97955327543149;0,0613392060546627;0,93866079394534;5,08091357569077e-06;0,000120450051209487;0,000432479186939129;0,261853160607183;2,96538340231252e-05
"range";2,62699622040106;-0,225397279711271;0,996339346345391;-0,0854862967032636;0,995270394933594;0,00472960506640483;0,00298458607071097;2,19716439404221e-05;0,000432479186939129;1,5755329945347;0,00107354490944641
"quantitative";2,62699622040106;-0,225397279711271;0,996339346345391;-0,0854862967032636;0,995270394933594;0,00472960506640483;0,00298458607071097;2,19716439404221e-05;0,000432479186939129;1,5755329945347;0,00107354490944641
"psychological";-1,02018510120844;0,778787178920701;-0,79486674308488;0,606784031379893;0,726654034171954;0,273345965828047;0,000337586000884745;0,000196727041858989;0,000324359390204346;0,716067115620074;0,00016631596304653
"proposition";-0,929294511802511;2,41984676492325;-0,358503236221123;0,933528483560615;0,185978082291899;0,814021917708104;0,000280112971023765;0,00189933777674652;0,000324359390204346;1,28932109165048;0,000539198468172165
"privilege";-0,244725654914954;-1,93384831474112;-0,125547229599613;-0,992087643880248;0,0242083906260642;0,975791609373938;2,59014579623973e-05;0,00161737238811852;0,000432479186939129;0,9410986223307;0,000383032378398851
"previous";1,35067538692727;-0,984708850835646;0,808052703134544;-0,589110201029448;0,74454692598502;0,255453074014981;0,00059173662045123;0,000314515576034401;0,000324359390204346;0,936577124108066;0,000284520502563261
"prevalence";2,62699622040106;-0,225397279711271;0,996339346345391;-0,0854862967032636;0,995270394933594;0,00472960506640483;0,00298458607071097;2,19716439404221e-05;0,000432479186939129;1,5755329945347;0,00107354490944641
"prepare";0,165245142859419;-0,102960835957473;0,848730129665815;-0,52882621625393;0,799612127795541;0,20038787220446;8,8569436388679e-06;3,43851240384743e-06;0,000324359390204346;0,110567531599063;3,96535161982152e-06
"precariousness";-0,929294511802511;2,41984676492325;-0,358503236221123;0,933528483560615;0,185978082291899;0,814021917708104;0,000280112971023765;0,00189933777674652;0,000324359390204346;1,28932109165048;0,000539198468172165
"precarious";1,4415659763332;0,656350735166903;0,910106236490564;0,414374997195754;0,881977272741803;0,118022727258195;0,000674055291638501;0,000139732821133355;0,000324359390204346;0,918426537608066;0,000273599515077113
"plan";-0,244725654914954;-1,93384831474112;-0,125547229599613;-0,992087643880248;0,0242083906260642;0,975791609373938;2,59014579623973e-05;0,00161737238811852;0,000432479186939129;0,9410986223307;0,000383032378398851
"photograph";-1,11107569061436;-0,862272407081848;-0,790005626403134;-0,613099592441058;0,720055005317923;0,279944994682077;0,000400418160971193;0,000241165651642791;0,000324359390204346;0,783428571939928;0,000199078925504974
"peripheral";0,165245142859419;-0,102960835957473;0,848730129665815;-0,52882621625393;0,799612127795541;0,20038787220446;8,8569436388679e-06;3,43851240384743e-06;0,000324359390204346;0,110567531599063;3,96535161982152e-06
"periodical";-0,929294511802511;2,41984676492325;-0,358503236221123;0,933528483560615;0,185978082291899;0,814021917708104;0,000280112971023765;0,00189933777674652;0,000324359390204346;1,28932109165048;0,000539198468172165
"pccs";1,35067538692727;-0,984708850835646;0,808052703134544;-0,589110201029448;0,74454692598502;0,255453074014981;0,00059173662045123;0,000314515576034401;0,000324359390204346;0,936577124108066;0,000284520502563261
"path";-0,929294511802511;2,41984676492325;-0,358503236221123;0,933528483560615;0,185978082291899;0,814021917708104;0,000280112971023765;0,00189933777674652;0,000324359390204346;1,28932109165048;0,000539198468172165
"oral";-1,20196628002029;-2,5033319930844;-0,432838454199657;-0,901471504023312;0,263158052360047;0,736841947639954;0,000468609451283107;0,00203265360609792;0,000324359390204346;1,40191779971328;0,000637487355547497
"neighborhood";1,73792353735017;0,435913731447359;0,96995404640797;0,243288199172926;0,960973765666566;0,039026234333432;0,00130625071755896;8,21800329827485e-05;0,000432479186939129;1,06075111445799;0,000486622522142448
"multiple";0,712514970190383;-1,36436463639783;0,462909425520817;-0,886405586491865;0,297009907181197;0,702990092818805;0,000219559988212954;0,000805056054082817;0,000432479186939129;0,782252793862125;0,000264642419074538
"mulata";-1,02018510120844;0,778787178920701;-0,79486674308488;0,606784031379893;0,726654034171954;0,273345965828047;0,000337586000884745;0,000196727041858989;0,000324359390204346;0,716067115620074;0,00016631596304653
"modernization";-0,0402218287516181;1,75853575376462;-0,0228663602023456;0,999738530602425;0,000809774412967981;0,999190225587035;6,99662885987455e-07;0,00133741939551022;0,000432479186939129;0,845704000864092;0,000309315712867351
"medicine";1,4415659763332;0,656350735166903;0,910106236490564;0,414374997195754;0,881977272741803;0,118022727258195;0,000674055291638501;0,000139732821133355;0,000324359390204346;0,918426537608066;0,000273599515077113
"matrix";-0,997462453856956;1,18905207542134;-0,64268525002188;0,766130321423395;0,521565298533734;0,478434701466267;0,000430287099947817;0,000611458466023912;0,000432479186939129;0,826381926439206;0,000295343102322575
"maintain";0,165245142859419;-0,102960835957473;0,848730129665815;-0,52882621625393;0,799612127795541;0,20038787220446;8,8569436388679e-06;3,43851240384743e-06;0,000324359390204346;0,110567531599063;3,96535161982152e-06
"logistic";2,62699622040106;-0,225397279711271;0,996339346345391;-0,0854862967032636;0,995270394933594;0,00472960506640483;0,00298458607071097;2,19716439404221e-05;0,000432479186939129;1,5755329945347;0,00107354490944641
"list";-1,20196628002029;-2,5033319930844;-0,432838454199657;-0,901471504023311;0,263158052360047;0,736841947639954;0,000624812601710809;0,00271020480813057;0,000432479186939129;1,40191779971328;0,000849983140729996
"land";1,4415659763332;0,656350735166903;0,910106236490564;0,414374997195754;0,881977272741803;0,118022727258195;0,000674055291638501;0,000139732821133355;0,000324359390204346;0,918426537608066;0,000273599515077113
"justice";0,165245142859419;-0,102960835957473;0,848730129665815;-0,52882621625393;0,799612127795541;0,20038787220446;8,8569436388679e-06;3,43851240384743e-06;0,000324359390204346;0,110567531599063;3,96535161982152e-06
"item";2,62699622040106;-0,225397279711271;0,996339346345391;-0,0854862967032636;0,995270394933594;0,00472960506640483;0,00298458607071097;2,19716439404221e-05;0,000432479186939129;1,5755329945347;0,00107354490944641
"interlocutor";-0,108389770806063;0,527741064262708;-0,201184941264103;0,97955327543149;0,0613392060546627;0,93866079394534;5,08091357569077e-06;0,000120450051209487;0,000432479186939129;0,261853160607183;2,96538340231252e-05
"interaction";0,256135732265346;1,53809875004508;0,164265415140227;0,986416176564846;0,0411906652553851;0,958809334744617;2,12797643020126e-05;0,000767352502397089;0,000324359390204346;0,755108507755792;0,000184946110439565
"insertion";-1,11107569061436;-0,862272407081848;-0,790005626403134;-0,613099592441058;0,720055005317923;0,279944994682077;0,000400418160971193;0,000241165651642791;0,000324359390204346;0,783428571939928;0,000199078925504974
"insert";-0,0402218287516181;1,75853575376462;-0,0228663602023456;0,999738530602425;0,000809774412967981;0,999190225587035;6,99662885987455e-07;0,00133741939551022;0,000432479186939129;0,845704000864092;0,000309315712867351
"initiative";-0,108389770806063;0,527741064262708;-0,201184941264103;0,97955327543149;0,0613392060546627;0,93866079394534;5,08091357569077e-06;0,000120450051209487;0,000432479186939129;0,261853160607183;2,96538340231252e-05
"indirect";1,66975559529572;-0,794880958054552;0,902911047041847;-0,429827455067491;0,872382389486996;0,127617610513004;0,00120578819246248;0,00027325580602345;0,000432479186939129;1,06964104577658;0,000494813262757059
"indigenous";0,780682912244829;-0,133569946895922;0,985677167579414;-0,168643177486145;0,981454284977069;0,018545715022931;0,000263581277747245;7,71583120933269e-06;0,000432479186939129;0,471496239512947;9,61438875012866e-05
"index";1,73792353735017;0,435913731447359;0,96995404640797;0,243288199172926;0,960973765666566;0,039026234333432;0,00130625071755896;8,21800329827485e-05;0,000432479186939129;1,06075111445799;0,000486622522142448
"inclusion";1,73792353735017;0,435913731447359;0,96995404640797;0,243288199172926;0,960973765666566;0,039026234333432;0,00130625071755896;8,21800329827485e-05;0,000432479186939129;1,06075111445799;0,000486622522142448
"imaginary";-0,997462453856956;1,18905207542134;-0,64268525002188;0,766130321423395;0,521565298533734;0,478434701466267;0,000430287099947817;0,000611458466023912;0,000432479186939129;0,826381926439206;0,000295343102322575
"homosexual";2,62699622040106;-0,225397279711271;0,996339346345391;-0,0854862967032636;0,995270394933594;0,00472960506640483;0,00298458607071097;2,19716439404221e-05;0,000432479186939129;1,5755329945347;0,00107354490944641
"historiographical";-1,02018510120844;0,778787178920701;-0,79486674308488;0,606784031379893;0,726654034171954;0,273345965828047;0,000337586000884745;0,000196727041858989;0,000324359390204346;0,716067115620074;0,00016631596304653
"hide";-0,92929451180251;2,41984676492325;-0,358503236221123;0,933528483560615;0,185978082291899;0,814021917708104;0,000373483961365019;0,00253245036899536;0,000432479186939129;1,28932109165048;0,00071893129089622
"hetero";2,62699622040106;-0,225397279711271;0,996339346345391;-0,0854862967032636;0,995270394933594;0,00472960506640483;0,00223843955303323;1,64787329553165e-05;0,000324359390204346;1,5755329945347;0,00080515868208481
"genocide";-1,20196628002029;-2,5033319930844;-0,432838454199657;-0,901471504023312;0,263158052360047;0,736841947639954;0,000468609451283107;0,00203265360609792;0,000324359390204346;1,40191779971328;0,000637487355547497
"function";-1,20196628002029;-2,5033319930844;-0,432838454199657;-0,901471504023311;0,263158052360047;0,736841947639954;0,000624812601710809;0,00271020480813057;0,000432479186939129;1,40191779971328;0,000849983140729996
"foundation";-0,997462453856956;1,18905207542134;-0,64268525002188;0,766130321423395;0,521565298533734;0,478434701466267;0,000430287099947817;0,000611458466023912;0,000432479186939129;0,826381926439206;0,000295343102322575
"fortaleza";1,4415659763332;0,656350735166903;0,910106236490564;0,414374997195754;0,881977272741803;0,118022727258195;0,000674055291638501;0,000139732821133355;0,000324359390204346;0,918426537608066;0,000273599515077113
"formal";-0,176557712860509;-0,703053625239204;-0,243566801258698;-0,969884123658391;0,0890036420301352;0,910996357969867;1,34815119344941e-05;0,000213767715412255;0,000432479186939129;0,354096311302976;5,42260558669583e-05
"finding";1,66975559529572;-0,794880958054552;0,902911047041847;-0,429827455067491;0,872382389486996;0,127617610513004;0,00120578819246248;0,00027325580602345;0,000432479186939129;1,06964104577658;0,000494813262757059
"fight";-1,20196628002029;-2,5033319930844;-0,432838454199657;-0,901471504023312;0,263158052360047;0,736841947639954;0,000468609451283107;0,00203265360609792;0,000324359390204346;1,40191779971328;0,000637487355547497
"extent";-1,13379833796585;-1,27253730358249;-0,665233284653465;-0,746635571741102;0,551524017984272;0,448475982015728;0,000555951420120711;0,000700335685591516;0,000432479186939129;0,913465603202687;0,000360869027239463
"expose";0,165245142859419;-0,102960835957473;0,848730129665815;-0,52882621625393;0,799612127795541;0,20038787220446;8,8569436388679e-06;3,43851240384743e-06;0,000324359390204346;0,110567531599063;3,96535161982152e-06
"expectation";-1,20196628002029;-2,5033319930844;-0,432838454199657;-0,901471504023312;0,263158052360047;0,736841947639954;0,000468609451283107;0,00203265360609792;0,000324359390204346;1,40191779971328;0,000637487355547497
"european";-1,02018510120844;0,778787178920701;-0,79486674308488;0,606784031379893;0,726654034171954;0,273345965828047;0,000337586000884745;0,000196727041858989;0,000324359390204346;0,716067115620074;0,00016631596304653
"equitable";0,780682912244829;-0,133569946895922;0,985677167579414;-0,168643177486145;0,981454284977069;0,018545715022931;0,000263581277747245;7,71583120933269e-06;0,000432479186939129;0,471496239512947;9,61438875012866e-05
"epidemiological";2,62699622040106;-0,225397279711271;0,996339346345391;-0,0854862967032636;0,995270394933594;0,00472960506640483;0,00223843955303323;1,64787329553165e-05;0,000324359390204346;1,5755329945347;0,00080515868208481
"ensure";-1,20196628002029;-2,5033319930844;-0,432838454199657;-0,901471504023312;0,263158052360047;0,736841947639954;0,000468609451283107;0,00203265360609792;0,000324359390204346;1,40191779971328;0,000637487355547497
"elementary";2,62699622040106;-0,225397279711271;0,996339346345391;-0,0854862967032636;0,995270394933594;0,00472960506640483;0,00298458607071097;2,19716439404221e-05;0,000432479186939129;1,5755329945347;0,00107354490944641
"elaboration";-0,929294511802511;2,41984676492325;-0,358503236221123;0,933528483560615;0,185978082291899;0,814021917708104;0,000280112971023765;0,00189933777674652;0,000324359390204346;1,28932109165048;0,000539198468172165
"elaborate";-0,929294511802511;2,41984676492325;-0,358503236221123;0,933528483560615;0,185978082291899;0,814021917708104;0,000280112971023765;0,00189933777674652;0,000324359390204346;1,28932109165048;0,000539198468172165
"efficacy";1,35067538692727;-0,984708850835646;0,808052703134544;-0,589110201029448;0,74454692598502;0,255453074014981;0,00059173662045123;0,000314515576034401;0,000324359390204346;0,936577124108066;0,000284520502563261
"dose";2,62699622040106;-0,225397279711271;0,996339346345391;-0,0854862967032636;0,995270394933594;0,00472960506640483;0,00223843955303323;1,64787329553165e-05;0,000324359390204346;1,5755329945347;0,00080515868208481
"domestic";-0,997462453856956;1,18905207542134;-0,64268525002188;0,766130321423395;0,521565298533734;0,478434701466267;0,000430287099947817;0,000611458466023912;0,000432479186939129;0,826381926439206;0,000295343102322575
"distribute";0,165245142859419;-0,102960835957473;0,848730129665815;-0,52882621625393;0,799612127795541;0,20038787220446;8,8569436388679e-06;3,43851240384743e-06;0,000324359390204346;0,110567531599063;3,96535161982152e-06
"death";1,4415659763332;0,656350735166903;0,910106236490564;0,414374997195754;0,881977272741803;0,118022727258195;0,000674055291638501;0,000139732821133355;0,000324359390204346;0,918426537608066;0,000273599515077113
"day";1,35067538692727;-0,984708850835646;0,808052703134544;-0,589110201029448;0,74454692598502;0,255453074014981;0,00059173662045123;0,000314515576034401;0,000324359390204346;0,936577124108066;0,000284520502563261
"cuban";-0,92929451180251;2,41984676492325;-0,358503236221123;0,933528483560615;0,185978082291899;0,814021917708104;0,000373483961365019;0,00253245036899536;0,000432479186939129;1,28932109165048;0,00071893129089622
"critically";-1,11107569061436;-0,862272407081848;-0,790005626403134;-0,613099592441058;0,720055005317923;0,279944994682077;0,000400418160971193;0,000241165651642791;0,000324359390204346;0,783428571939928;0,000199078925504974
"crisis";-1,20196628002029;-2,5033319930844;-0,432838454199657;-0,901471504023312;0,263158052360047;0,736841947639954;0,000468609451283107;0,00203265360609792;0,000324359390204346;1,40191779971328;0,000637487355547497
"criolo";-0,92929451180251;2,41984676492325;-0,358503236221123;0,933528483560615;0,185978082291899;0,814021917708104;0,000373483961365019;0,00253245036899536;0,000432479186939129;1,28932109165048;0,00071893129089622
"creative";0,165245142859419;-0,102960835957473;0,848730129665815;-0,52882621625393;0,799612127795541;0,20038787220446;8,8569436388679e-06;3,43851240384743e-06;0,000324359390204346;0,110567531599063;3,96535161982152e-06
"control";0,256135732265346;1,53809875004508;0,164265415140227;0,986416176564846;0,0411906652553851;0,958809334744617;2,12797643020126e-05;0,000767352502397089;0,000324359390204346;0,755108507755792;0,000184946110439565
"continue";-0,108389770806063;0,527741064262708;-0,201184941264103;0,97955327543149;0,0613392060546627;0,93866079394534;5,08091357569077e-06;0,000120450051209487;0,000432479186939129;0,261853160607183;2,96538340231252e-05
"connect";-1,20196628002029;-2,5033319930844;-0,432838454199657;-0,901471504023311;0,263158052360047;0,736841947639954;0,000624812601710809;0,00271020480813057;0,000432479186939129;1,40191779971328;0,000849983140729996
"conflict";-1,20196628002029;-2,5033319930844;-0,432838454199657;-0,901471504023311;0,263158052360047;0,736841947639954;0,000624812601710809;0,00271020480813057;0,000432479186939129;1,40191779971328;0,000849983140729996
"confirm";0,165245142859419;-0,102960835957473;0,848730129665815;-0,52882621625393;0,799612127795541;0,20038787220446;8,8569436388679e-06;3,43851240384743e-06;0,000324359390204346;0,110567531599063;3,96535161982152e-06
"configuration";-1,11107569061436;-0,862272407081848;-0,790005626403134;-0,613099592441058;0,720055005317923;0,279944994682077;0,000400418160971193;0,000241165651642791;0,000324359390204346;0,783428571939928;0,000199078925504974
"conceptualize";-1,13379833796585;-1,27253730358249;-0,665233284653465;-0,746635571741102;0,551524017984272;0,448475982015728;0,000555951420120711;0,000700335685591516;0,000432479186939129;0,913465603202687;0,000360869027239463
"comment";-0,929294511802511;2,41984676492325;-0,358503236221123;0,933528483560615;0,185978082291899;0,814021917708104;0,000280112971023765;0,00189933777674652;0,000324359390204346;1,28932109165048;0,000539198468172165
"combination";0,712514970190383;-1,36436463639783;0,462909425520817;-0,886405586491865;0,297009907181197;0,702990092818805;0,000219559988212954;0,000805056054082817;0,000432479186939129;0,782252793862125;0,000264642419074538
"close";0,712514970190383;-1,36436463639783;0,462909425520817;-0,886405586491865;0,297009907181197;0,702990092818805;0,000219559988212954;0,000805056054082817;0,000432479186939129;0,782252793862125;0,000264642419074538
"centre";1,35067538692727;-0,984708850835646;0,808052703134544;-0,589110201029448;0,74454692598502;0,255453074014981;0,00059173662045123;0,000314515576034401;0,000324359390204346;0,936577124108066;0,000284520502563261
"centrality";-0,929294511802511;2,41984676492325;-0,358503236221123;0,933528483560615;0,185978082291899;0,814021917708104;0,000280112971023765;0,00189933777674652;0,000324359390204346;1,28932109165048;0,000539198468172165
"ceará";0,256135732265346;1,53809875004508;0,164265415140227;0,986416176564846;0,0411906652553851;0,958809334744617;2,12797643020126e-05;0,000767352502397089;0,000324359390204346;0,755108507755792;0,000184946110439565
"capitalist";-0,92929451180251;2,41984676492325;-0,358503236221123;0,933528483560615;0,185978082291899;0,814021917708104;0,000373483961365019;0,00253245036899536;0,000432479186939129;1,28932109165048;0,00071893129089622
"capital";1,4415659763332;0,656350735166903;0,910106236490564;0,414374997195754;0,881977272741803;0,118022727258195;0,000674055291638501;0,000139732821133355;0,000324359390204346;0,918426537608066;0,000273599515077113
"benefit";-1,02018510120844;0,778787178920701;-0,79486674308488;0,606784031379893;0,726654034171954;0,273345965828047;0,000337586000884745;0,000196727041858989;0,000324359390204346;0,716067115620074;0,00016631596304653
"belong";-0,176557712860509;-0,703053625239204;-0,243566801258698;-0,969884123658391;0,0890036420301352;0,910996357969867;1,34815119344941e-05;0,000213767715412255;0,000432479186939129;0,354096311302976;5,42260558669583e-05
"basis";-1,02018510120844;0,778787178920701;-0,79486674308488;0,606784031379893;0,726654034171954;0,273345965828047;0,000337586000884745;0,000196727041858989;0,000324359390204346;0,716067115620074;0,00016631596304653
"basic";-1,02018510120844;0,778787178920701;-0,79486674308488;0,606784031379893;0,726654034171954;0,273345965828047;0,000337586000884745;0,000196727041858989;0,000324359390204346;0,716067115620074;0,00016631596304653
"baby";0,256135732265346;1,53809875004508;0,164265415140227;0,986416176564846;0,0411906652553851;0,958809334744617;2,12797643020126e-05;0,000767352502397089;0,000324359390204346;0,755108507755792;0,000184946110439565
"audiovisual";-0,929294511802511;2,41984676492325;-0,358503236221123;0,933528483560615;0,185978082291899;0,814021917708104;0,000280112971023765;0,00189933777674652;0,000324359390204346;1,28932109165048;0,000539198468172165
"attitude";0,165245142859419;-0,102960835957473;0,848730129665815;-0,52882621625393;0,799612127795541;0,20038787220446;8,8569436388679e-06;3,43851240384743e-06;0,000324359390204346;0,110567531599063;3,96535161982152e-06
"atlantic";-1,20196628002029;-2,5033319930844;-0,432838454199657;-0,901471504023312;0,263158052360047;0,736841947639954;0,000468609451283107;0,00203265360609792;0,000324359390204346;1,40191779971328;0,000637487355547497
"alternative";-0,997462453856956;1,18905207542134;-0,64268525002188;0,766130321423395;0,521565298533734;0,478434701466267;0,000430287099947817;0,000611458466023912;0,000432479186939129;0,826381926439206;0,000295343102322575
"al";0,0743545534534918;-1,74402042196002;0,042595298169604;-0,999092408425688;0,00280792483952209;0,99719207516048;1,79325320118981e-06;0,000986573867081937;0,000324359390204346;0,839563265135127;0,000228630060384157
"agent";-0,929294511802511;2,41984676492325;-0,358503236221123;0,933528483560615;0,185978082291899;0,814021917708104;0,000280112971023765;0,00189933777674652;0,000324359390204346;1,28932109165048;0,000539198468172165
"aesthetic";0,165245142859419;-0,102960835957473;0,848730129665815;-0,52882621625393;0,799612127795541;0,20038787220446;8,8569436388679e-06;3,43851240384743e-06;0,000324359390204346;0,110567531599063;3,96535161982152e-06
"activist";-1,11107569061436;-0,862272407081848;-0,790005626403134;-0,613099592441058;0,720055005317923;0,279944994682077;0,000400418160971193;0,000241165651642791;0,000324359390204346;0,783428571939928;0,000199078925504974
"active";0,165245142859419;-0,102960835957473;0,848730129665815;-0,52882621625393;0,799612127795541;0,20038787220446;8,8569436388679e-06;3,43851240384743e-06;0,000324359390204346;0,110567531599063;3,96535161982152e-06
"abaetê";-0,92929451180251;2,41984676492325;-0,358503236221123;0,933528483560615;0,185978082291899;0,814021917708104;0,000373483961365019;0,00253245036899536;0,000432479186939129;1,28932109165048;0,00071893129089622
"0perc";2,62699622040106;-0,225397279711271;0,996339346345391;-0,0854862967032636;0,995270394933594;0,00472960506640483;0,00223843955303323;1,64787329553165e-05;0,000324359390204346;1,5755329945347;0,00080515868208481
"vaccination";1,4415659763332;0,656350735166903;0,910106236490564;0,414374997195754;0,881977272741803;0,118022727258195;0,000674055291638501;0,000139732821133355;0,000324359390204346;0,918426537608066;0,000273599515077113
"unit";2,62699622040106;-0,225397279711271;0,996339346345391;-0,0854862967032636;0,995270394933594;0,00472960506640483;0,00223843955303323;1,64787329553165e-05;0,000324359390204346;1,5755329945347;0,00080515868208481
"treat";0,256135732265346;1,53809875004508;0,164265415140227;0,986416176564846;0,0411906652553851;0,958809334744617;2,12797643020126e-05;0,000767352502397089;0,000324359390204346;0,755108507755792;0,000184946110439565
"traditional";-0,929294511802511;2,41984676492325;-0,358503236221123;0,933528483560615;0,185978082291899;0,814021917708104;0,000280112971023765;0,00189933777674652;0,000324359390204346;1,28932109165048;0,000539198468172165
"test";1,35067538692727;-0,984708850835646;0,808052703134544;-0,589110201029448;0,74454692598502;0,255453074014981;0,00059173662045123;0,000314515576034401;0,000324359390204346;0,936577124108066;0,000284520502563261
"systemic";-1,02018510120844;0,778787178920701;-0,79486674308488;0,606784031379893;0,726654034171954;0,273345965828047;0,000337586000884745;0,000196727041858989;0,000324359390204346;0,716067115620074;0,00016631596304653
"systematic";0,0743545534534918;-1,74402042196002;0,042595298169604;-0,999092408425688;0,00280792483952209;0,99719207516048;1,79325320118981e-06;0,000986573867081937;0,000324359390204346;0,839563265135127;0,000228630060384157
"symbolic";-0,929294511802511;2,41984676492325;-0,358503236221123;0,933528483560615;0,185978082291899;0,814021917708104;0,000280112971023765;0,00189933777674652;0,000324359390204346;1,28932109165048;0,000539198468172165
"subjective";-1,02018510120844;0,778787178920701;-0,79486674308488;0,606784031379893;0,726654034171954;0,273345965828047;0,000337586000884745;0,000196727041858989;0,000324359390204346;0,716067115620074;0,00016631596304653
"stereotype";-0,929294511802511;2,41984676492325;-0,358503236221123;0,933528483560615;0,185978082291899;0,814021917708104;0,000280112971023765;0,00189933777674652;0,000324359390204346;1,28932109165048;0,000539198468172165
"standard";0,165245142859419;-0,102960835957473;0,848730129665815;-0,52882621625393;0,799612127795541;0,20038787220446;8,8569436388679e-06;3,43851240384743e-06;0,000324359390204346;0,110567531599063;3,96535161982152e-06
"stage";0,256135732265346;1,53809875004508;0,164265415140227;0,986416176564846;0,0411906652553851;0,958809334744617;2,12797643020126e-05;0,000767352502397089;0,000324359390204346;0,755108507755792;0,000184946110439565
"southeast";1,4415659763332;0,656350735166903;0,910106236490564;0,414374997195754;0,881977272741803;0,118022727258195;0,000674055291638501;0,000139732821133355;0,000324359390204346;0,918426537608066;0,000273599515077113
"slum";2,62699622040106;-0,225397279711271;0,996339346345391;-0,0854862967032636;0,995270394933594;0,00472960506640483;0,00223843955303323;1,64787329553165e-05;0,000324359390204346;1,5755329945347;0,00080515868208481
"sinasc";2,62699622040106;-0,225397279711271;0,996339346345391;-0,0854862967032636;0,995270394933594;0,00472960506640483;0,00223843955303323;1,64787329553165e-05;0,000324359390204346;1,5755329945347;0,00080515868208481
"similarity";0,165245142859419;-0,102960835957473;0,848730129665815;-0,52882621625393;0,799612127795541;0,20038787220446;8,8569436388679e-06;3,43851240384743e-06;0,000324359390204346;0,110567531599063;3,96535161982152e-06
"significantly";1,4415659763332;0,656350735166903;0,910106236490564;0,414374997195754;0,881977272741803;0,118022727258195;0,000674055291638501;0,000139732821133355;0,000324359390204346;0,918426537608066;0,000273599515077113
"scientist";-0,929294511802511;2,41984676492325;-0,358503236221123;0,933528483560615;0,185978082291899;0,814021917708104;0,000280112971023765;0,00189933777674652;0,000324359390204346;1,28932109165048;0,000539198468172165
"rise";-1,11107569061436;-0,862272407081848;-0,790005626403134;-0,613099592441058;0,720055005317923;0,279944994682077;0,000400418160971193;0,000241165651642791;0,000324359390204346;0,783428571939928;0,000199078925504974
"response";1,35067538692727;-0,984708850835646;0,808052703134544;-0,589110201029448;0,74454692598502;0,255453074014981;0,00059173662045123;0,000314515576034401;0,000324359390204346;0,936577124108066;0,000284520502563261
"respondent";2,62699622040106;-0,225397279711271;0,996339346345391;-0,0854862967032636;0,995270394933594;0,00472960506640483;0,00223843955303323;1,64787329553165e-05;0,000324359390204346;1,5755329945347;0,00080515868208481
"recife";2,62699622040106;-0,225397279711271;0,996339346345391;-0,0854862967032636;0,995270394933594;0,00472960506640483;0,00223843955303323;1,64787329553165e-05;0,000324359390204346;1,5755329945347;0,00080515868208481
"recently";-1,20196628002029;-2,5033319930844;-0,432838454199657;-0,901471504023312;0,263158052360047;0,736841947639954;0,000468609451283107;0,00203265360609792;0,000324359390204346;1,40191779971328;0,000637487355547497
"raca";-0,929294511802511;2,41984676492325;-0,358503236221123;0,933528483560615;0,185978082291899;0,814021917708104;0,000280112971023765;0,00189933777674652;0,000324359390204346;1,28932109165048;0,000539198468172165
"quality";0,165245142859419;-0,102960835957473;0,848730129665815;-0,52882621625393;0,799612127795541;0,20038787220446;8,8569436388679e-06;3,43851240384743e-06;0,000324359390204346;0,110567531599063;3,96535161982152e-06
"put";0,165245142859419;-0,102960835957473;0,848730129665815;-0,52882621625393;0,799612127795541;0,20038787220446;8,8569436388679e-06;3,43851240384743e-06;0,000324359390204346;0,110567531599063;3,96535161982152e-06
"properly";-1,20196628002029;-2,5033319930844;-0,432838454199657;-0,901471504023312;0,263158052360047;0,736841947639954;0,000468609451283107;0,00203265360609792;0,000324359390204346;1,40191779971328;0,000637487355547497
"professor";-1,20196628002029;-2,5033319930844;-0,432838454199657;-0,901471504023312;0,263158052360047;0,736841947639954;0,000468609451283107;0,00203265360609792;0,000324359390204346;1,40191779971328;0,000637487355547497
"procedure";0,165245142859419;-0,102960835957473;0,848730129665815;-0,52882621625393;0,799612127795541;0,20038787220446;8,8569436388679e-06;3,43851240384743e-06;0,000324359390204346;0,110567531599063;3,96535161982152e-06
"prenatal";2,62699622040106;-0,225397279711271;0,996339346345391;-0,0854862967032636;0,995270394933594;0,00472960506640483;0,00223843955303323;1,64787329553165e-05;0,000324359390204346;1,5755329945347;0,00080515868208481
"predominantly";0,165245142859419;-0,102960835957473;0,848730129665815;-0,52882621625393;0,799612127795541;0,20038787220446;8,8569436388679e-06;3,43851240384743e-06;0,000324359390204346;0,110567531599063;3,96535161982152e-06
"predominance";1,4415659763332;0,656350735166903;0,910106236490564;0,414374997195754;0,881977272741803;0,118022727258195;0,000674055291638501;0,000139732821133355;0,000324359390204346;0,918426537608066;0,000273599515077113
"pre";-1,11107569061436;-0,862272407081848;-0,790005626403134;-0,613099592441058;0,720055005317923;0,279944994682077;0,000400418160971193;0,000241165651642791;0,000324359390204346;0,783428571939928;0,000199078925504974
"poor";0,0743545534534918;-1,74402042196002;0,042595298169604;-0,999092408425688;0,00280792483952209;0,99719207516048;1,79325320118981e-06;0,000986573867081937;0,000324359390204346;0,839563265135127;0,000228630060384157
"pnad";2,62699622040106;-0,225397279711271;0,996339346345391;-0,0854862967032636;0,995270394933594;0,00472960506640483;0,00223843955303323;1,64787329553165e-05;0,000324359390204346;1,5755329945347;0,00080515868208481
"physic";1,35067538692727;-0,984708850835646;0,808052703134544;-0,589110201029448;0,74454692598502;0,255453074014981;0,00059173662045123;0,000314515576034401;0,000324359390204346;0,936577124108066;0,000284520502563261
"periphery";0,165245142859419;-0,102960835957473;0,848730129665815;-0,52882621625393;0,799612127795541;0,20038787220446;8,8569436388679e-06;3,43851240384743e-06;0,000324359390204346;0,110567531599063;3,96535161982152e-06
"percent";2,62699622040106;-0,225397279711271;0,996339346345391;-0,0854862967032636;0,995270394933594;0,00472960506640483;0,00223843955303323;1,64787329553165e-05;0,000324359390204346;1,5755329945347;0,00080515868208481
"partner";1,4415659763332;0,656350735166903;0,910106236490564;0,414374997195754;0,881977272741803;0,118022727258195;0,000674055291638501;0,000139732821133355;0,000324359390204346;0,918426537608066;0,000273599515077113
"paradigm";-0,929294511802511;2,41984676492325;-0,358503236221123;0,933528483560615;0,185978082291899;0,814021917708104;0,000280112971023765;0,00189933777674652;0,000324359390204346;1,28932109165048;0,000539198468172165
"overview";-0,929294511802511;2,41984676492325;-0,358503236221123;0,933528483560615;0,185978082291899;0,814021917708104;0,000280112971023765;0,00189933777674652;0,000324359390204346;1,28932109165048;0,000539198468172165
"opportunity";2,62699622040106;-0,225397279711271;0,996339346345391;-0,0854862967032636;0,995270394933594;0,00472960506640483;0,00223843955303323;1,64787329553165e-05;0,000324359390204346;1,5755329945347;0,00080515868208481
"operate";-0,929294511802511;2,41984676492325;-0,358503236221123;0,933528483560615;0,185978082291899;0,814021917708104;0,000280112971023765;0,00189933777674652;0,000324359390204346;1,28932109165048;0,000539198468172165
"official";0,0743545534534918;-1,74402042196002;0,042595298169604;-0,999092408425688;0,00280792483952209;0,99719207516048;1,79325320118981e-06;0,000986573867081937;0,000324359390204346;0,839563265135127;0,000228630060384157
"occasion";1,35067538692727;-0,984708850835646;0,808052703134544;-0,589110201029448;0,74454692598502;0,255453074014981;0,00059173662045123;0,000314515576034401;0,000324359390204346;0,936577124108066;0,000284520502563261
"observation";-1,02018510120844;0,778787178920701;-0,79486674308488;0,606784031379893;0,726654034171954;0,273345965828047;0,000337586000884745;0,000196727041858989;0,000324359390204346;0,716067115620074;0,00016631596304653
"northeast";0,165245142859419;-0,102960835957473;0,848730129665815;-0,52882621625393;0,799612127795541;0,20038787220446;8,8569436388679e-06;3,43851240384743e-06;0,000324359390204346;0,110567531599063;3,96535161982152e-06
"nascimento";-1,02018510120844;0,778787178920701;-0,79486674308488;0,606784031379893;0,726654034171954;0,273345965828047;0,000337586000884745;0,000196727041858989;0,000324359390204346;0,716067115620074;0,00016631596304653
"nacional";0,165245142859419;-0,102960835957473;0,848730129665815;-0,52882621625393;0,799612127795541;0,20038787220446;8,8569436388679e-06;3,43851240384743e-06;0,000324359390204346;0,110567531599063;3,96535161982152e-06
"myth";-1,20196628002029;-2,5033319930844;-0,432838454199657;-0,901471504023312;0,263158052360047;0,736841947639954;0,000468609451283107;0,00203265360609792;0,000324359390204346;1,40191779971328;0,000637487355547497
"month";2,62699622040106;-0,225397279711271;0,996339346345391;-0,0854862967032636;0,995270394933594;0,00472960506640483;0,00223843955303323;1,64787329553165e-05;0,000324359390204346;1,5755329945347;0,00080515868208481
"monitor";2,62699622040106;-0,225397279711271;0,996339346345391;-0,0854862967032636;0,995270394933594;0,00472960506640483;0,00223843955303323;1,64787329553165e-05;0,000324359390204346;1,5755329945347;0,00080515868208481
"migration";-1,11107569061436;-0,862272407081848;-0,790005626403134;-0,613099592441058;0,720055005317923;0,279944994682077;0,000400418160971193;0,000241165651642791;0,000324359390204346;0,783428571939928;0,000199078925504974
"major";0,0743545534534918;-1,74402042196002;0,042595298169604;-0,999092408425688;0,00280792483952209;0,99719207516048;1,79325320118981e-06;0,000986573867081937;0,000324359390204346;0,839563265135127;0,000228630060384157
"logic";0,165245142859419;-0,102960835957473;0,848730129665815;-0,52882621625393;0,799612127795541;0,20038787220446;8,8569436388679e-06;3,43851240384743e-06;0,000324359390204346;0,110567531599063;3,96535161982152e-06
"locate";-1,02018510120844;0,778787178920701;-0,79486674308488;0,606784031379893;0,726654034171954;0,273345965828047;0,000337586000884745;0,000196727041858989;0,000324359390204346;0,716067115620074;0,00016631596304653
"library";1,35067538692727;-0,984708850835646;0,808052703134544;-0,589110201029448;0,74454692598502;0,255453074014981;0,00059173662045123;0,000314515576034401;0,000324359390204346;0,936577124108066;0,000284520502563261
"leave";-1,02018510120844;0,778787178920701;-0,79486674308488;0,606784031379893;0,726654034171954;0,273345965828047;0,000337586000884745;0,000196727041858989;0,000324359390204346;0,716067115620074;0,00016631596304653
"judicial";0,0743545534534918;-1,74402042196002;0,042595298169604;-0,999092408425688;0,00280792483952209;0,99719207516048;1,79325320118981e-06;0,000986573867081937;0,000324359390204346;0,839563265135127;0,000228630060384157
"itinerary";1,35067538692727;-0,984708850835646;0,808052703134544;-0,589110201029448;0,74454692598502;0,255453074014981;0,00059173662045123;0,000314515576034401;0,000324359390204346;0,936577124108066;0,000284520502563261
"ipva";1,4415659763332;0,656350735166903;0,910106236490564;0,414374997195754;0,881977272741803;0,118022727258195;0,000674055291638501;0,000139732821133355;0,000324359390204346;0,918426537608066;0,000273599515077113
"involvement";1,35067538692727;-0,984708850835646;0,808052703134544;-0,589110201029448;0,74454692598502;0,255453074014981;0,00059173662045123;0,000314515576034401;0,000324359390204346;0,936577124108066;0,000284520502563261
"introduction";0,256135732265346;1,53809875004508;0,164265415140227;0,986416176564846;0,0411906652553851;0,958809334744617;2,12797643020126e-05;0,000767352502397089;0,000324359390204346;0,755108507755792;0,000184946110439565
"internal";-1,11107569061436;-0,862272407081848;-0,790005626403134;-0,613099592441058;0,720055005317923;0,279944994682077;0,000400418160971193;0,000241165651642791;0,000324359390204346;0,783428571939928;0,000199078925504974
"insight";-1,20196628002029;-2,5033319930844;-0,432838454199657;-0,901471504023312;0,263158052360047;0,736841947639954;0,000468609451283107;0,00203265360609792;0,000324359390204346;1,40191779971328;0,000637487355547497
"inform";0,256135732265346;1,53809875004508;0,164265415140227;0,986416176564846;0,0411906652553851;0,958809334744617;2,12797643020126e-05;0,000767352502397089;0,000324359390204346;0,755108507755792;0,000184946110439565
"infer";0,256135732265346;1,53809875004508;0,164265415140227;0,986416176564846;0,0411906652553851;0,958809334744617;2,12797643020126e-05;0,000767352502397089;0,000324359390204346;0,755108507755792;0,000184946110439565
"incorporate";0,165245142859419;-0,102960835957473;0,848730129665815;-0,52882621625393;0,799612127795541;0,20038787220446;8,8569436388679e-06;3,43851240384743e-06;0,000324359390204346;0,110567531599063;3,96535161982152e-06
"incompleteness";2,62699622040106;-0,225397279711271;0,996339346345391;-0,0854862967032636;0,995270394933594;0,00472960506640483;0,00223843955303323;1,64787329553165e-05;0,000324359390204346;1,5755329945347;0,00080515868208481
"improvement";2,62699622040106;-0,225397279711271;0,996339346345391;-0,0854862967032636;0,995270394933594;0,00472960506640483;0,00223843955303323;1,64787329553165e-05;0,000324359390204346;1,5755329945347;0,00080515868208481
"imply";-1,02018510120844;0,778787178920701;-0,79486674308488;0,606784031379893;0,726654034171954;0,273345965828047;0,000337586000884745;0,000196727041858989;0,000324359390204346;0,716067115620074;0,00016631596304653
"imbricated";0,165245142859419;-0,102960835957473;0,848730129665815;-0,52882621625393;0,799612127795541;0,20038787220446;8,8569436388679e-06;3,43851240384743e-06;0,000324359390204346;0,110567531599063;3,96535161982152e-06
"icms";1,4415659763332;0,656350735166903;0,910106236490564;0,414374997195754;0,881977272741803;0,118022727258195;0,000674055291638501;0,000139732821133355;0,000324359390204346;0,918426537608066;0,000273599515077113
"ibge";0,256135732265346;1,53809875004508;0,164265415140227;0,986416176564846;0,0411906652553851;0,958809334744617;2,12797643020126e-05;0,000767352502397089;0,000324359390204346;0,755108507755792;0,000184946110439565
"historian";-0,929294511802511;2,41984676492325;-0,358503236221123;0,933528483560615;0,185978082291899;0,814021917708104;0,000280112971023765;0,00189933777674652;0,000324359390204346;1,28932109165048;0,000539198468172165
"hegemonic";-1,11107569061436;-0,862272407081848;-0,790005626403134;-0,613099592441058;0,720055005317923;0,279944994682077;0,000400418160971193;0,000241165651642791;0,000324359390204346;0,783428571939928;0,000199078925504974
"hear";1,35067538692727;-0,984708850835646;0,808052703134544;-0,589110201029448;0,74454692598502;0,255453074014981;0,00059173662045123;0,000314515576034401;0,000324359390204346;0,936577124108066;0,000284520502563261
"healthcare";-1,11107569061436;-0,862272407081848;-0,790005626403134;-0,613099592441058;0,720055005317923;0,279944994682077;0,000400418160971193;0,000241165651642791;0,000324359390204346;0,783428571939928;0,000199078925504974
"guideline";-1,11107569061436;-0,862272407081848;-0,790005626403134;-0,613099592441058;0,720055005317923;0,279944994682077;0,000400418160971193;0,000241165651642791;0,000324359390204346;0,783428571939928;0,000199078925504974
"ground";0,165245142859419;-0,102960835957473;0,848730129665815;-0,52882621625393;0,799612127795541;0,20038787220446;8,8569436388679e-06;3,43851240384743e-06;0,000324359390204346;0,110567531599063;3,96535161982152e-06
"graduate";0,165245142859419;-0,102960835957473;0,848730129665815;-0,52882621625393;0,799612127795541;0,20038787220446;8,8569436388679e-06;3,43851240384743e-06;0,000324359390204346;0,110567531599063;3,96535161982152e-06
"government";-1,02018510120844;0,778787178920701;-0,79486674308488;0,606784031379893;0,726654034171954;0,273345965828047;0,000337586000884745;0,000196727041858989;0,000324359390204346;0,716067115620074;0,00016631596304653
"fluminense";0,0743545534534918;-1,74402042196002;0,042595298169604;-0,999092408425688;0,00280792483952209;0,99719207516048;1,79325320118981e-06;0,000986573867081937;0,000324359390204346;0,839563265135127;0,000228630060384157
"failure";0,0743545534534918;-1,74402042196002;0,042595298169604;-0,999092408425688;0,00280792483952209;0,99719207516048;1,79325320118981e-06;0,000986573867081937;0,000324359390204346;0,839563265135127;0,000228630060384157
"exposure";0,0743545534534918;-1,74402042196002;0,042595298169604;-0,999092408425688;0,00280792483952209;0,99719207516048;1,79325320118981e-06;0,000986573867081937;0,000324359390204346;0,839563265135127;0,000228630060384157
"exclude";1,35067538692727;-0,984708850835646;0,808052703134544;-0,589110201029448;0,74454692598502;0,255453074014981;0,00059173662045123;0,000314515576034401;0,000324359390204346;0,936577124108066;0,000284520502563261
"evaluation";1,35067538692727;-0,984708850835646;0,808052703134544;-0,589110201029448;0,74454692598502;0,255453074014981;0,00059173662045123;0,000314515576034401;0,000324359390204346;0,936577124108066;0,000284520502563261
"erasure";-0,929294511802511;2,41984676492325;-0,358503236221123;0,933528483560615;0,185978082291899;0,814021917708104;0,000280112971023765;0,00189933777674652;0,000324359390204346;1,28932109165048;0,000539198468172165
"epidemic";0,165245142859419;-0,102960835957473;0,848730129665815;-0,52882621625393;0,799612127795541;0,20038787220446;8,8569436388679e-06;3,43851240384743e-06;0,000324359390204346;0,110567531599063;3,96535161982152e-06
"enhance";1,35067538692727;-0,984708850835646;0,808052703134544;-0,589110201029448;0,74454692598502;0,255453074014981;0,00059173662045123;0,000314515576034401;0,000324359390204346;0,936577124108066;0,000284520502563261
"enem";2,62699622040106;-0,225397279711271;0,996339346345391;-0,0854862967032636;0,995270394933594;0,00472960506640483;0,00223843955303323;1,64787329553165e-05;0,000324359390204346;1,5755329945347;0,00080515868208481
"emancipatory";-1,02018510120844;0,778787178920701;-0,79486674308488;0,606784031379893;0,726654034171954;0,273345965828047;0,000337586000884745;0,000196727041858989;0,000324359390204346;0,716067115620074;0,00016631596304653
"effective";-1,11107569061436;-0,862272407081848;-0,790005626403134;-0,613099592441058;0,720055005317923;0,279944994682077;0,000400418160971193;0,000241165651642791;0,000324359390204346;0,783428571939928;0,000199078925504974
"economics";-0,929294511802511;2,41984676492325;-0,358503236221123;0,933528483560615;0,185978082291899;0,814021917708104;0,000280112971023765;0,00189933777674652;0,000324359390204346;1,28932109165048;0,000539198468172165
"drama";-1,02018510120844;0,778787178920701;-0,79486674308488;0,606784031379893;0,726654034171954;0,273345965828047;0,000337586000884745;0,000196727041858989;0,000324359390204346;0,716067115620074;0,00016631596304653
"dominant";-1,02018510120844;0,778787178920701;-0,79486674308488;0,606784031379893;0,726654034171954;0,273345965828047;0,000337586000884745;0,000196727041858989;0,000324359390204346;0,716067115620074;0,00016631596304653
"disseminate";-1,20196628002029;-2,5033319930844;-0,432838454199657;-0,901471504023312;0,263158052360047;0,736841947639954;0,000468609451283107;0,00203265360609792;0,000324359390204346;1,40191779971328;0,000637487355547497
"discursive";-0,929294511802511;2,41984676492325;-0,358503236221123;0,933528483560615;0,185978082291899;0,814021917708104;0,000280112971023765;0,00189933777674652;0,000324359390204346;1,28932109165048;0,000539198468172165
"difficulty";0,0743545534534918;-1,74402042196002;0,042595298169604;-0,999092408425688;0,00280792483952209;0,99719207516048;1,79325320118981e-06;0,000986573867081937;0,000324359390204346;0,839563265135127;0,000228630060384157
"device";-0,929294511802511;2,41984676492325;-0,358503236221123;0,933528483560615;0,185978082291899;0,814021917708104;0,000280112971023765;0,00189933777674652;0,000324359390204346;1,28932109165048;0,000539198468172165
"design";0,256135732265346;1,53809875004508;0,164265415140227;0,986416176564846;0,0411906652553851;0,958809334744617;2,12797643020126e-05;0,000767352502397089;0,000324359390204346;0,755108507755792;0,000184946110439565
"deepen";-1,11107569061436;-0,862272407081848;-0,790005626403134;-0,613099592441058;0,720055005317923;0,279944994682077;0,000400418160971193;0,000241165651642791;0,000324359390204346;0,783428571939928;0,000199078925504974
"deductive";-1,11107569061436;-0,862272407081848;-0,790005626403134;-0,613099592441058;0,720055005317923;0,279944994682077;0,000400418160971193;0,000241165651642791;0,000324359390204346;0,783428571939928;0,000199078925504974
"cure";2,62699622040106;-0,225397279711271;0,996339346345391;-0,0854862967032636;0,995270394933594;0,00472960506640483;0,00223843955303323;1,64787329553165e-05;0,000324359390204346;1,5755329945347;0,00080515868208481
"crime";0,0743545534534918;-1,74402042196002;0,042595298169604;-0,999092408425688;0,00280792483952209;0,99719207516048;1,79325320118981e-06;0,000986573867081937;0,000324359390204346;0,839563265135127;0,000228630060384157
"correlate";1,35067538692727;-0,984708850835646;0,808052703134544;-0,589110201029448;0,74454692598502;0,255453074014981;0,00059173662045123;0,000314515576034401;0,000324359390204346;0,936577124108066;0,000284520502563261
"contemplate";0,0743545534534918;-1,74402042196002;0,042595298169604;-0,999092408425688;0,00280792483952209;0,99719207516048;1,79325320118981e-06;0,000986573867081937;0,000324359390204346;0,839563265135127;0,000228630060384157
"consultation";2,62699622040106;-0,225397279711271;0,996339346345391;-0,0854862967032636;0,995270394933594;0,00472960506640483;0,00223843955303323;1,64787329553165e-05;0,000324359390204346;1,5755329945347;0,00080515868208481
"consistent";2,62699622040106;-0,225397279711271;0,996339346345391;-0,0854862967032636;0,995270394933594;0,00472960506640483;0,00223843955303323;1,64787329553165e-05;0,000324359390204346;1,5755329945347;0,00080515868208481
"consist";-1,11107569061436;-0,862272407081848;-0,790005626403134;-0,613099592441058;0,720055005317923;0,279944994682077;0,000400418160971193;0,000241165651642791;0,000324359390204346;0,783428571939928;0,000199078925504974
"conservative";-0,929294511802511;2,41984676492325;-0,358503236221123;0,933528483560615;0,185978082291899;0,814021917708104;0,000280112971023765;0,00189933777674652;0,000324359390204346;1,28932109165048;0,000539198468172165
"consciousness";-1,02018510120844;0,778787178920701;-0,79486674308488;0,606784031379893;0,726654034171954;0,273345965828047;0,000337586000884745;0,000196727041858989;0,000324359390204346;0,716067115620074;0,00016631596304653
"confront";-1,02018510120844;0,778787178920701;-0,79486674308488;0,606784031379893;0,726654034171954;0,273345965828047;0,000337586000884745;0,000196727041858989;0,000324359390204346;0,716067115620074;0,00016631596304653
"compose";0,0743545534534918;-1,74402042196002;0,042595298169604;-0,999092408425688;0,00280792483952209;0,99719207516048;1,79325320118981e-06;0,000986573867081937;0,000324359390204346;0,839563265135127;0,000228630060384157
"complexity";-1,11107569061436;-0,862272407081848;-0,790005626403134;-0,613099592441058;0,720055005317923;0,279944994682077;0,000400418160971193;0,000241165651642791;0,000324359390204346;0,783428571939928;0,000199078925504974
"complete";2,62699622040106;-0,225397279711271;0,996339346345391;-0,0854862967032636;0,995270394933594;0,00472960506640483;0,00223843955303323;1,64787329553165e-05;0,000324359390204346;1,5755329945347;0,00080515868208481
"commitment";0,165245142859419;-0,102960835957473;0,848730129665815;-0,52882621625393;0,799612127795541;0,20038787220446;8,8569436388679e-06;3,43851240384743e-06;0,000324359390204346;0,110567531599063;3,96535161982152e-06
"childbirth";0,0743545534534918;-1,74402042196002;0,042595298169604;-0,999092408425688;0,00280792483952209;0,99719207516048;1,79325320118981e-06;0,000986573867081937;0,000324359390204346;0,839563265135127;0,000228630060384157
"characterize";0,256135732265346;1,53809875004508;0,164265415140227;0,986416176564846;0,0411906652553851;0,958809334744617;2,12797643020126e-05;0,000767352502397089;0,000324359390204346;0,755108507755792;0,000184946110439565
"calculate";2,62699622040106;-0,225397279711271;0,996339346345391;-0,0854862967032636;0,995270394933594;0,00472960506640483;0,00223843955303323;1,64787329553165e-05;0,000324359390204346;1,5755329945347;0,00080515868208481
"butler";-1,20196628002029;-2,5033319930844;-0,432838454199657;-0,901471504023312;0,263158052360047;0,736841947639954;0,000468609451283107;0,00203265360609792;0,000324359390204346;1,40191779971328;0,000637487355547497
"broad";0,165245142859419;-0,102960835957473;0,848730129665815;-0,52882621625393;0,799612127795541;0,20038787220446;8,8569436388679e-06;3,43851240384743e-06;0,000324359390204346;0,110567531599063;3,96535161982152e-06
"application";1,4415659763332;0,656350735166903;0,910106236490564;0,414374997195754;0,881977272741803;0,118022727258195;0,000674055291638501;0,000139732821133355;0,000324359390204346;0,918426537608066;0,000273599515077113
"antiracist";-1,20196628002029;-2,5033319930844;-0,432838454199657;-0,901471504023312;0,263158052360047;0,736841947639954;0,000468609451283107;0,00203265360609792;0,000324359390204346;1,40191779971328;0,000637487355547497
"align";-1,02018510120844;0,778787178920701;-0,79486674308488;0,606784031379893;0,726654034171954;0,273345965828047;0,000337586000884745;0,000196727041858989;0,000324359390204346;0,716067115620074;0,00016631596304653
"album";-1,20196628002029;-2,5033319930844;-0,432838454199657;-0,901471504023312;0,263158052360047;0,736841947639954;0,000468609451283107;0,00203265360609792;0,000324359390204346;1,40191779971328;0,000637487355547497
"administer";2,62699622040106;-0,225397279711271;0,996339346345391;-0,0854862967032636;0,995270394933594;0,00472960506640483;0,00223843955303323;1,64787329553165e-05;0,000324359390204346;1,5755329945347;0,00080515868208481
"adherence";0,0743545534534918;-1,74402042196002;0,042595298169604;-0,999092408425688;0,00280792483952209;0,99719207516048;1,79325320118981e-06;0,000986573867081937;0,000324359390204346;0,839563265135127;0,000228630060384157
"additionally";0,0743545534534918;-1,74402042196002;0,042595298169604;-0,999092408425688;0,00280792483952209;0,99719207516048;1,79325320118981e-06;0,000986573867081937;0,000324359390204346;0,839563265135127;0,000228630060384157
"add";1,35067538692727;-0,984708850835646;0,808052703134544;-0,589110201029448;0,74454692598502;0,255453074014981;0,00059173662045123;0,000314515576034401;0,000324359390204346;0,936577124108066;0,000284520502563261
"abjection";-1,02018510120844;0,778787178920701;-0,79486674308488;0,606784031379893;0,726654034171954;0,273345965828047;0,000337586000884745;0,000196727041858989;0,000324359390204346;0,716067115620074;0,00016631596304653
"6perc";2,62699622040106;-0,225397279711271;0,996339346345391;-0,0854862967032636;0,995270394933594;0,00472960506640483;0,00223843955303323;1,64787329553165e-05;0,000324359390204346;1,5755329945347;0,00080515868208481
"2perc";2,62699622040106;-0,225397279711271;0,996339346345391;-0,0854862967032636;0,995270394933594;0,00472960506640483;0,00223843955303323;1,64787329553165e-05;0,000324359390204346;1,5755329945347;0,00080515868208481
"1perc";2,62699622040106;-0,225397279711271;0,996339346345391;-0,0854862967032636;0,995270394933594;0,00472960506640483;0,00223843955303323;1,64787329553165e-05;0,000324359390204346;1,5755329945347;0,00080515868208481
"the";-0,0594471282901341;-0,0419583043885275;-0,816996186003837;-0,576643071626794;NA;NA;NA;NA;NA;0,0408898050673498;NA
"of";-0,108300406795452;0,0124325495817754;-0,993475255887373;0,114047866878423;NA;NA;NA;NA;NA;0,0650740891717544;NA
"and";0,000245201288791459;0,0347054911758605;0,00706502518327312;0,999975042398139;NA;NA;NA;NA;NA;0,0166842334286943;NA
"in";-0,130317672176621;-0,00981690332844571;-0,997174672285179;-0,0751177272882126;NA;NA;NA;NA;NA;0,0781152609806131;NA
"to";-0,137767221924225;-0,166539409391876;-0,637407070890878;-0,770527238959344;NA;NA;NA;NA;NA;0,114908955747105;NA
"a";-0,15194151156307;-0,258599987363513;-0,506583795334412;-0,862190731975578;NA;NA;NA;NA;NA;0,154008792545273;NA
"this";-0,366053604822998;-0,0663785204180562;-0,983953388211295;-0,17842569833831;NA;NA;NA;NA;NA;0,22133202007377;NA
"that";-0,286099237003766;0,0541253765059435;-0,982571190495464;0,185886674100987;NA;NA;NA;NA;NA;0,173147026411349;NA
"on";-0,280251145330575;-0,0930235051752459;-0,949082365046763;-0,315028037414519;NA;NA;NA;NA;NA;0,173542239506188;NA
"as";-0,256327243015382;0,0196450507705495;-0,997075990997834;0,0764164129993507;NA;NA;NA;NA;NA;0,15365798781147;NA
"is";-0,0928050166707419;-0,229582518457302;-0,374772036880248;-0,927116993897011;NA;NA;NA;NA;NA;0,123546315330029;NA
"with";0,375394625088583;-0,113412727497431;0,95726698077123;-0,289205683770451;NA;NA;NA;NA;NA;0,231130866591615;NA
"by";0,0164263770008255;-0,168158379825009;0,0972212145379353;-0,995262797176589;NA;NA;NA;NA;NA;0,081432209981136;NA
"for";0,173063283249861;-0,120980890249478;0,819595318887401;-0,57294285339627;NA;NA;NA;NA;NA;0,118762827229038;NA
"from";0,281411255181202;0,0223254831155711;0,996867834874888;0,0790855220116364;NA;NA;NA;NA;NA;0,168717641838253;NA
"it";-0,340738661059798;-0,324632485107095;-0,724011138252012;-0,689788280334644;NA;NA;NA;NA;NA;0,256745094162632;NA
"between";0,0583330144935269;0,513571949915119;0,112857287103112;0,993611208042525;NA;NA;NA;NA;NA;0,249338661176058;NA
"we";0,0132471496107664;0,124009538426454;0,106219304101441;0,994342727351191;NA;NA;NA;NA;NA;0,0601383519381005;NA
"was";0,296072138723445;-0,163127803096349;0,875855746238574;-0,482573011865428;NA;NA;NA;NA;NA;0,193728880182611;NA
"are";0,127371277816926;0,161515405293015;0,619222262533066;0,78521575989242;NA;NA;NA;NA;NA;0,108795361909965;NA
"which";-0,372422938233477;0,17912899236705;-0,901177285722079;0,433450688889275;NA;NA;NA;NA;NA;0,238890296084714;NA
"an";-0,167892321221301;-0,118037845182972;-0,818055391779306;-0,575139440467098;NA;NA;NA;NA;NA;0,115372786857374;NA
"their";-0,436559038115102;0,173807212881359;-0,929074602833046;0,369892392961274;NA;NA;NA;NA;NA;0,274242757349213;NA
"these";0,0642699836874069;-0,211863559459426;0,290292434810695;-0,956937982468915;NA;NA;NA;NA;NA;0,108864703555934;NA
"were";0,63906511279732;-0,302838664480813;0,90367020437529;-0,428229099576758;NA;NA;NA;NA;NA;0,409145901908417;NA
"how";-0,721443709587951;0,40927824524509;-0,869784131992899;0,493432430767739;NA;NA;NA;NA;NA;0,474383189519595;NA
"about";-0,516272862158502;0,493896414024761;-0,72259277805344;0,691273952283039;NA;NA;NA;NA;NA;0,389602381373945;NA
"or";0,489632086552575;0,0531174825626572;0,994166994509444;0,107851689963857;NA;NA;NA;NA;NA;0,294070794416465;NA
"its";-0,557345992381998;0,305561770308401;-0,876865188859739;0,480736352449005;NA;NA;NA;NA;NA;0,364392860265743;NA
"more";0,70683037991858;-0,129896853583308;0,98352964122667;-0,180746908212944;NA;NA;NA;NA;NA;0,427500789983292;NA
"be";-0,173719516960016;0,0748784036384219;-0,91832542856383;0,395826233659492;NA;NA;NA;NA;NA;0,109997369285461;NA
"has";-0,419032080965298;-0,522696076741395;-0,625491335132091;-0,780231112988116;NA;NA;NA;NA;NA;0,354959426259965;NA
"through";0,0880413686089573;0,217336639956625;0,375455746622712;0,92684032191526;NA;NA;NA;NA;NA;0,117006592452845;NA
"at";-0,265464981165598;-0,63692252412334;-0,384714904968714;-0,923035449966529;NA;NA;NA;NA;NA;0,344927766523104;NA
"s";-0,674998560802912;0,644077716527118;-0,723483525889137;0,690341645684962;NA;NA;NA;NA;NA;0,508896498698641;NA
"have";0,0670666172075893;-0,161369418351655;0,383783201589896;-0,923423225924825;NA;NA;NA;NA;NA;0,0873376275621503;NA
"who";0,11355446828333;-0,433953502799154;0,253150720091962;-0,967426851455407;NA;NA;NA;NA;NA;0,219395104939563;NA
"way";-0,853731888274;0,441392528438655;-0,888299545658713;0,459264539435089;NA;NA;NA;NA;NA;0,553127931832987;NA
"among";0,855956592139029;-0,445859985912167;0,886893171851159;-0,46197456826517;NA;NA;NA;NA;NA;0,555182988470885;NA
"i";-0,824357791873805;0,381852296000648;-0,907380789517974;0,420309532147128;NA;NA;NA;NA;NA;0,526285940342567;NA
"such";-0,424875354095891;-0,788139083250492;-0,474526419622826;-0,880241260723412;NA;NA;NA;NA;NA;0,456256533690119;NA
"different";-0,180297574881432;0,109096231875615;-0,855565757002381;0,517694152415249;NA;NA;NA;NA;NA;0,119949431210917;NA
"two";-0,194334278218203;0,408597052433174;-0,429508805987574;0,903062669796027;NA;NA;NA;NA;NA;0,228256295540734;NA
"been";-0,974354548326394;-0,622235291369155;-0,842801811947316;-0,538224029357963;NA;NA;NA;NA;NA;0,655241717855808;NA
"one";0,125033042186486;-0,173559987637676;0,584519766188652;-0,811379469135597;NA;NA;NA;NA;NA;0,112061567332995;NA
"not";-0,290608743003237;-0,229886899457014;-0,784280015628596;-0,620407009217022;NA;NA;NA;NA;NA;0,206025741993688;NA
"make";-0,664829589519231;0,278788196923674;-0,922199975970061;0,386713336104172;NA;NA;NA;NA;NA;0,419755082511763;NA
"other";0,618532174856898;-0,196030157769001;0,95327050307507;-0,302118102680066;NA;NA;NA;NA;NA;0,381893766936671;NA
"also";-0,345283190530095;-0,406685464407223;-0,647213624353954;-0,762308680555731;NA;NA;NA;NA;NA;0,284431301814461;NA
"some";-0,410165684945958;0,26612235791466;-0,838896906042552;0,54429034626037;NA;NA;NA;NA;NA;0,276755744467293;NA
"well";0,121141548572976;-0,180392163606728;0,557501103237138;-0,830176198098557;NA;NA;NA;NA;NA;0,113020699253088;NA
"use";1,07407744955684;-0,227786916027553;0,978242941790979;-0,20746263961526;NA;NA;NA;NA;NA;0,651911803205171;NA
"they";-0,302013846017509;-0,182570226878795;-0,855785672847956;-0,517330534714674;NA;NA;NA;NA;NA;0,20088872076981;NA
"out";0,729920281924234;0,0282044431306263;0,999254293026473;0,0386116286649846;NA;NA;NA;NA;NA;0,43694142008022;NA
"there";0,94176666669751;-0,460080898975319;0,898511701117485;-0,438949567666906;NA;NA;NA;NA;NA;0,605335190209687;NA
"do";-0,468232942376919;0,188373952293929;-0,927736441430934;0,373235977956396;NA;NA;NA;NA;NA;0,29442793661701;NA
"used";0,30206259969216;-0,418311786067562;0,585424996316577;-0,810726571470145;NA;NA;NA;NA;NA;0,270372865100297;NA
"0";2,62699622040106;-0,225397279711269;0,996339346345391;-0,0854862967032631;NA;NA;NA;NA;NA;1,5755329945347;NA
"those";0,960923747905294;0,0818629663939393;0,996390799903119;0,084884473659338;NA;NA;NA;NA;NA;0,576291835018686;NA
"into";0,081923075854807;0,330464988380313;0,240618976711659;0,970619651586673;NA;NA;NA;NA;NA;0,166251005832852;NA
"most";1,41559723650294;0,187476567737603;0,991344003877561;0,131290007144509;NA;NA;NA;NA;NA;0,851771320312317;NA
"but";0,195542005994728;0,444059026043376;0,403008020363691;0,915196446410572;NA;NA;NA;NA;NA;0,243427532715883;NA
"both";0,51692386822251;-0,120451756493729;0,973909461368382;-0,226936909860753;NA;NA;NA;NA;NA;0,314663005027637;NA
"only";0,794316500655718;0,11258899100446;0,990103307276059;0,140340446489991;NA;NA;NA;NA;NA;0,478332932032403;NA
"thus";-0,108264143138972;-0,196678152027878;-0,482230460549537;-0,876044395517819;NA;NA;NA;NA;NA;0,114609016036719;NA
"2";1,77418241469329;0,107414333261108;0,998172295320886;0,0604323493986034;NA;NA;NA;NA;NA;1,06279634754099;NA
"when";0,280459843350148;-0,368519530787022;0,605610105369953;-0,795761522237532;NA;NA;NA;NA;NA;0,244013821082207;NA
"self";1,1985489742856;-0,0172210553546757;0,9998967926272;-0,0143667704734881;NA;NA;NA;NA;NA;0,717171987941579;NA
"new";-1,02018510120844;0,778787178920699;-0,794866743084881;0,606784031379892;NA;NA;NA;NA;NA;0,716067115620074;NA
"within";-0,0116427756098287;-0,674956193149325;-0,0172471101870245;-0,999851257532938;NA;NA;NA;NA;NA;0,324539026595627;NA
"three";0,107637792614054;0,0298185114573021;0,963704404434887;0,266971573154894;NA;NA;NA;NA;NA;0,0659785370981717;NA
"first";-0,718657940452493;1,08024827887267;-0,553895513399801;0,832586187872205;NA;NA;NA;NA;NA;0,674211899944837;NA
"consider";0,00342044676876588;1,02707401302188;0,00333026418528916;0,999994454654853;NA;NA;NA;NA;NA;0,493738215128621;NA
"1";0,922707012872231;-0,140633587881718;0,988583490356099;-0,15067409397555;NA;NA;NA;NA;NA;0,556204424645826;NA
"regarding";-0,783099052394866;0,602437575945065;-0,792597727055243;0,609744899992499;NA;NA;NA;NA;NA;0,550825244370454;NA
"them";0,0627524434158254;-0,560682705653383;0,111227019127069;-0,993795024245999;NA;NA;NA;NA;NA;0,272133424595255;NA
"his";-0,764920934513681;0,930649493145574;-0,634966830907659;0,772539399414091;NA;NA;NA;NA;NA;0,640011000699876;NA
"can";-0,0651842581220398;0,428156553701626;-0,150509698408332;0,988608532577497;NA;NA;NA;NA;NA;0,209485601471819;NA
"will";-0,557588862739463;-0,419634620456933;-0,799006393555208;-0,601322528313966;NA;NA;NA;NA;NA;0,389866808381029;NA
"had";1,33741583259851;0,367677110657654;0,964226079115133;0,265081248590421;NA;NA;NA;NA;NA;0,819499589475232;NA
"especially";-0,442618410742164;0,0644032404811889;-0,989579310685303;0,143988846316653;NA;NA;NA;NA;NA;0,266634074653482;NA
"associated";1,41126911319789;0,109330873166053;0,997012647444112;0,0772384673364409;NA;NA;NA;NA;NA;0,84603447405084;NA
"what";-0,781582194656597;-0,055869896052166;-0,997454835107082;-0,0713011354853703;NA;NA;NA;NA;NA;0,468412340601318;NA
"take";-0,354372249470688;-0,570791423007477;-0,52745732445622;-0,849581526916332;NA;NA;NA;NA;NA;0,346766415511455;NA
"so";-0,508021369102476;-0,259350207177898;-0,89065138739371;-0,454686822036509;NA;NA;NA;NA;NA;0,328537961018882;NA
"right";-1,08267238142501;-0,349441286456052;-0,951659262129359;-0,307155740306776;NA;NA;NA;NA;NA;0,669218147707971;NA
"mean";-0,0718409059541524;0,073388767018162;-0,699530691567251;0,714602554960059;NA;NA;NA;NA;NA;0,0556083520583449;NA
"while";1,16812369175726;0,176276503741518;0,988804589430336;0,149216232097934;NA;NA;NA;NA;NA;0,704038249190967;NA
"think";-1,07611777161209;-0,231095643234714;-0,977709437039511;-0,209962512663292;NA;NA;NA;NA;NA;0,653383827162526;NA
"than";1,21369740585325;0,256288875645749;0,978423877230734;0,206607638931329;NA;NA;NA;NA;NA;0,736564904660552;NA
"our";0,649146187318111;0,0628467232440142;0,99534617224121;0,0963638801874035;NA;NA;NA;NA;NA;0,389574912467012;NA
"need";-1,09971436693862;-0,657139958831529;-0,858417443514815;-0,512951744971678;NA;NA;NA;NA;NA;0,729891663891768;NA
"during";-0,487046617701108;0,119355851130382;-0,97126084267817;0,238017594896032;NA;NA;NA;NA;NA;0,297007903205921;NA
"course";0,384153073791805;-0,607522356133616;0,534445167794437;-0,845203148728858;NA;NA;NA;NA;NA;0,371648210729254;NA
"being";0,77094463480848;-0,309397759681909;0,928052725987146;-0,372448839154893;NA;NA;NA;NA;NA;0,484662847241834;NA
"using";0,621239122605376;-0,783871959109251;0,621116993280771;-0,783717857814823;NA;NA;NA;NA;NA;0,529300371574531;NA
"still";0,0364757717227214;0,193840058263788;0,184928926439144;0,982751897564215;NA;NA;NA;NA;NA;0,0957042434849106;NA
"all";0,621239122605376;-0,783871959109251;0,621116993280771;-0,783717857814823;NA;NA;NA;NA;NA;0,529300371574531;NA
"against";-0,199280360211991;-1,11331852173984;-0,176196321434771;-0,984355045861429;NA;NA;NA;NA;NA;0,54831456276003;NA
"according";1,18630180963845;0,504488420942027;0,92024428764729;0,391344414873307;NA;NA;NA;NA;NA;0,750083660571828;NA
"since";-0,655338549654461;-0,0621486880395402;-0,995533317184671;-0,0944108805979769;NA;NA;NA;NA;NA;0,393243281111885;NA
"e";-0,587010083358732;0,242999225091067;-0,923962046730859;0,382484164640737;NA;NA;NA;NA;NA;0,370140343088782;NA
"3";1,56010900073999;0,568175933679085;0,939626267654156;0,342202392063996;NA;NA;NA;NA;NA;0,97259470758831;NA
"second";-0,594744823383843;1,03189103596216;-0,499358975286727;0,866395183389537;NA;NA;NA;NA;NA;0,610488145818436;NA
"non";0,210690437562383;0,717568957043801;0,281724162873749;0,959495438265907;NA;NA;NA;NA;NA;0,367262027297037;NA
"indicate";0,829374299426576;0,745569117034014;0,743680919367642;0,668534733703866;NA;NA;NA;NA;NA;0,612134271189791;NA
"even";0,0158146180513924;1,25085486565859;0,0126420376017212;0,999920086249535;NA;NA;NA;NA;NA;0,601384122926826;NA
"2015";2,01155845101565;-0,19478816877282;0,995344260919139;-0,0963836202647173;NA;NA;NA;NA;NA;1,20720678542934;NA
"over";-0,357061224552165;0,596208186442159;-0,513793367411234;0,857913967484051;NA;NA;NA;NA;NA;0,357472048347706;NA
"less";1,12248576796476;0,466522842385809;0,923421064377692;0,383788402461006;NA;NA;NA;NA;NA;0,708067902138824;NA
"each";0,670120938719479;0,441552781552294;0,835025667246247;0,550210991384179;NA;NA;NA;NA;NA;0,453671203634484;NA
"however";0,289537090393938;0,115254723781339;0,929095171778852;0,369840724876569;NA;NA;NA;NA;NA;0,181882060647986;NA
"after";-0,199601408694557;0,737975031002767;-0,261090285043974;0,965314385604844;NA;NA;NA;NA;NA;0,374321326123367;NA
"us";-0,0856671234545813;0,938005960763344;-0,090950455172478;0,995855418574363;NA;NA;NA;NA;NA;0,453821176019863;NA
"therefore";-0,218036365361796;1,89079795599634;-0,114555340269735;0,993416868195666;NA;NA;NA;NA;NA;0,918256745248605;NA
"particularly";0,195542005994728;0,444059026043376;0,403008020363691;0,915196446410572;NA;NA;NA;NA;NA;0,243427532715883;NA
"o";0,165245142859419;-0,102960835957473;0,848730129665816;-0,528826216253929;NA;NA;NA;NA;NA;0,110567531599063;NA
"may";0,13494827972411;-0,649980697958321;0,203283791586666;-0,97911985991407;NA;NA;NA;NA;NA;0,322722021111877;NA
"mainly";0,560388557548704;-0,396876840916863;0,816069163055912;-0,577954255204703;NA;NA;NA;NA;NA;0,385775227746229;NA
"2014";1,02496540139445;-0,498343762870089;0,89933449227489;-0,437261330333093;NA;NA;NA;NA;NA;0,658394931661903;NA
"up";0,384153073791805;-0,607522356133616;0,534445167794437;-0,845203148728858;NA;NA;NA;NA;NA;0,371648210729254;NA
"under";-0,108389770806063;0,527741064262707;-0,201184941264103;0,97955327543149;NA;NA;NA;NA;NA;0,261853160607183;NA
"no";-0,436173779936023;-2,04774505040977;-0,208328499102614;-0,978058912572066;NA;NA;NA;NA;NA;1,01839639613098;NA
"four";1,06391851113985;0,20496748827386;0,981943443957497;0,18917471519442;NA;NA;NA;NA;NA;0,644151656888402;NA
"certain";0,0478354447959696;0,960751501026579;0,0497280124897727;0,99876279705134;NA;NA;NA;NA;NA;0,462737471800759;NA
"although";1,28422290537835;-0,158613764936471;0,992458867136982;-0,122578126275364;NA;NA;NA;NA;NA;0,772159129130332;NA
"4";2,11895468722912;0,15249472666509;0,997420394343284;0,071781313362799;NA;NA;NA;NA;NA;1,2699453682979;NA
"2018";1,2593032247975;0,151171892275719;0,992871660655841;0,119188361287977;NA;NA;NA;NA;NA;0,756971499301852;NA
"whether";1,01612569850861;0,403246878125444;0,929483687930676;0,368863218376121;NA;NA;NA;NA;NA;0,638131133580397;NA
"several";-0,0690238844402234;-1,14918225240527;-0,0599554284257534;-0,998201055199945;NA;NA;NA;NA;NA;0,553975281613362;NA
"same";0,336146570719383;0,197085558683393;0,862659764681436;0,505784668015717;NA;NA;NA;NA;NA;0,222323382035888;NA
"despite";1,2593032247975;0,151171892275719;0,992871660655841;0,119188361287977;NA;NA;NA;NA;NA;0,756971499301852;NA
"allow";-0,564447960248533;1,57891089796301;-0,33662792741946;0,941637742702192;NA;NA;NA;NA;NA;0,830757297872076;NA
"2016";0,210690437562383;0,717568957043801;0,281724162873749;0,959495438265907;NA;NA;NA;NA;NA;0,367262027297037;NA
"without";0,439017648731715;-1,52707425878163;0,276298007312814;-0,961072011430449;NA;NA;NA;NA;NA;0,779674372457125;NA
"whose";0,493221781078918;1,36174914706944;0,340547709238885;0,940227237284768;NA;NA;NA;NA;NA;0,718062859750953;NA
"themselves";-1,09289757273318;-0,534060489881338;-0,898463816400456;-0,439047572159473;NA;NA;NA;NA;NA;0,702502872987023;NA
"should";-0,746229139060389;-1,70320827404209;-0,401304244877458;-0,915944814409325;NA;NA;NA;NA;NA;0,932592003436274;NA
"possible";-0,427469979174509;0,337913171481613;-0,784492681733786;0,620138075194656;NA;NA;NA;NA;NA;0,302991482363424;NA
"her";-0,108389770806063;0,527741064262707;-0,201184941264103;0,97955327543149;NA;NA;NA;NA;NA;0,261853160607183;NA
"following";0,477970758477113;-0,823763007637678;0,501865959899411;-0,864945407695909;NA;NA;NA;NA;NA;0,488468002493895;NA
"around";-1,09289757273318;-0,534060489881338;-0,898463816400456;-0,439047572159473;NA;NA;NA;NA;NA;0,702502872987023;NA
"2010";0,814766883272052;0,481827397855033;0,860753318221232;0,509022322861325;NA;NA;NA;NA;NA;0,539724769028818;NA
"various";0,757960264893347;-0,543834843396558;0,812497255623256;-0,582965015763962;NA;NA;NA;NA;NA;0,523465506074494;NA
"value";-0,427469979174509;0,337913171481613;-0,784492681733786;0,620138075194656;NA;NA;NA;NA;NA;0,302991482363424;NA
"others";-1,0461538410387;0,3099130114914;-0,958812714779214;0,284039043051679;NA;NA;NA;NA;NA;0,643427424706745;NA
"necessary";-1,1630131702749;-1,80002074194045;-0,542689987213599;-0,839933079345077;NA;NA;NA;NA;NA;1,1103942625315;NA
"my";-0,997462453856956;1,18905207542134;-0,64268525002188;0,766130321423394;NA;NA;NA;NA;NA;0,826381926439207;NA
"given";0,555876977967908;0,582859494650219;0,69015806843993;0,72365864920366;NA;NA;NA;NA;NA;0,434888007289637;NA
"considering";0,165245142859419;-0,102960835957473;0,848730129665816;-0,528826216253929;NA;NA;NA;NA;NA;0,110567531599063;NA
"better";0,477970758477113;-0,823763007637678;0,501865959899411;-0,864945407695909;NA;NA;NA;NA;NA;0,488468002493895;NA
"any";-0,0690238844402234;-1,14918225240527;-0,0599554284257534;-0,998201055199945;NA;NA;NA;NA;NA;0,553975281613362;NA
"above";0,477970758477113;-0,823763007637678;0,501865959899411;-0,864945407695909;NA;NA;NA;NA;NA;0,488468002493895;NA
"8";2,62699622040106;-0,225397279711269;0,996339346345391;-0,0854862967032631;NA;NA;NA;NA;NA;1,5755329945347;NA
"would";0,493221781078918;1,36174914706944;0,340547709238885;0,940227237284768;NA;NA;NA;NA;NA;0,718062859750953;NA
"where";-0,327105072648909;-0,0784735472067131;-0,972408662888262;-0,233283930736478;NA;NA;NA;NA;NA;0,199318217429149;NA
"towards";0,0743545534534909;-1,74402042196002;0,0425952981696036;-0,999092408425688;NA;NA;NA;NA;NA;0,839563265135127;NA
"then";-0,272570719005353;0,906162204394815;-0,288047861709882;0,957616013527533;NA;NA;NA;NA;NA;0,46513729716691;NA
"last";-0,436173779936023;-2,04774505040977;-0,208328499102614;-0,978058912572066;NA;NA;NA;NA;NA;1,01839639613098;NA
"if";-0,107976994185621;-1,85249350354922;-0,0581886190137995;-0,998305606824517;NA;NA;NA;NA;NA;0,892869197590545;NA
"few";1,09541122023252;-1,13657116506052;0,693949052926639;-0,720024105111919;NA;NA;NA;NA;NA;0,853281478069669;NA
"did";-0,381639426292466;-1,06310929880824;-0,337872946922869;-0,941191729531054;NA;NA;NA;NA;NA;0,559750471142943;NA
"changes";-1,0461538410387;0,3099130114914;-0,958812714779214;0,284039043051679;NA;NA;NA;NA;NA;0,643427424706745;NA
"beyond";-0,381639426292466;-1,06310929880824;-0,337872946922869;-0,941191729531054;NA;NA;NA;NA;NA;0,559750471142943;NA
"19";1,39612068163024;-0,164179057834371;0,993156417281588;-0,116791826821913;NA;NA;NA;NA;NA;0,83905684260509;NA
"10";0,51692386822251;-0,120451756493729;0,973909461368382;-0,226936909860753;NA;NA;NA;NA;NA;0,314663005027637;NA
"throughout";-0,108389770806063;0,527741064262707;-0,201184941264103;0,97955327543149;NA;NA;NA;NA;NA;0,261853160607183;NA
"particular";-0,327105072648909;-0,0784735472067131;-0,972408662888262;-0,233283930736478;NA;NA;NA;NA;NA;0,199318217429149;NA
"old";1,91573807396035;0,303651529215634;0,987670137962311;0,156549348697174;NA;NA;NA;NA;NA;1,15549498220034;NA
"many";-1,0656303959114;-0,041742614080574;-0,999233668554407;-0,0391417376632815;NA;NA;NA;NA;NA;0,637911121263715;NA
"itself";-1,03836321908962;0,45057526172019;-0,91735636470537;0,398066954336263;NA;NA;NA;NA;NA;0,657955438156257;NA
"here";-0,272570719005353;0,906162204394815;-0,288047861709882;0,957616013527533;NA;NA;NA;NA;NA;0,46513729716691;NA
"he";-1,09289757273318;-0,534060489881338;-0,898463816400456;-0,439047572159473;NA;NA;NA;NA;NA;0,702502872987023;NA
"cannot";1,20447992751963;0,832700338142537;0,822566076726567;0,56866954324868;NA;NA;NA;NA;NA;0,824381791679228;NA
"48";1,66975559529572;-0,794880958054551;0,902911047041847;-0,42982745506749;NA;NA;NA;NA;NA;1,06964104577658;NA
"24";2,03428109836713;0,215476727727816;0,994436949409563;0,105333535253511;NA;NA;NA;NA;NA;1,22156496051242;NA
"2006";0,165245142859419;-0,102960835957473;0,848730129665816;-0,528826216253929;NA;NA;NA;NA;NA;0,110567531599063;NA
"2005";0,165245142859419;-0,102960835957473;0,848730129665816;-0,528826216253929;NA;NA;NA;NA;NA;0,110567531599063;NA
"2001";0,438687427435361;0,377113395467912;0,758320024126867;0,65188245950342;NA;NA;NA;NA;NA;0,31899754821139;NA
"2000";1,14994557387607;-0,151935413458991;0,991384263208287;-0,130985658233875;NA;NA;NA;NA;NA;0,691909252614386;NA
"1990";-0,244725654914955;-1,93384831474111;-0,125547229599614;-0,992087643880248;NA;NA;NA;NA;NA;0,9410986223307;NA
"13";2,62699622040106;-0,225397279711269;0,996339346345391;-0,0854862967032631;NA;NA;NA;NA;NA;1,5755329945347;NA
"why";-1,13379833796585;-1,27253730358248;-0,665233284653466;-0,746635571741101;NA;NA;NA;NA;NA;0,913465603202687;NA
"took";-0,176557712860509;-0,703053625239203;-0,243566801258699;-0,969884123658391;NA;NA;NA;NA;NA;0,354096311302976;NA
"seven";1,14994557387607;-0,151935413458991;0,991384263208287;-0,130985658233875;NA;NA;NA;NA;NA;0,691909252614386;NA
"seen";-0,997462453856956;1,18905207542134;-0,64268525002188;0,766130321423394;NA;NA;NA;NA;NA;0,826381926439207;NA
"own";-0,176557712860509;-0,703053625239203;-0,243566801258699;-0,969884123658391;NA;NA;NA;NA;NA;0,354096311302976;NA
"likely";2,62699622040106;-0,225397279711269;0,996339346345391;-0,0854862967032631;NA;NA;NA;NA;NA;1,5755329945347;NA
"indicated";0,780682912244829;-0,133569946895922;0,985677167579414;-0,168643177486145;NA;NA;NA;NA;NA;0,471496239512947;NA
"having";1,35067538692727;-0,984708850835644;0,808052703134544;-0,589110201029447;NA;NA;NA;NA;NA;0,936577124108066;NA
"example";0,712514970190383;-1,36436463639783;0,462909425520818;-0,886405586491865;NA;NA;NA;NA;NA;0,782252793862126;NA
"does";1,14994557387607;-0,151935413458991;0,991384263208287;-0,130985658233875;NA;NA;NA;NA;NA;0,691909252614386;NA
"concerning";-0,327105072648909;-0,0784735472067131;-0,972408662888262;-0,233283930736478;NA;NA;NA;NA;NA;0,199318217429149;NA
"become";-1,0656303959114;-0,041742614080574;-0,999233668554407;-0,0391417376632815;NA;NA;NA;NA;NA;0,637911121263715;NA
"because";-0,176557712860509;-0,703053625239203;-0,243566801258699;-0,969884123658391;NA;NA;NA;NA;NA;0,354096311302976;NA
"across";1,73792353735017;0,435913731447359;0,96995404640797;0,243288199172926;NA;NA;NA;NA;NA;1,06075111445799;NA
"66";2,62699622040106;-0,225397279711269;0,996339346345391;-0,0854862967032631;NA;NA;NA;NA;NA;1,5755329945347;NA
"6";2,62699622040106;-0,225397279711269;0,996339346345391;-0,0854862967032631;NA;NA;NA;NA;NA;1,5755329945347;NA
"2017";2,62699622040106;-0,225397279711269;0,996339346345391;-0,0854862967032631;NA;NA;NA;NA;NA;1,5755329945347;NA
"2012";1,86120372031679;-0,680984222385895;0,939113729311314;-0,343606465915581;NA;NA;NA;NA;NA;1,16072806439807;NA
"2003";-0,327105072648909;-0,0784735472067131;-0,972408662888262;-0,233283930736478;NA;NA;NA;NA;NA;0,199318217429149;NA
"trying";-1,0656303959114;-0,041742614080574;-0,999233668554407;-0,0391417376632815;NA;NA;NA;NA;NA;0,637911121263715;NA
"together";-1,11107569061437;-0,862272407081847;-0,790005626403135;-0,613099592441057;NA;NA;NA;NA;NA;0,783428571939928;NA
"rather";-1,0656303959114;-0,041742614080574;-0,999233668554407;-0,0391417376632815;NA;NA;NA;NA;NA;0,637911121263715;NA
"ones";0,165245142859419;-0,102960835957473;0,848730129665816;-0,528826216253929;NA;NA;NA;NA;NA;0,110567531599063;NA
"moreover";0,256135732265347;1,53809875004507;0,164265415140228;0,986416176564845;NA;NA;NA;NA;NA;0,755108507755792;NA
"help";-1,0656303959114;-0,041742614080574;-0,999233668554407;-0,0391417376632815;NA;NA;NA;NA;NA;0,637911121263715;NA
"further";0,0743545534534909;-1,74402042196002;0,0425952981696036;-0,999092408425688;NA;NA;NA;NA;NA;0,839563265135127;NA
"done";0,165245142859419;-0,102960835957473;0,848730129665816;-0,528826216253929;NA;NA;NA;NA;NA;0,110567531599063;NA
"became";0,0743545534534909;-1,74402042196002;0,0425952981696036;-0,999092408425688;NA;NA;NA;NA;NA;0,839563265135127;NA
"b";0,780682912244829;-0,133569946895922;0,985677167579414;-0,168643177486145;NA;NA;NA;NA;NA;0,471496239512947;NA
"appropriate";-1,11107569061437;-0,862272407081847;-0,790005626403135;-0,613099592441057;NA;NA;NA;NA;NA;0,783428571939928;NA
"639";-1,0656303959114;-0,041742614080574;-0,999233668554407;-0,0391417376632815;NA;NA;NA;NA;NA;0,637911121263715;NA
"5";2,62699622040106;-0,225397279711269;0,996339346345391;-0,0854862967032631;NA;NA;NA;NA;NA;1,5755329945347;NA
"47";2,62699622040106;-0,225397279711269;0,996339346345391;-0,0854862967032631;NA;NA;NA;NA;NA;1,5755329945347;NA
"45";2,62699622040106;-0,225397279711269;0,996339346345391;-0,0854862967032631;NA;NA;NA;NA;NA;1,5755329945347;NA
"2022";-0,92929451180251;2,41984676492325;-0,358503236221123;0,933528483560615;NA;NA;NA;NA;NA;1,28932109165048;NA
"2021";0,165245142859419;-0,102960835957473;0,848730129665816;-0,528826216253929;NA;NA;NA;NA;NA;0,110567531599063;NA
"2013";0,780682912244829;-0,133569946895922;0,985677167579414;-0,168643177486145;NA;NA;NA;NA;NA;0,471496239512947;NA
"2004";-1,20196628002029;-2,50333199308439;-0,432838454199658;-0,901471504023311;NA;NA;NA;NA;NA;1,40191779971328;NA
"1998";2,62699622040106;-0,225397279711269;0,996339346345391;-0,0854862967032631;NA;NA;NA;NA;NA;1,5755329945347;NA
"11";0,712514970190383;-1,36436463639783;0,462909425520818;-0,886405586491865;NA;NA;NA;NA;NA;0,782252793862126;NA
"03";-1,0656303959114;-0,041742614080574;-0,999233668554407;-0,0391417376632815;NA;NA;NA;NA;NA;0,637911121263715;NA
"whereas";1,4415659763332;0,656350735166902;0,910106236490565;0,414374997195754;NA;NA;NA;NA;NA;0,918426537608066;NA
"very";0,165245142859419;-0,102960835957473;0,848730129665816;-0,528826216253929;NA;NA;NA;NA;NA;0,110567531599063;NA
"toward";-1,11107569061437;-0,862272407081847;-0,790005626403135;-0,613099592441057;NA;NA;NA;NA;NA;0,783428571939928;NA
"third";-1,11107569061437;-0,862272407081847;-0,790005626403135;-0,613099592441057;NA;NA;NA;NA;NA;0,783428571939928;NA
"must";0,165245142859419;-0,102960835957473;0,848730129665816;-0,528826216253929;NA;NA;NA;NA;NA;0,110567531599063;NA
"much";-1,20196628002029;-2,50333199308439;-0,432838454199658;-0,901471504023311;NA;NA;NA;NA;NA;1,40191779971328;NA
"little";1,4415659763332;0,656350735166902;0,910106236490565;0,414374997195754;NA;NA;NA;NA;NA;0,918426537608066;NA
"kept";-1,02018510120844;0,778787178920699;-0,794866743084881;0,606784031379892;NA;NA;NA;NA;NA;0,716067115620074;NA
"go";0,165245142859419;-0,102960835957473;0,848730129665816;-0,528826216253929;NA;NA;NA;NA;NA;0,110567531599063;NA
"come";0,165245142859419;-0,102960835957473;0,848730129665816;-0,528826216253929;NA;NA;NA;NA;NA;0,110567531599063;NA
"brief";0,256135732265347;1,53809875004507;0,164265415140228;0,986416176564845;NA;NA;NA;NA;NA;0,755108507755792;NA
"appear";1,35067538692727;-0,984708850835644;0,808052703134544;-0,589110201029447;NA;NA;NA;NA;NA;0,936577124108066;NA
"almost";2,62699622040106;-0,225397279711269;0,996339346345391;-0,0854862967032631;NA;NA;NA;NA;NA;1,5755329945347;NA
"711";1,35067538692727;-0,984708850835644;0,808052703134544;-0,589110201029447;NA;NA;NA;NA;NA;0,936577124108066;NA
"28";1,35067538692727;-0,984708850835644;0,808052703134544;-0,589110201029447;NA;NA;NA;NA;NA;0,936577124108066;NA
"2020";2,62699622040106;-0,225397279711269;0,996339346345391;-0,0854862967032631;NA;NA;NA;NA;NA;1,5755329945347;NA
"2019";2,62699622040106;-0,225397279711269;0,996339346345391;-0,0854862967032631;NA;NA;NA;NA;NA;1,5755329945347;NA
"2009";1,35067538692727;-0,984708850835644;0,808052703134544;-0,589110201029447;NA;NA;NA;NA;NA;0,936577124108066;NA
"1978";0,165245142859419;-0,102960835957473;0,848730129665816;-0,528826216253929;NA;NA;NA;NA;NA;0,110567531599063;NA
"18";2,62699622040106;-0,225397279711269;0,996339346345391;-0,0854862967032631;NA;NA;NA;NA;NA;1,5755329945347;NA
"17";2,62699622040106;-0,225397279711269;0,996339346345391;-0,0854862967032631;NA;NA;NA;NA;NA;1,5755329945347;NA
"16";2,62699622040106;-0,225397279711269;0,996339346345391;-0,0854862967032631;NA;NA;NA;NA;NA;1,5755329945347;NA
"12";0,0743545534534909;-1,74402042196002;0,0425952981696036;-0,999092408425688;NA;NA;NA;NA;NA;0,839563265135127;NA
"*vitorino_a";-0,92929451180251;2,41984676492325;-0,358503236221123;0,933528483560615;NA;NA;NA;NA;NA;1,28932109165048;NA
"*montanari_p";-0,92929451180251;2,41984676492325;-0,358503236221123;0,933528483560615;NA;NA;NA;NA;NA;1,28932109165048;NA
"*2014";-0,61456620381482;1,41684554675865;-0,397934387141702;0,917413877990822;NA;NA;NA;NA;NA;0,774025316012294;NA
"*da_rosa_c";-1,20196628002029;-2,50333199308439;-0,432838454199658;-0,901471504023311;NA;NA;NA;NA;NA;1,40191779971328;NA
"*de_souza_r";-1,20196628002029;-2,50333199308439;-0,432838454199658;-0,901471504023311;NA;NA;NA;NA;NA;1,40191779971328;NA
"*da_silva_c";-1,20196628002029;-2,50333199308439;-0,432838454199658;-0,901471504023311;NA;NA;NA;NA;NA;1,40191779971328;NA
"*2024";-0,158447796500547;-0,222735386980131;-0,579665158912208;-0,814854774510946;NA;NA;NA;NA;NA;0,143011804584877;NA
"*freitas_m";-1,20196628002029;-2,50333199308439;-0,432838454199658;-0,901471504023311;NA;NA;NA;NA;NA;1,40191779971328;NA
"*2020";-0,31060673185018;-0,14692067904589;-0,903972829257022;-0,427589901617256;NA;NA;NA;NA;NA;0,198812450150624;NA
"*vinuto_j";-1,13379833796585;-1,27253730358248;-0,665233284653466;-0,746635571741101;NA;NA;NA;NA;NA;0,913465603202687;NA
"*ramos_p";-1,0851069507841;-0,393398239652548;-0,94012302614111;-0,340835291188108;NA;NA;NA;NA;NA;0,676230792791023;NA
"*da_silva_m";-1,09289757273318;-0,534060489881338;-0,898463816400456;-0,439047572159473;NA;NA;NA;NA;NA;0,702502872987023;NA
"*2022";0,0142627026117538;-0,500706442164991;0,0284736095267254;-0,999594544583212;NA;NA;NA;NA;NA;0,240850321704929;NA
"*rodrigues_a";-1,02018510120844;0,778787178920699;-0,794866743084881;0,606784031379892;NA;NA;NA;NA;NA;0,716067115620074;NA
"*2021";-0,246635546811387;-0,198634333645262;-0,778822247611595;-0,627244694377899;NA;NA;NA;NA;NA;0,17576787616586;NA
"*ducatti_i";-1,20196628002029;-2,50333199308439;-0,432838454199658;-0,901471504023311;NA;NA;NA;NA;NA;1,40191779971328;NA
"*souza_t";-1,20196628002029;-2,50333199308439;-0,432838454199658;-0,901471504023311;NA;NA;NA;NA;NA;1,40191779971328;NA
"*2017";0,121141548572976;-0,180392163606728;0,557501103237138;-0,830176198098557;NA;NA;NA;NA;NA;0,113020699253088;NA
"*carlos_j";-0,92929451180251;2,41984676492325;-0,358503236221123;0,933528483560615;NA;NA;NA;NA;NA;1,28932109165048;NA
"*vieira_j";-0,381639426292466;-1,06310929880824;-0,337872946922869;-0,941191729531054;NA;NA;NA;NA;NA;0,559750471142943;NA
"*guimaraes_a";-0,381639426292466;-1,06310929880824;-0,337872946922869;-0,941191729531054;NA;NA;NA;NA;NA;0,559750471142943;NA
"*vieira_a";-0,381639426292466;-1,06310929880824;-0,337872946922869;-0,941191729531054;NA;NA;NA;NA;NA;0,559750471142943;NA
"*2019";0,239451221141583;-0,273998639407013;0,658041299163194;-0,752981838157878;NA;NA;NA;NA;NA;0,194616356132279;NA
"*moreira_s";-1,20196628002029;-2,50333199308439;-0,432838454199658;-0,901471504023311;NA;NA;NA;NA;NA;1,40191779971328;NA
"*partichelli_p";-1,20196628002029;-2,50333199308439;-0,432838454199658;-0,901471504023311;NA;NA;NA;NA;NA;1,40191779971328;NA
"*bazani_a";-1,20196628002029;-2,50333199308439;-0,432838454199658;-0,901471504023311;NA;NA;NA;NA;NA;1,40191779971328;NA
"*spengler_f";-1,20196628002029;-2,50333199308439;-0,432838454199658;-0,901471504023311;NA;NA;NA;NA;NA;1,40191779971328;NA
"*lima_f";-1,20196628002029;-2,50333199308439;-0,432838454199658;-0,901471504023311;NA;NA;NA;NA;NA;1,40191779971328;NA
"*santos_d";-0,997462453856956;1,18905207542134;-0,64268525002188;0,766130321423394;NA;NA;NA;NA;NA;0,826381926439207;NA
"*gonçalves_s";-0,997462453856956;1,18905207542134;-0,64268525002188;0,766130321423394;NA;NA;NA;NA;NA;0,826381926439207;NA
"*da_s_s";-0,997462453856956;1,18905207542134;-0,64268525002188;0,766130321423394;NA;NA;NA;NA;NA;0,826381926439207;NA
"*pinheiro_a";-0,997462453856956;1,18905207542134;-0,64268525002188;0,766130321423394;NA;NA;NA;NA;NA;0,826381926439207;NA
"*xavier_n";-0,381639426292466;-1,06310929880824;-0,337872946922869;-0,941191729531054;NA;NA;NA;NA;NA;0,559750471142943;NA
"*diallo_c";-0,79180285315638;-1,78322064594632;-0,405821877663311;-0,913952188908055;NA;NA;NA;NA;NA;0,979431254310531;NA
"*de_oliveira_s";0,363902118089697;1,4579398396016;0,242170552690327;0,970233695255768;NA;NA;NA;NA;NA;0,73390139665372;NA
"*terra_b";-1,11107569061437;-0,862272407081847;-0,790005626403135;-0,613099592441057;NA;NA;NA;NA;NA;0,783428571939928;NA
"*da_luz_c";-1,11107569061437;-0,862272407081847;-0,790005626403135;-0,613099592441057;NA;NA;NA;NA;NA;0,783428571939928;NA
"*abreu_m";-1,15652098531733;-1,68280220008312;-0,566393955119013;-0,824134629538549;NA;NA;NA;NA;NA;1,06453806891636;NA
"*2023";-0,121019074513701;0,556850382734408;-0,212370398420111;0,977189241587771;NA;NA;NA;NA;NA;0,277308888238267;NA
"*santana_e_s_c";2,62699622040106;-0,225397279711269;0,996339346345391;-0,0854862967032631;NA;NA;NA;NA;NA;1,5755329945347;NA
"*vilela_e";2,62699622040106;-0,225397279711269;0,996339346345391;-0,0854862967032631;NA;NA;NA;NA;NA;1,5755329945347;NA
"*de_oliveira_v";2,62699622040106;-0,225397279711269;0,996339346345391;-0,0854862967032631;NA;NA;NA;NA;NA;1,5755329945347;NA
"*de_oliveira_d";-0,92929451180251;2,41984676492325;-0,358503236221123;0,933528483560615;NA;NA;NA;NA;NA;1,28932109165048;NA
"*costa_t";-0,968247621547907;1,7165355137793;-0,491300222598952;0,870990293444319;NA;NA;NA;NA;NA;1,00823075086647;NA
"*severo_c";NA;NA;NA;NA;NA;NA;NA;NA;NA;NA;NA
"*makoni_s";NA;NA;NA;NA;NA;NA;NA;NA;NA;NA;NA
"*cristiellen_r_r_m";0,848850854299275;1,09722474260599;0,611896662480811;0,790937718436063;NA;NA;NA;NA;NA;0,732231707562957;NA
"*quezado_c_l_m";0,848850854299275;1,09722474260599;0,611896662480811;0,790937718436063;NA;NA;NA;NA;NA;0,732231707562957;NA
"*mariz_s";-0,92929451180251;2,41984676492325;-0,358503236221123;0,933528483560615;NA;NA;NA;NA;NA;1,28932109165048;NA
"*vasconcelos_f";-0,92929451180251;2,41984676492325;-0,358503236221123;0,933528483560615;NA;NA;NA;NA;NA;1,28932109165048;NA
"*da_silva_a";0,880757510069495;-0,898045704498278;0,700201338613029;-0,713945435873444;NA;NA;NA;NA;NA;0,681234493044093;NA
"*lemos_a";-1,14743192637674;-1,51869624148287;-0,602823906594119;-0,797874261797312;NA;NA;NA;NA;NA;1,0021641612395;NA
"*guimarães_a";-0,710001322691045;-0,306267018544026;-0,918215004727511;-0,396082321106682;NA;NA;NA;NA;NA;0,449602315204085;NA
"*ribeiro_a";-1,20196628002029;-2,50333199308439;-0,432838454199658;-0,901471504023311;NA;NA;NA;NA;NA;1,40191779971328;NA
"*malfrán_y";-0,92929451180251;2,41984676492325;-0,358503236221123;0,933528483560615;NA;NA;NA;NA;NA;1,28932109165048;NA
"*boscatti_a";-0,92929451180251;2,41984676492325;-0,358503236221123;0,933528483560615;NA;NA;NA;NA;NA;1,28932109165048;NA
"*navarro_p";-0,92929451180251;2,41984676492325;-0,358503236221123;0,933528483560615;NA;NA;NA;NA;NA;1,28932109165048;NA
"*arañó_y";-0,92929451180251;2,41984676492325;-0,358503236221123;0,933528483560615;NA;NA;NA;NA;NA;1,28932109165048;NA
"*petschelies_e";NA;NA;NA;NA;NA;NA;NA;NA;NA;NA;NA
"*souza_v";-1,02018510120844;0,778787178920699;-0,794866743084881;0,606784031379892;NA;NA;NA;NA;NA;0,716067115620074;NA
"*zullo_g";-0,92929451180251;2,41984676492325;-0,358503236221123;0,933528483560615;NA;NA;NA;NA;NA;1,28932109165048;NA
"*almeida_p";-0,92929451180251;2,41984676492325;-0,358503236221123;0,933528483560615;NA;NA;NA;NA;NA;1,28932109165048;NA
"*colombini_i";-0,983828865446067;1,43521101332172;-0,565404892437714;0,82481349868167;NA;NA;NA;NA;NA;0,906927903532568;NA
"*gomes_n";-1,03836321908962;0,45057526172019;-0,91735636470537;0,398066954336263;NA;NA;NA;NA;NA;0,657955438156257;NA
"*conte_g_p";-0,92929451180251;2,41984676492325;-0,358503236221123;0,933528483560615;NA;NA;NA;NA;NA;1,28932109165048;NA
"*pizzinato_a";-0,92929451180251;2,41984676492325;-0,358503236221123;0,933528483560615;NA;NA;NA;NA;NA;1,28932109165048;NA
"*silva_d";-0,92929451180251;2,41984676492325;-0,358503236221123;0,933528483560615;NA;NA;NA;NA;NA;1,28932109165048;NA
"*dziuba_a";-0,92929451180251;2,41984676492325;-0,358503236221123;0,933528483560615;NA;NA;NA;NA;NA;1,28932109165048;NA
"*trapp_r";-1,0072007312933;1,01322426263535;-0,704995537247095;0,709211740217039;NA;NA;NA;NA;NA;0,774862937227878;NA
"*campos_l";-0,71593227592508;-1,15618841204124;-0,526459123066089;-0,850200442096148;NA;NA;NA;NA;NA;0,701718757139838;NA
"*de_lima_c";-1,20196628002029;-2,50333199308439;-0,432838454199658;-0,901471504023311;NA;NA;NA;NA;NA;1,40191779971328;NA
"*cunha_r";-1,20196628002029;-2,50333199308439;-0,432838454199658;-0,901471504023311;NA;NA;NA;NA;NA;1,40191779971328;NA
"*leite_i";-1,20196628002029;-2,50333199308439;-0,432838454199658;-0,901471504023311;NA;NA;NA;NA;NA;1,40191779971328;NA
"*nogueira_m";-1,20196628002029;-2,50333199308439;-0,432838454199658;-0,901471504023311;NA;NA;NA;NA;NA;1,40191779971328;NA
"*da_cruz_d";-1,20196628002029;-2,50333199308439;-0,432838454199658;-0,901471504023311;NA;NA;NA;NA;NA;1,40191779971328;NA
"*rodrigues_g";-1,13379833796585;-1,27253730358248;-0,665233284653466;-0,746635571741101;NA;NA;NA;NA;NA;0,913465603202687;NA
"*dos_santos_p";-1,13379833796585;-1,27253730358248;-0,665233284653466;-0,746635571741101;NA;NA;NA;NA;NA;0,913465603202687;NA
"*paulla_m";-1,13379833796585;-1,27253730358248;-0,665233284653466;-0,746635571741101;NA;NA;NA;NA;NA;0,913465603202687;NA
"*do_bonfim_m";-0,92929451180251;2,41984676492325;-0,358503236221123;0,933528483560615;NA;NA;NA;NA;NA;1,28932109165048;NA
"*matos_c";-1,02018510120844;0,778787178920699;-0,794866743084881;0,606784031379892;NA;NA;NA;NA;NA;0,716067115620074;NA
"*tavares_j";-1,02018510120844;0,778787178920699;-0,794866743084881;0,606784031379892;NA;NA;NA;NA;NA;0,716067115620074;NA
"*couto_m";-1,02018510120844;0,778787178920699;-0,794866743084881;0,606784031379892;NA;NA;NA;NA;NA;0,716067115620074;NA
"*flaherty-echeverría_s";-1,20196628002029;-2,50333199308439;-0,432838454199658;-0,901471504023311;NA;NA;NA;NA;NA;1,40191779971328;NA
"*de_oliveira_l";-1,20196628002029;-2,50333199308439;-0,432838454199658;-0,901471504023311;NA;NA;NA;NA;NA;1,40191779971328;NA
"*pierobon_c";-0,92929451180251;2,41984676492325;-0,358503236221123;0,933528483560615;NA;NA;NA;NA;NA;1,28932109165048;NA
"*fernandes_c";-0,92929451180251;2,41984676492325;-0,358503236221123;0,933528483560615;NA;NA;NA;NA;NA;1,28932109165048;NA
"*de_oliveira_a";0,95553197223799;-0,690792845876254;0,810402816078134;-0,58587308838402;NA;NA;NA;NA;NA;0,661165412834688;NA
"*bueno_j";1,4415659763332;0,656350735166902;0,910106236490565;0,414374997195754;NA;NA;NA;NA;NA;0,918426537608066;NA
"*dos_santos_n";1,4415659763332;0,656350735166902;0,910106236490565;0,414374997195754;NA;NA;NA;NA;NA;0,918426537608066;NA
"*bragaia_f";NA;NA;NA;NA;NA;NA;NA;NA;NA;NA;NA
"*frança_d";1,73792353735017;0,435913731447359;0,96995404640797;0,243288199172926;NA;NA;NA;NA;NA;1,06075111445799;NA
"*massarani_l";-0,92929451180251;2,41984676492325;-0,358503236221123;0,933528483560615;NA;NA;NA;NA;NA;1,28932109165048;NA
"*waltz_i";-0,92929451180251;2,41984676492325;-0,358503236221123;0,933528483560615;NA;NA;NA;NA;NA;1,28932109165048;NA
"*leal_t";-0,92929451180251;2,41984676492325;-0,358503236221123;0,933528483560615;NA;NA;NA;NA;NA;1,28932109165048;NA
"*medeiros_a";-0,92929451180251;2,41984676492325;-0,358503236221123;0,933528483560615;NA;NA;NA;NA;NA;1,28932109165048;NA
"*tarelow_g";NA;NA;NA;NA;NA;NA;NA;NA;NA;NA;NA
"*mota_a";-1,20196628002029;-2,50333199308439;-0,432838454199658;-0,901471504023311;NA;NA;NA;NA;NA;1,40191779971328;NA
"*afonso_m";-0,92929451180251;2,41984676492325;-0,358503236221123;0,933528483560615;NA;NA;NA;NA;NA;1,28932109165048;NA
"*machado_i";-1,09289757273318;-0,534060489881338;-0,898463816400456;-0,439047572159473;NA;NA;NA;NA;NA;0,702502872987023;NA
"*raminelli_r";-1,0656303959114;-0,041742614080574;-0,999233668554407;-0,0391417376632815;NA;NA;NA;NA;NA;0,637911121263715;NA
"*fialho_c";2,62699622040106;-0,225397279711269;0,996339346345391;-0,0854862967032631;NA;NA;NA;NA;NA;1,5755329945347;NA
"*bonomo_m";2,62699622040106;-0,225397279711269;0,996339346345391;-0,0854862967032631;NA;NA;NA;NA;NA;1,5755329945347;NA
"*da_silva_s";2,62699622040106;-0,225397279711269;0,996339346345391;-0,0854862967032631;NA;NA;NA;NA;NA;1,5755329945347;NA
"*miranda_a";2,62699622040106;-0,225397279711269;0,996339346345391;-0,0854862967032631;NA;NA;NA;NA;NA;1,5755329945347;NA
"*silveira_r";-0,327105072648909;-0,0784735472067131;-0,972408662888262;-0,233283930736478;NA;NA;NA;NA;NA;0,199318217429149;NA
"*rosa_r";-0,327105072648909;-0,0784735472067131;-0,972408662888262;-0,233283930736478;NA;NA;NA;NA;NA;0,199318217429149;NA
"*fogaça_g";-0,327105072648909;-0,0784735472067131;-0,972408662888262;-0,233283930736478;NA;NA;NA;NA;NA;0,199318217429149;NA
"*santos_l";-0,746550187542956;0,14808527870052;-0,980888917407117;0,19456857841875;NA;NA;NA;NA;NA;0,452318116693076;NA
"*nardi_h";-0,327105072648909;-0,0784735472067131;-0,972408662888262;-0,233283930736478;NA;NA;NA;NA;NA;0,199318217429149;NA
"*alves_m";-0,327105072648909;-0,0784735472067131;-0,972408662888262;-0,233283930736478;NA;NA;NA;NA;NA;0,199318217429149;NA
"*bairros_f";-0,327105072648909;-0,0784735472067131;-0,972408662888262;-0,233283930736478;NA;NA;NA;NA;NA;0,199318217429149;NA
"*menegotto_j";-1,02018510120844;0,778787178920699;-0,794866743084881;0,606784031379892;NA;NA;NA;NA;NA;0,716067115620074;NA
"*ribeiro_f";-1,02018510120844;0,778787178920699;-0,794866743084881;0,606784031379892;NA;NA;NA;NA;NA;0,716067115620074;NA
"*borgongino_b";-1,0656303959114;-0,041742614080574;-0,999233668554407;-0,0391417376632815;NA;NA;NA;NA;NA;0,637911121263715;NA
"*munareto_g";-0,92929451180251;2,41984676492325;-0,358503236221123;0,933528483560615;NA;NA;NA;NA;NA;1,28932109165048;NA
"*de_carvalho_figueiredo_d";-0,92929451180251;2,41984676492325;-0,358503236221123;0,933528483560615;NA;NA;NA;NA;NA;1,28932109165048;NA
"*lopes_j";-0,92929451180251;2,41984676492325;-0,358503236221123;0,933528483560615;NA;NA;NA;NA;NA;1,28932109165048;NA
"*uessler_l";-0,92929451180251;2,41984676492325;-0,358503236221123;0,933528483560615;NA;NA;NA;NA;NA;1,28932109165048;NA
"*lins_i";-1,20196628002029;-2,50333199308439;-0,432838454199658;-0,901471504023311;NA;NA;NA;NA;NA;1,40191779971328;NA
"*monteiro_r";-0,577065417612162;-0,771290246028908;-0,599067924051507;-0,800698209297746;NA;NA;NA;NA;NA;0,506643134092159;NA
"*dos_santos_m";-1,20196628002029;-2,50333199308439;-0,432838454199658;-0,901471504023311;NA;NA;NA;NA;NA;1,40191779971328;NA
"*de_araújo_e";-0,689261996440401;-1,6031928091618;-0,394974111171293;-0,918692250704471;NA;NA;NA;NA;NA;0,874089702488286;NA
"*balaban_m";-0,92929451180251;2,41984676492325;-0,358503236221123;0,933528483560615;NA;NA;NA;NA;NA;1,28932109165048;NA
"*alves-brito_a";-0,381639426292466;-1,06310929880824;-0,337872946922869;-0,941191729531054;NA;NA;NA;NA;NA;0,559750471142943;NA
"*rosa_k";-0,381639426292466;-1,06310929880824;-0,337872946922869;-0,941191729531054;NA;NA;NA;NA;NA;0,559750471142943;NA
"*hayashi_b";-1,20196628002029;-2,50333199308439;-0,432838454199658;-0,901471504023311;NA;NA;NA;NA;NA;1,40191779971328;NA
"*de_azevedo_weimer_r";-1,20196628002029;-2,50333199308439;-0,432838454199658;-0,901471504023311;NA;NA;NA;NA;NA;1,40191779971328;NA
"*santana_b";2,62699622040106;-0,225397279711269;0,996339346345391;-0,0854862967032631;NA;NA;NA;NA;NA;1,5755329945347;NA
"*andrade_a";2,62699622040106;-0,225397279711269;0,996339346345391;-0,0854862967032631;NA;NA;NA;NA;NA;1,5755329945347;NA
"*muraro_a";2,62699622040106;-0,225397279711269;0,996339346345391;-0,0854862967032631;NA;NA;NA;NA;NA;1,5755329945347;NA
"*de_jesus_g";2,62699622040106;-0,225397279711269;0,996339346345391;-0,0854862967032631;NA;NA;NA;NA;NA;1,5755329945347;NA
"*da_costa_m";1,02496540139445;-0,498343762870089;0,89933449227489;-0,437261330333093;NA;NA;NA;NA;NA;0,658394931661903;NA
"*dias_l";2,62699622040106;-0,225397279711269;0,996339346345391;-0,0854862967032631;NA;NA;NA;NA;NA;1,5755329945347;NA
"*filho_v";2,62699622040106;-0,225397279711269;0,996339346345391;-0,0854862967032631;NA;NA;NA;NA;NA;1,5755329945347;NA
"*de_oliveira_araújo_r";2,62699622040106;-0,225397279711269;0,996339346345391;-0,0854862967032631;NA;NA;NA;NA;NA;1,5755329945347;NA
"*barros_a";2,62699622040106;-0,225397279711269;0,996339346345391;-0,0854862967032631;NA;NA;NA;NA;NA;1,5755329945347;NA
"*dos_santos_araújo_l";2,62699622040106;-0,225397279711269;0,996339346345391;-0,0854862967032631;NA;NA;NA;NA;NA;1,5755329945347;NA
"*schrann_m";2,62699622040106;-0,225397279711269;0,996339346345391;-0,0854862967032631;NA;NA;NA;NA;NA;1,5755329945347;NA
"*da_silva_v";0,165245142859419;-0,102960835957473;0,848730129665816;-0,528826216253929;NA;NA;NA;NA;NA;0,110567531599063;NA
"*moura_j";0,165245142859419;-0,102960835957473;0,848730129665816;-0,528826216253929;NA;NA;NA;NA;NA;0,110567531599063;NA
"*bonilla-medina_s";0,0743545534534909;-1,74402042196002;0,0425952981696036;-0,999092408425688;NA;NA;NA;NA;NA;0,839563265135127;NA
"*finardi_k";0,0743545534534909;-1,74402042196002;0,0425952981696036;-0,999092408425688;NA;NA;NA;NA;NA;0,839563265135127;NA
"*lopes_p";-0,92929451180251;2,41984676492325;-0,358503236221123;0,933528483560615;NA;NA;NA;NA;NA;1,28932109165048;NA
"*higa_l";-0,92929451180251;2,41984676492325;-0,358503236221123;0,933528483560615;NA;NA;NA;NA;NA;1,28932109165048;NA
"*pinto_c";-1,20196628002029;-2,50333199308439;-0,432838454199658;-0,901471504023311;NA;NA;NA;NA;NA;1,40191779971328;NA
"*pereira_b";0,780682912244829;-0,133569946895922;0,985677167579414;-0,168643177486145;NA;NA;NA;NA;NA;0,471496239512947;NA
"*siqueira_j";0,780682912244829;-0,133569946895922;0,985677167579414;-0,168643177486145;NA;NA;NA;NA;NA;0,471496239512947;NA
"*déus_f";-1,20196628002029;-2,50333199308439;-0,432838454199658;-0,901471504023311;NA;NA;NA;NA;NA;1,40191779971328;NA
"*dos_santos_e";2,62699622040106;-0,225397279711269;0,996339346345391;-0,0854862967032631;NA;NA;NA;NA;NA;1,5755329945347;NA
"*barbosa_i";2,62699622040106;-0,225397279711269;0,996339346345391;-0,0854862967032631;NA;NA;NA;NA;NA;1,5755329945347;NA
"*de_moraes_j";2,62699622040106;-0,225397279711269;0,996339346345391;-0,0854862967032631;NA;NA;NA;NA;NA;1,5755329945347;NA
"*frança_a";2,62699622040106;-0,225397279711269;0,996339346345391;-0,0854862967032631;NA;NA;NA;NA;NA;1,5755329945347;NA
"*domingues_c";2,62699622040106;-0,225397279711269;0,996339346345391;-0,0854862967032631;NA;NA;NA;NA;NA;1,5755329945347;NA
"*teixeira_m";2,62699622040106;-0,225397279711269;0,996339346345391;-0,0854862967032631;NA;NA;NA;NA;NA;1,5755329945347;NA
"*bezerra_h";2,62699622040106;-0,225397279711269;0,996339346345391;-0,0854862967032631;NA;NA;NA;NA;NA;1,5755329945347;NA
"*de_medeiros_n";2,62699622040106;-0,225397279711269;0,996339346345391;-0,0854862967032631;NA;NA;NA;NA;NA;1,5755329945347;NA
"*araújo_m";2,62699622040106;-0,225397279711269;0,996339346345391;-0,0854862967032631;NA;NA;NA;NA;NA;1,5755329945347;NA
"*fernandes_f";2,62699622040106;-0,225397279711269;0,996339346345391;-0,0854862967032631;NA;NA;NA;NA;NA;1,5755329945347;NA
"*alexandrino_a";2,62699622040106;-0,225397279711269;0,996339346345391;-0,0854862967032631;NA;NA;NA;NA;NA;1,5755329945347;NA
"*bezerra_r";2,62699622040106;-0,225397279711269;0,996339346345391;-0,0854862967032631;NA;NA;NA;NA;NA;1,5755329945347;NA
"*ramos_a";2,62699622040106;-0,225397279711269;0,996339346345391;-0,0854862967032631;NA;NA;NA;NA;NA;1,5755329945347;NA
"*oliveira_a";2,62699622040106;-0,225397279711269;0,996339346345391;-0,0854862967032631;NA;NA;NA;NA;NA;1,5755329945347;NA
"*boing_a";2,62699622040106;-0,225397279711269;0,996339346345391;-0,0854862967032631;NA;NA;NA;NA;NA;1,5755329945347;NA
"*de_oliveira_c";2,62699622040106;-0,225397279711269;0,996339346345391;-0,0854862967032631;NA;NA;NA;NA;NA;1,5755329945347;NA
"*maciel_e";2,62699622040106;-0,225397279711269;0,996339346345391;-0,0854862967032631;NA;NA;NA;NA;NA;1,5755329945347;NA
"*guibu_i";2,62699622040106;-0,225397279711269;0,996339346345391;-0,0854862967032631;NA;NA;NA;NA;NA;1,5755329945347;NA
"*barbosa_j";2,62699622040106;-0,225397279711269;0,996339346345391;-0,0854862967032631;NA;NA;NA;NA;NA;1,5755329945347;NA
"*lima_j";2,62699622040106;-0,225397279711269;0,996339346345391;-0,0854862967032631;NA;NA;NA;NA;NA;1,5755329945347;NA
"*luhm_k";2,62699622040106;-0,225397279711269;0,996339346345391;-0,0854862967032631;NA;NA;NA;NA;NA;1,5755329945347;NA
"*caetano_k";2,62699622040106;-0,225397279711269;0,996339346345391;-0,0854862967032631;NA;NA;NA;NA;NA;1,5755329945347;NA
"*lima_l";2,62699622040106;-0,225397279711269;0,996339346345391;-0,0854862967032631;NA;NA;NA;NA;NA;1,5755329945347;NA
"*antunes_m";2,62699622040106;-0,225397279711269;0,996339346345391;-0,0854862967032631;NA;NA;NA;NA;NA;1,5755329945347;NA
"*borges_m";2,62699622040106;-0,225397279711269;0,996339346345391;-0,0854862967032631;NA;NA;NA;NA;NA;1,5755329945347;NA
"*queiroz_r";2,62699622040106;-0,225397279711269;0,996339346345391;-0,0854862967032631;NA;NA;NA;NA;NA;1,5755329945347;NA
"*gurgel_r";2,62699622040106;-0,225397279711269;0,996339346345391;-0,0854862967032631;NA;NA;NA;NA;NA;1,5755329945347;NA
"*barata_r";2,62699622040106;-0,225397279711269;0,996339346345391;-0,0854862967032631;NA;NA;NA;NA;NA;1,5755329945347;NA
"*de_azevedo_r";2,62699622040106;-0,225397279711269;0,996339346345391;-0,0854862967032631;NA;NA;NA;NA;NA;1,5755329945347;NA
"*teles_s";2,62699622040106;-0,225397279711269;0,996339346345391;-0,0854862967032631;NA;NA;NA;NA;NA;1,5755329945347;NA
"*da_gama_s";2,62699622040106;-0,225397279711269;0,996339346345391;-0,0854862967032631;NA;NA;NA;NA;NA;1,5755329945347;NA
"*mengue_s";2,62699622040106;-0,225397279711269;0,996339346345391;-0,0854862967032631;NA;NA;NA;NA;NA;1,5755329945347;NA
"*simões_t";2,62699622040106;-0,225397279711269;0,996339346345391;-0,0854862967032631;NA;NA;NA;NA;NA;1,5755329945347;NA
"*nascimento_v";2,62699622040106;-0,225397279711269;0,996339346345391;-0,0854862967032631;NA;NA;NA;NA;NA;1,5755329945347;NA
"*de_araújo_w";2,62699622040106;-0,225397279711269;0,996339346345391;-0,0854862967032631;NA;NA;NA;NA;NA;1,5755329945347;NA
"*nascimento_d";-0,92929451180251;2,41984676492325;-0,358503236221123;0,933528483560615;NA;NA;NA;NA;NA;1,28932109165048;NA
"*ramos_i";1,66975559529572;-0,794880958054551;0,902911047041847;-0,42982745506749;NA;NA;NA;NA;NA;1,06964104577658;NA
"*pantoja_g";1,66975559529572;-0,794880958054551;0,902911047041847;-0,42982745506749;NA;NA;NA;NA;NA;1,06964104577658;NA
"*ferreira_l";-0,518360568580437;-1,30314641452093;-0,369608639233161;-0,929187523487165;NA;NA;NA;NA;NA;0,69901973761454;NA
"*dos_anjos_j";-1,20196628002029;-2,50333199308439;-0,432838454199658;-0,901471504023311;NA;NA;NA;NA;NA;1,40191779971328;NA
"*vieira_m";-1,20196628002029;-2,50333199308439;-0,432838454199658;-0,901471504023311;NA;NA;NA;NA;NA;1,40191779971328;NA
"*costa_b";1,57196004431178;-0,172924518102499;0,994003743356775;-0,109346047906265;NA;NA;NA;NA;NA;0,944212530297985;NA
"*de_lima_brandão_l";1,57196004431178;-0,172924518102499;0,994003743356775;-0,109346047906265;NA;NA;NA;NA;NA;0,944212530297985;NA
"*de_carvalho_batista_j";-1,11107569061437;-0,862272407081847;-0,790005626403135;-0,613099592441057;NA;NA;NA;NA;NA;0,783428571939928;NA
"*kyrillos_g";-1,13379833796585;-1,27253730358248;-0,665233284653466;-0,746635571741101;NA;NA;NA;NA;NA;0,913465603202687;NA
"*viana_i";NA;NA;NA;NA;NA;NA;NA;NA;NA;NA;NA
"*de_moraes_c";2,62699622040106;-0,225397279711269;0,996339346345391;-0,0854862967032631;NA;NA;NA;NA;NA;1,5755329945347;NA
"*peres_r";2,62699622040106;-0,225397279711269;0,996339346345391;-0,0854862967032631;NA;NA;NA;NA;NA;1,5755329945347;NA
"*barbosa_m";2,62699622040106;-0,225397279711269;0,996339346345391;-0,0854862967032631;NA;NA;NA;NA;NA;1,5755329945347;NA
"*pedreira_c";2,62699622040106;-0,225397279711269;0,996339346345391;-0,0854862967032631;NA;NA;NA;NA;NA;1,5755329945347;NA
"*cruvinel_t";-1,02018510120844;0,778787178920699;-0,794866743084881;0,606784031379892;NA;NA;NA;NA;NA;0,716067115620074;NA
"*silveira_t";-1,02018510120844;0,778787178920699;-0,794866743084881;0,606784031379892;NA;NA;NA;NA;NA;0,716067115620074;NA
"*de_souza_v";-0,92929451180251;2,41984676492325;-0,358503236221123;0,933528483560615;NA;NA;NA;NA;NA;1,28932109165048;NA
"*perussatto_m";-1,20196628002029;-2,50333199308439;-0,432838454199658;-0,901471504023311;NA;NA;NA;NA;NA;1,40191779971328;NA
"*ratusniak_c";0,712514970190383;-1,36436463639783;0,462909425520818;-0,886405586491865;NA;NA;NA;NA;NA;0,782252793862126;NA
"*barbosa_c";-1,13379833796585;-1,27253730358248;-0,665233284653466;-0,746635571741101;NA;NA;NA;NA;NA;0,913465603202687;NA
"*kubota_r";-1,20196628002029;-2,50333199308439;-0,432838454199658;-0,901471504023311;NA;NA;NA;NA;NA;1,40191779971328;NA
"*hibarino_d";-1,20196628002029;-2,50333199308439;-0,432838454199658;-0,901471504023311;NA;NA;NA;NA;NA;1,40191779971328;NA
"*da_silva_j";-1,20196628002029;-2,50333199308439;-0,432838454199658;-0,901471504023311;NA;NA;NA;NA;NA;1,40191779971328;NA
"*gato_m";-1,03154642488418;0,573654730670381;-0,873950968112141;0,48601409993523;NA;NA;NA;NA;NA;0,676007160519884;NA
"*assis_g";-0,983828865446067;1,43521101332172;-0,565404892437714;0,82481349868167;NA;NA;NA;NA;NA;0,906927903532568;NA
"*siqueira_s";-0,983828865446067;1,43521101332172;-0,565404892437714;0,82481349868167;NA;NA;NA;NA;NA;0,906927903532568;NA
"*pedroso_g";-1,20196628002029;-2,50333199308439;-0,432838454199658;-0,901471504023311;NA;NA;NA;NA;NA;1,40191779971328;NA
"*lima_t";-1,20196628002029;-2,50333199308439;-0,432838454199658;-0,901471504023311;NA;NA;NA;NA;NA;1,40191779971328;NA
"*de_oliveira_f";-1,20196628002029;-2,50333199308439;-0,432838454199658;-0,901471504023311;NA;NA;NA;NA;NA;1,40191779971328;NA
"*dos_santos_gutterres_a";-0,92929451180251;2,41984676492325;-0,358503236221123;0,933528483560615;NA;NA;NA;NA;NA;1,28932109165048;NA
"*barbosa-fohrmann_a";-0,92929451180251;2,41984676492325;-0,358503236221123;0,933528483560615;NA;NA;NA;NA;NA;1,28932109165048;NA
"*de_sousa_r";-1,0656303959114;-0,041742614080574;-0,999233668554407;-0,0391417376632815;NA;NA;NA;NA;NA;0,637911121263715;NA
"*pimentel_m";-1,0656303959114;-0,041742614080574;-0,999233668554407;-0,0391417376632815;NA;NA;NA;NA;NA;0,637911121263715;NA
"*gantus-oliveira_t";0,848850854299275;1,09722474260599;0,611896662480811;0,790937718436063;NA;NA;NA;NA;NA;0,732231707562957;NA
"*soares_j";2,62699622040106;-0,225397279711269;0,996339346345391;-0,0854862967032631;NA;NA;NA;NA;NA;1,5755329945347;NA
"*covre-sussai_m";2,62699622040106;-0,225397279711269;0,996339346345391;-0,0854862967032631;NA;NA;NA;NA;NA;1,5755329945347;NA
"*sento-sé_i";2,62699622040106;-0,225397279711269;0,996339346345391;-0,0854862967032631;NA;NA;NA;NA;NA;1,5755329945347;NA
"*ferreira_c";-0,92929451180251;2,41984676492325;-0,358503236221123;0,933528483560615;NA;NA;NA;NA;NA;1,28932109165048;NA
"*georgini_g";1,66975559529572;-0,794880958054551;0,902911047041847;-0,42982745506749;NA;NA;NA;NA;NA;1,06964104577658;NA
"*galinari_l";1,66975559529572;-0,794880958054551;0,902911047041847;-0,42982745506749;NA;NA;NA;NA;NA;1,06964104577658;NA
"*bazon_m";1,66975559529572;-0,794880958054551;0,902911047041847;-0,42982745506749;NA;NA;NA;NA;NA;1,06964104577658;NA
"*mizrahi_m";0,848850854299275;1,09722474260599;0,611896662480811;0,790937718436063;NA;NA;NA;NA;NA;0,732231707562957;NA
"*2015";0,848850854299275;1,09722474260599;0,611896662480811;0,790937718436063;NA;NA;NA;NA;NA;0,732231707562957;NA
"*da_costa_l";-1,20196628002029;-2,50333199308439;-0,432838454199658;-0,901471504023311;NA;NA;NA;NA;NA;1,40191779971328;NA
"*tittoni_j";-1,02018510120844;0,778787178920699;-0,794866743084881;0,606784031379892;NA;NA;NA;NA;NA;0,716067115620074;NA
"*de_castro_d";-1,02018510120844;0,778787178920699;-0,794866743084881;0,606784031379892;NA;NA;NA;NA;NA;0,716067115620074;NA
"*de_almeida_a";-1,02018510120844;0,778787178920699;-0,794866743084881;0,606784031379892;NA;NA;NA;NA;NA;0,716067115620074;NA
"*domingues_p";-1,0851069507841;-0,393398239652548;-0,94012302614111;-0,340835291188108;NA;NA;NA;NA;NA;0,676230792791023;NA
"*2018";0,737128195401509;0,0929935521897391;0,992136007942761;0,125164458786833;NA;NA;NA;NA;NA;0,443303474207344;NA
"*galak_e";-0,92929451180251;2,41984676492325;-0,358503236221123;0,933528483560615;NA;NA;NA;NA;NA;1,28932109165048;NA
"*lima_m";1,4415659763332;0,656350735166902;0,910106236490565;0,414374997195754;NA;NA;NA;NA;NA;0,918426537608066;NA
"*2012";0,277142919111312;-0,108526128855372;0,931152794802331;-0,364629226381824;NA;NA;NA;NA;NA;0,173835364376188;NA
"*santos_j";2,62699622040106;-0,225397279711269;0,996339346345391;-0,0854862967032631;NA;NA;NA;NA;NA;1,5755329945347;NA
"*sales_c";2,62699622040106;-0,225397279711269;0,996339346345391;-0,0854862967032631;NA;NA;NA;NA;NA;1,5755329945347;NA
"*prado_t";2,62699622040106;-0,225397279711269;0,996339346345391;-0,0854862967032631;NA;NA;NA;NA;NA;1,5755329945347;NA
"*stelzer_j";-1,0656303959114;-0,041742614080574;-0,999233668554407;-0,0391417376632815;NA;NA;NA;NA;NA;0,637911121263715;NA
"*de_emílio_circunde_vieira_andrade_d";-1,13379833796585;-1,27253730358248;-0,665233284653466;-0,746635571741101;NA;NA;NA;NA;NA;0,913465603202687;NA
"*teodoro_m";-1,13379833796585;-1,27253730358248;-0,665233284653466;-0,746635571741101;NA;NA;NA;NA;NA;0,913465603202687;NA
"*abrahão_b";-0,92929451180251;2,41984676492325;-0,358503236221123;0,933528483560615;NA;NA;NA;NA;NA;1,28932109165048;NA
"*soares_a";-0,92929451180251;2,41984676492325;-0,358503236221123;0,933528483560615;NA;NA;NA;NA;NA;1,28932109165048;NA
"*2016";-1,01319351740798;0,905022531690126;-0,745796684457719;0,666173630108453;NA;NA;NA;NA;NA;0,746178569542046;NA
"*silva_m";-1,11107569061437;-0,862272407081847;-0,790005626403135;-0,613099592441057;NA;NA;NA;NA;NA;0,783428571939928;NA
"*pereira_r";-1,20196628002029;-2,50333199308439;-0,432838454199658;-0,901471504023311;NA;NA;NA;NA;NA;1,40191779971328;NA
"*xavier_g";-0,92929451180251;2,41984676492325;-0,358503236221123;0,933528483560615;NA;NA;NA;NA;NA;1,28932109165048;NA
"*2013";-0,568287488419197;-0,178676858439479;-0,953959034432272;-0,299936927744895;NA;NA;NA;NA;NA;0,350702803044016;NA
"*bernardes_m";-0,472915273877473;-0,48261662151966;-0,699891578703056;-0,714249100846857;NA;NA;NA;NA;NA;0,365910636507779;NA
"*santos_e";-0,92929451180251;2,41984676492325;-0,358503236221123;0,933528483560615;NA;NA;NA;NA;NA;1,28932109165048;NA
"*pereira_p";-0,92929451180251;2,41984676492325;-0,358503236221123;0,933528483560615;NA;NA;NA;NA;NA;1,28932109165048;NA
"*calil_m";-1,20196628002029;-2,50333199308439;-0,432838454199658;-0,901471504023311;NA;NA;NA;NA;NA;1,40191779971328;NA
"*markman_d";-1,20196628002029;-2,50333199308439;-0,432838454199658;-0,901471504023311;NA;NA;NA;NA;NA;1,40191779971328;NA
"*de_andrade_i";-1,20196628002029;-2,50333199308439;-0,432838454199658;-0,901471504023311;NA;NA;NA;NA;NA;1,40191779971328;NA
"*pereira_l";-0,92929451180251;2,41984676492325;-0,358503236221123;0,933528483560615;NA;NA;NA;NA;NA;1,28932109165048;NA
"*panta_m";-1,0656303959114;-0,041742614080574;-0,999233668554407;-0,0391417376632815;NA;NA;NA;NA;NA;0,637911121263715;NA
"*negro_a";-1,11107569061437;-0,862272407081847;-0,790005626403135;-0,613099592441057;NA;NA;NA;NA;NA;0,783428571939928;NA
"*castro_f";-0,92929451180251;2,41984676492325;-0,358503236221123;0,933528483560615;NA;NA;NA;NA;NA;1,28932109165048;NA
"*minella_l";0,165245142859419;-0,102960835957473;0,848730129665816;-0,528826216253929;NA;NA;NA;NA;NA;0,110567531599063;NA
"*silveira_l";2,2713671471807;0,0391271247521821;0,999851661271459;0,0172236887078355;NA;NA;NA;NA;NA;1,35915043480713;NA
"*siqueira_n";2,62699622040106;-0,225397279711269;0,996339346345391;-0,0854862967032631;NA;NA;NA;NA;NA;1,5755329945347;NA
"*de_melo_a";-1,02018510120844;0,778787178920699;-0,794866743084881;0,606784031379892;NA;NA;NA;NA;NA;0,716067115620074;NA
"*de_oliveira_r";-1,02018510120844;0,778787178920699;-0,794866743084881;0,606784031379892;NA;NA;NA;NA;NA;0,716067115620074;NA
"*galvão_a";-0,518360568580437;-1,30314641452093;-0,369608639233161;-0,929187523487165;NA;NA;NA;NA;NA;0,69901973761454;NA
"*oliveira_e";0,215172062698179;-1,22743039203893;0,172669774500725;-0,984979770845;NA;NA;NA;NA;NA;0,603931081974488;NA
"*germani_a";-0,518360568580437;-1,30314641452093;-0,369608639233161;-0,929187523487165;NA;NA;NA;NA;NA;0,69901973761454;NA
"*luiz_o";0,215172062698179;-1,22743039203893;0,172669774500725;-0,984979770845;NA;NA;NA;NA;NA;0,603931081974488;NA
"*oliveira_d";-0,997462453856956;1,18905207542134;-0,64268525002188;0,766130321423394;NA;NA;NA;NA;NA;0,826381926439207;NA
"*mallmann_m";2,62699622040106;-0,225397279711269;0,996339346345391;-0,0854862967032631;NA;NA;NA;NA;NA;1,5755329945347;NA
"*tomasi_y";2,62699622040106;-0,225397279711269;0,996339346345391;-0,0854862967032631;NA;NA;NA;NA;NA;1,5755329945347;NA
"*anjos_j";2,62699622040106;-0,225397279711269;0,996339346345391;-0,0854862967032631;NA;NA;NA;NA;NA;1,5755329945347;NA
"*canelas_l";-0,92929451180251;2,41984676492325;-0,358503236221123;0,933528483560615;NA;NA;NA;NA;NA;1,28932109165048;NA
"*segnini_l";0,848850854299275;1,09722474260599;0,611896662480811;0,790937718436063;NA;NA;NA;NA;NA;0,732231707562957;NA
"*de_andrade_m";0,0743545534534909;-1,74402042196002;0,0425952981696036;-0,999092408425688;NA;NA;NA;NA;NA;0,839563265135127;NA
"*de_castro_pinto_e";0,0743545534534909;-1,74402042196002;0,0425952981696036;-0,999092408425688;NA;NA;NA;NA;NA;0,839563265135127;NA
"*gouvêa_m";-1,11107569061437;-0,862272407081847;-0,790005626403135;-0,613099592441057;NA;NA;NA;NA;NA;0,783428571939928;NA
"*xavier_a";-1,11107569061437;-0,862272407081847;-0,790005626403135;-0,613099592441057;NA;NA;NA;NA;NA;0,783428571939928;NA
"*silva_n";0,986012291649051;-1,20165501401404;0,634331585889238;-0,773061083707649;NA;NA;NA;NA;NA;0,825675099468777;NA
"*barros_s";0,986012291649051;-1,20165501401404;0,634331585889238;-0,773061083707649;NA;NA;NA;NA;NA;0,825675099468777;NA
"*de_a_f";0,986012291649051;-1,20165501401404;0,634331585889238;-0,773061083707649;NA;NA;NA;NA;NA;0,825675099468777;NA
"*batista_l";0,986012291649051;-1,20165501401404;0,634331585889238;-0,773061083707649;NA;NA;NA;NA;NA;0,825675099468777;NA
"*policarpo_v";0,986012291649051;-1,20165501401404;0,634331585889238;-0,773061083707649;NA;NA;NA;NA;NA;0,825675099468777;NA
"*maia_g";-0,108389770806063;0,527741064262707;-0,201184941264103;0,97955327543149;NA;NA;NA;NA;NA;0,261853160607183;NA
"*araújo_r";-0,108389770806063;0,527741064262707;-0,201184941264103;0,97955327543149;NA;NA;NA;NA;NA;0,261853160607183;NA
"*oliveira_s";-0,108389770806063;0,527741064262707;-0,201184941264103;0,97955327543149;NA;NA;NA;NA;NA;0,261853160607183;NA
"*precioso_d";-1,20196628002029;-2,50333199308439;-0,432838454199658;-0,901471504023311;NA;NA;NA;NA;NA;1,40191779971328;NA
"*de_melo_m";2,62699622040106;-0,225397279711269;0,996339346345391;-0,0854862967032631;NA;NA;NA;NA;NA;1,5755329945347;NA
"*mesquita_f";2,62699622040106;-0,225397279711269;0,996339346345391;-0,0854862967032631;NA;NA;NA;NA;NA;1,5755329945347;NA
"*de_azevedo_barros_m";2,62699622040106;-0,225397279711269;0,996339346345391;-0,0854862967032631;NA;NA;NA;NA;NA;1,5755329945347;NA
"*la-rotta_e";2,62699622040106;-0,225397279711269;0,996339346345391;-0,0854862967032631;NA;NA;NA;NA;NA;1,5755329945347;NA
"*donalisio_m";2,62699622040106;-0,225397279711269;0,996339346345391;-0,0854862967032631;NA;NA;NA;NA;NA;1,5755329945347;NA
"*braga_l";-0,92929451180251;2,41984676492325;-0,358503236221123;0,933528483560615;NA;NA;NA;NA;NA;1,28932109165048;NA
"*magalhães_m";-0,92929451180251;2,41984676492325;-0,358503236221123;0,933528483560615;NA;NA;NA;NA;NA;1,28932109165048;NA
"*schemes_c";-0,92929451180251;2,41984676492325;-0,358503236221123;0,933528483560615;NA;NA;NA;NA;NA;1,28932109165048;NA
"*passos_r";-1,0461538410387;0,3099130114914;-0,958812714779214;0,284039043051679;NA;NA;NA;NA;NA;0,643427424706745;NA
"*espinoza_f";-1,0461538410387;0,3099130114914;-0,958812714779214;0,284039043051679;NA;NA;NA;NA;NA;0,643427424706745;NA
"*da_s_b_r";-1,02018510120844;0,778787178920699;-0,794866743084881;0,606784031379892;NA;NA;NA;NA;NA;0,716067115620074;NA
"*de_m_g";-1,02018510120844;0,778787178920699;-0,794866743084881;0,606784031379892;NA;NA;NA;NA;NA;0,716067115620074;NA
"*schneider_a";-0,92929451180251;2,41984676492325;-0,358503236221123;0,933528483560615;NA;NA;NA;NA;NA;1,28932109165048;NA
"*hirata_h";0,256135732265347;1,53809875004507;0,164265415140228;0,986416176564845;NA;NA;NA;NA;NA;0,755108507755792;NA
"*zubaran_m";NA;NA;NA;NA;NA;NA;NA;NA;NA;NA;NA
"*guizzo_b";NA;NA;NA;NA;NA;NA;NA;NA;NA;NA;NA
"*de_assis_m";-0,92929451180251;2,41984676492325;-0,358503236221123;0,933528483560615;NA;NA;NA;NA;NA;1,28932109165048;NA
"*marques_d";-0,92929451180251;2,41984676492325;-0,358503236221123;0,933528483560615;NA;NA;NA;NA;NA;1,28932109165048;NA
"*roble_o";-0,92929451180251;2,41984676492325;-0,358503236221123;0,933528483560615;NA;NA;NA;NA;NA;1,28932109165048;NA
"*saraiva_m";-0,92929451180251;2,41984676492325;-0,358503236221123;0,933528483560615;NA;NA;NA;NA;NA;1,28932109165048;NA
"*harris_a";-1,13379833796585;-1,27253730358248;-0,665233284653466;-0,746635571741101;NA;NA;NA;NA;NA;0,913465603202687;NA
"*de_camilla_de_magalhães_gomes_t";-1,13379833796585;-1,27253730358248;-0,665233284653466;-0,746635571741101;NA;NA;NA;NA;NA;0,913465603202687;NA
"*conceição_í";-1,13379833796585;-1,27253730358248;-0,665233284653466;-0,746635571741101;NA;NA;NA;NA;NA;0,913465603202687;NA
"*tomas_m";1,91573807396035;0,303651529215634;0,987670137962311;0,156549348697174;NA;NA;NA;NA;NA;1,15549498220034;NA
"*carvalhaes_f";2,62699622040106;-0,225397279711269;0,996339346345391;-0,0854862967032631;NA;NA;NA;NA;NA;1,5755329945347;NA
"*ribeiro_c";2,62699622040106;-0,225397279711269;0,996339346345391;-0,0854862967032631;NA;NA;NA;NA;NA;1,5755329945347;NA
"*barone_a";NA;NA;NA;NA;NA;NA;NA;NA;NA;NA;NA
"*ferreira_m";-0,997462453856956;1,18905207542134;-0,64268525002188;0,766130321423394;NA;NA;NA;NA;NA;0,826381926439207;NA
"*eiterer_c";-0,997462453856956;1,18905207542134;-0,64268525002188;0,766130321423394;NA;NA;NA;NA;NA;0,826381926439207;NA
"*de_miranda_s";-0,997462453856956;1,18905207542134;-0,64268525002188;0,766130321423394;NA;NA;NA;NA;NA;0,826381926439207;NA
"*moutinho_l";0,210690437562383;0,717568957043801;0,281724162873749;0,959495438265907;NA;NA;NA;NA;NA;0,367262027297037;NA
"*candido_m";0,165245142859419;-0,102960835957473;0,848730129665816;-0,528826216253929;NA;NA;NA;NA;NA;0,110567531599063;NA
"*júnior_j";0,165245142859419;-0,102960835957473;0,848730129665816;-0,528826216253929;NA;NA;NA;NA;NA;0,110567531599063;NA
"*portela_p";0,165245142859419;-0,102960835957473;0,848730129665816;-0,528826216253929;NA;NA;NA;NA;NA;0,110567531599063;NA
"*candido_l";1,86120372031679;-0,680984222385895;0,939113729311314;-0,343606465915581;NA;NA;NA;NA;NA;1,16072806439807;NA
"*finkler_m";1,86120372031679;-0,680984222385895;0,939113729311314;-0,343606465915581;NA;NA;NA;NA;NA;1,16072806439807;NA
"*bastos_j";1,66975559529572;-0,794880958054551;0,902911047041847;-0,42982745506749;NA;NA;NA;NA;NA;1,06964104577658;NA
"*de_freitas_s";1,86120372031679;-0,680984222385895;0,939113729311314;-0,343606465915581;NA;NA;NA;NA;NA;1,16072806439807;NA
"*noleto_r";-0,92929451180251;2,41984676492325;-0,358503236221123;0,933528483560615;NA;NA;NA;NA;NA;1,28932109165048;NA
"*de_melo_g";-1,02018510120844;0,778787178920699;-0,794866743084881;0,606784031379892;NA;NA;NA;NA;NA;0,716067115620074;NA
"*ferreira_j";-1,02018510120844;0,778787178920699;-0,794866743084881;0,606784031379892;NA;NA;NA;NA;NA;0,716067115620074;NA
"*martins_m";0,848850854299275;1,09722474260599;0,611896662480811;0,790937718436063;NA;NA;NA;NA;NA;0,732231707562957;NA
"*santos_s_k";0,848850854299275;1,09722474260599;0,611896662480811;0,790937718436063;NA;NA;NA;NA;NA;0,732231707562957;NA
"*vasquez_v";0,848850854299275;1,09722474260599;0,611896662480811;0,790937718436063;NA;NA;NA;NA;NA;0,732231707562957;NA
"*ernica_m";2,62699622040106;-0,225397279711269;0,996339346345391;-0,0854862967032631;NA;NA;NA;NA;NA;1,5755329945347;NA
"*rodrigues_e";2,62699622040106;-0,225397279711269;0,996339346345391;-0,0854862967032631;NA;NA;NA;NA;NA;1,5755329945347;NA
"*da_silva_n";-0,92929451180251;2,41984676492325;-0,358503236221123;0,933528483560615;NA;NA;NA;NA;NA;1,28932109165048;NA
"*prado_m";2,62699622040106;-0,225397279711269;0,996339346345391;-0,0854862967032631;NA;NA;NA;NA;NA;1,5755329945347;NA
"*francisco_p";2,62699622040106;-0,225397279711269;0,996339346345391;-0,0854862967032631;NA;NA;NA;NA;NA;1,5755329945347;NA
"*barros_m";2,62699622040106;-0,225397279711269;0,996339346345391;-0,0854862967032631;NA;NA;NA;NA;NA;1,5755329945347;NA
"*trindade_a";2,62699622040106;-0,225397279711269;0,996339346345391;-0,0854862967032631;NA;NA;NA;NA;NA;1,5755329945347;NA
"*durante_m";2,62699622040106;-0,225397279711269;0,996339346345391;-0,0854862967032631;NA;NA;NA;NA;NA;1,5755329945347;NA
"*oraka_c";1,09541122023252;-1,13657116506052;0,693949052926639;-0,720024105111919;NA;NA;NA;NA;NA;0,853281478069669;NA
"*faustino_d";1,09541122023252;-1,13657116506052;0,693949052926639;-0,720024105111919;NA;NA;NA;NA;NA;0,853281478069669;NA
"*teixeira_j";1,09541122023252;-1,13657116506052;0,693949052926639;-0,720024105111919;NA;NA;NA;NA;NA;0,853281478069669;NA
"*de_souza_a";1,09541122023252;-1,13657116506052;0,693949052926639;-0,720024105111919;NA;NA;NA;NA;NA;0,853281478069669;NA
"*popinigis_f";-1,20196628002029;-2,50333199308439;-0,432838454199658;-0,901471504023311;NA;NA;NA;NA;NA;1,40191779971328;NA
"*terra_p";-1,20196628002029;-2,50333199308439;-0,432838454199658;-0,901471504023311;NA;NA;NA;NA;NA;1,40191779971328;NA
"*aguião_s";-1,02018510120844;0,778787178920699;-0,794866743084881;0,606784031379892;NA;NA;NA;NA;NA;0,716067115620074;NA
"*de_novaes_marques_t";-1,20196628002029;-2,50333199308439;-0,432838454199658;-0,901471504023311;NA;NA;NA;NA;NA;1,40191779971328;NA
"*lapera_p";-0,92929451180251;2,41984676492325;-0,358503236221123;0,933528483560615;NA;NA;NA;NA;NA;1,28932109165048;NA
"*rezende_c";-0,92929451180251;2,41984676492325;-0,358503236221123;0,933528483560615;NA;NA;NA;NA;NA;1,28932109165048;NA
"*martins_r";-1,11107569061437;-0,862272407081847;-0,790005626403135;-0,613099592441057;NA;NA;NA;NA;NA;0,783428571939928;NA
"*avritzer_l";-1,09289757273318;-0,534060489881338;-0,898463816400456;-0,439047572159473;NA;NA;NA;NA;NA;0,702502872987023;NA
"*gomes_l";-1,09289757273318;-0,534060489881338;-0,898463816400456;-0,439047572159473;NA;NA;NA;NA;NA;0,702502872987023;NA
"*muñoz-cabrera_p";-1,11107569061437;-0,862272407081847;-0,790005626403135;-0,613099592441057;NA;NA;NA;NA;NA;0,783428571939928;NA
"*rangel_p";-1,11107569061437;-0,862272407081847;-0,790005626403135;-0,613099592441057;NA;NA;NA;NA;NA;0,783428571939928;NA
"*salata_a";1,14994557387607;-0,151935413458991;0,991384263208287;-0,130985658233875;NA;NA;NA;NA;NA;0,691909252614386;NA
"*lima_a";-1,0656303959114;-0,041742614080574;-0,999233668554407;-0,0391417376632815;NA;NA;NA;NA;NA;0,637911121263715;NA
"*alves_n";-1,0656303959114;-0,041742614080574;-0,999233668554407;-0,0391417376632815;NA;NA;NA;NA;NA;0,637911121263715;NA
"*araújo_a";0,780682912244829;-0,133569946895922;0,985677167579414;-0,168643177486145;NA;NA;NA;NA;NA;0,471496239512947;NA
"*lombardi_m";0,780682912244829;-0,133569946895922;0,985677167579414;-0,168643177486145;NA;NA;NA;NA;NA;0,471496239512947;NA
"*cabrera_o";-1,0656303959114;-0,041742614080574;-0,999233668554407;-0,0391417376632815;NA;NA;NA;NA;NA;0,637911121263715;NA
"*calvo-gonzalez_e";NA;NA;NA;NA;NA;NA;NA;NA;NA;NA;NA
"*lima_n";2,62699622040106;-0,225397279711269;0,996339346345391;-0,0854862967032631;NA;NA;NA;NA;NA;1,5755329945347;NA
"*cordeiro_r";2,62699622040106;-0,225397279711269;0,996339346345391;-0,0854862967032631;NA;NA;NA;NA;NA;1,5755329945347;NA
"*proni_m";2,62699622040106;-0,225397279711269;0,996339346345391;-0,0854862967032631;NA;NA;NA;NA;NA;1,5755329945347;NA
"*gomes_d";2,62699622040106;-0,225397279711269;0,996339346345391;-0,0854862967032631;NA;NA;NA;NA;NA;1,5755329945347;NA
"*albuquerque_w";-1,11107569061437;-0,862272407081847;-0,790005626403135;-0,613099592441057;NA;NA;NA;NA;NA;0,783428571939928;NA
"*senkevics_a";2,14837590784839;-0,51013911888291;0,972946747476776;-0,231029492866954;NA;NA;NA;NA;NA;1,30861496523793;NA
"*da_costa_a";2,62699622040106;-0,225397279711269;0,996339346345391;-0,0854862967032631;NA;NA;NA;NA;NA;1,5755329945347;NA
"*picanço_f";2,62699622040106;-0,225397279711269;0,996339346345391;-0,0854862967032631;NA;NA;NA;NA;NA;1,5755329945347;NA
"*nascimento_g";0,712514970190383;-1,36436463639783;0,462909425520818;-0,886405586491865;NA;NA;NA;NA;NA;0,782252793862126;NA
"*da_silva_i";-1,02018510120844;0,778787178920699;-0,794866743084881;0,606784031379892;NA;NA;NA;NA;NA;0,716067115620074;NA
"*kabad_j";1,53300693456639;-0,876235769246448;0,868186585588044;-0,496237899202564;NA;NA;NA;NA;NA;1,00933499516022;NA
"*santos_r";1,53300693456639;-0,876235769246448;0,868186585588044;-0,496237899202564;NA;NA;NA;NA;NA;1,00933499516022;NA
"*laguardia_j";NA;NA;NA;NA;NA;NA;NA;NA;NA;NA;NA
"*2006";0,396560113165358;0,645033092678026;0,523730178834977;0,851884205615695;NA;NA;NA;NA;NA;0,390445497911038;NA
"*alves_f";2,62699622040106;-0,225397279711269;0,996339346345391;-0,0854862967032631;NA;NA;NA;NA;NA;1,5755329945347;NA
"*ortigão_i";2,62699622040106;-0,225397279711269;0,996339346345391;-0,0854862967032631;NA;NA;NA;NA;NA;1,5755329945347;NA
"*franco_c";2,62699622040106;-0,225397279711269;0,996339346345391;-0,0854862967032631;NA;NA;NA;NA;NA;1,5755329945347;NA
"*2007";2,33246064344557;-0,400623026893818;0,985567835148146;-0,169280956759454;NA;NA;NA;NA;NA;1,40879986010601;NA
"*pena_s";0,848850854299275;1,09722474260599;0,611896662480811;0,790937718436063;NA;NA;NA;NA;NA;0,732231707562957;NA
"*2005";0,848850854299275;1,09722474260599;0,611896662480811;0,790937718436063;NA;NA;NA;NA;NA;0,732231707562957;NA
"*osorio_r";0,712514970190383;-1,36436463639783;0,462909425520818;-0,886405586491865;NA;NA;NA;NA;NA;0,782252793862126;NA
"*2009";0,267978628664937;-1,03370913081852;0,250944579006377;-0,968001455715493;NA;NA;NA;NA;NA;0,522150946560669;NA
"*ferraro_a";1,20447992751963;0,832700338142537;0,822566076726567;0,56866954324868;NA;NA;NA;NA;NA;0,824381791679228;NA
"*2010";0,729920281924234;0,0282044431306263;0,999254293026473;0,0386116286649846;NA;NA;NA;NA;NA;0,43694142008022;NA
"*rosemberg_f";0,757960264893347;-0,543834843396558;0,812497255623256;-0,582965015763962;NA;NA;NA;NA;NA;0,523465506074494;NA
"*feitosa_a_l";-1,0656303959114;-0,041742614080574;-0,999233668554407;-0,0391417376632815;NA;NA;NA;NA;NA;0,637911121263715;NA
"*2008";-1,0656303959114;-0,041742614080574;-0,999233668554407;-0,0391417376632815;NA;NA;NA;NA;NA;0,637911121263715;NA
"*de_carvalho_m";-0,518360568580437;-1,30314641452093;-0,369608639233161;-0,929187523487165;NA;NA;NA;NA;NA;0,69901973761454;NA
"*1999";-0,518360568580437;-1,30314641452093;-0,369608639233161;-0,929187523487165;NA;NA;NA;NA;NA;0,69901973761454;NA
"*hogan_v";-0,176557712860509;-0,703053625239203;-0,243566801258699;-0,969884123658391;NA;NA;NA;NA;NA;0,354096311302976;NA
"*de_araújo_t";-0,176557712860509;-0,703053625239203;-0,243566801258699;-0,969884123658391;NA;NA;NA;NA;NA;0,354096311302976;NA
"*dias_a";-0,176557712860509;-0,703053625239203;-0,243566801258699;-0,969884123658391;NA;NA;NA;NA;NA;0,354096311302976;NA
"*oliveira_l";-0,176557712860509;-0,703053625239203;-0,243566801258699;-0,969884123658391;NA;NA;NA;NA;NA;0,354096311302976;NA
"*calvo-gonzález_e";-1,20196628002029;-2,50333199308439;-0,432838454199658;-0,901471504023311;NA;NA;NA;NA;NA;1,40191779971328;NA
"*rocha_v";-1,20196628002029;-2,50333199308439;-0,432838454199658;-0,901471504023311;NA;NA;NA;NA;NA;1,40191779971328;NA
"*hora_g_j";-1,20196628002029;-2,50333199308439;-0,432838454199658;-0,901471504023311;NA;NA;NA;NA;NA;1,40191779971328;NA
"*garcia_s";2,62699622040106;-0,225397279711269;0,996339346345391;-0,0854862967032631;NA;NA;NA;NA;NA;1,5755329945347;NA
"*de_souza_f";2,62699622040106;-0,225397279711269;0,996339346345391;-0,0854862967032631;NA;NA;NA;NA;NA;1,5755329945347;NA
"*de_araújo_pinho_o";0,256135732265347;1,53809875004507;0,164265415140228;0,986416176564845;NA;NA;NA;NA;NA;0,755108507755792;NA
"*taquette_s";2,62699622040106;-0,225397279711269;0,996339346345391;-0,0854862967032631;NA;NA;NA;NA;NA;1,5755329945347;NA
"*de_andrade_c";2,62699622040106;-0,225397279711269;0,996339346345391;-0,0854862967032631;NA;NA;NA;NA;NA;1,5755329945347;NA
"*dachs_j";2,62699622040106;-0,225397279711269;0,996339346345391;-0,0854862967032631;NA;NA;NA;NA;NA;1,5755329945347;NA
"*mourão_l";0,256135732265347;1,53809875004507;0,164265415140228;0,986416176564845;NA;NA;NA;NA;NA;0,755108507755792;NA
"*votre_s";0,256135732265347;1,53809875004507;0,164265415140228;0,986416176564845;NA;NA;NA;NA;NA;0,755108507755792;NA
"*damasco_m";-1,11107569061437;-0,862272407081847;-0,790005626403135;-0,613099592441057;NA;NA;NA;NA;NA;0,783428571939928;NA
"*maio_m";-1,11107569061437;-0,862272407081847;-0,790005626403135;-0,613099592441057;NA;NA;NA;NA;NA;0,783428571939928;NA
"*monteiro_s";-1,11107569061437;-0,862272407081847;-0,790005626403135;-0,613099592441057;NA;NA;NA;NA;NA;0,783428571939928;NA
"*maia_s";-1,02018510120844;0,778787178920699;-0,794866743084881;0,606784031379892;NA;NA;NA;NA;NA;0,716067115620074;NA
"*passador_l";0,256135732265347;1,53809875004507;0,164265415140228;0,986416176564845;NA;NA;NA;NA;NA;0,755108507755792;NA
"*thomaz_o";0,256135732265347;1,53809875004507;0,164265415140228;0,986416176564845;NA;NA;NA;NA;NA;0,755108507755792;NA
"*lópez_l";-0,974739806505474;1,59931697192197;-0,520430918934073;0,853903775970944;NA;NA;NA;NA;NA;0,96499993453544;NA
"*2011";-0,974739806505474;1,59931697192197;-0,520430918934073;0,853903775970944;NA;NA;NA;NA;NA;0,96499993453544;NA
"*da_rocha_e";1,66975559529572;-0,794880958054551;0,902911047041847;-0,42982745506749;NA;NA;NA;NA;NA;1,06964104577658;NA
"*tavolaro_l";-0,983828865446067;1,43521101332172;-0,565404892437714;0,82481349868167;NA;NA;NA;NA;NA;0,906927903532568;NA
"*giacomini_s";0,165245142859419;-0,102960835957473;0,848730129665816;-0,528826216253929;NA;NA;NA;NA;NA;0,110567531599063;NA
"*paixão_m";-0,92929451180251;2,41984676492325;-0,358503236221123;0,933528483560615;NA;NA;NA;NA;NA;1,28932109165048;NA
"*gomes_f";-0,92929451180251;2,41984676492325;-0,358503236221123;0,933528483560615;NA;NA;NA;NA;NA;1,28932109165048;NA
"*backes_j";-1,0656303959114;-0,041742614080574;-0,999233668554407;-0,0391417376632815;NA;NA;NA;NA;NA;0,637911121263715;NA
"*simões_j";-0,92929451180251;2,41984676492325;-0,358503236221123;0,933528483560615;NA;NA;NA;NA;NA;1,28932109165048;NA
"*frança_i";-0,92929451180251;2,41984676492325;-0,358503236221123;0,933528483560615;NA;NA;NA;NA;NA;1,28932109165048;NA
"*macedo_m";-0,92929451180251;2,41984676492325;-0,358503236221123;0,933528483560615;NA;NA;NA;NA;NA;1,28932109165048;NA
