autor,ano,titulo,resumo,doi
VITORINO A;MONTANARI P,2014,TO SELF PRODUCE BLACK AT BRAZIL: A STUDY OF THE DIDATIC AND PEDAGOGICAL DEVICES PRESENT IN RACA BRASIL MAGAZINE,"AS FROM THE TEACHINGS OF MICHEL FOUCAULT ABOUT SELF-GOVERNMENT, IT WAS MADE AN ANALYSIS OF THE NATIONAL MAGAZINE TITLED RACA BRASIL, WHOSE TARGET AUDIENCE IS THE BLACK BRAZILIAN WITH A VIEW TO SHOW THE DIDACTIC AND PEDAGOGICAL DEVICES PRESENT IN THE MAGAZINE. TO EVALUATE THIS DISCOURSE, IT WAS ANALYZED A SET OF FIFTEEN MAGAZINES WHICH COVERED THE PERIOD OF JANUARY 2000 TO MAY 2001, WHERE IT WAS CHOOSE AN EDITION FOR RESEARCH THROUGH FOUCAULTIAN CONCEPTS, COMPARING THE RESULTS WITH THE BIBLIOGRAPHY. IT INDICATED THAT THE RACA BRASIL MAGAZINE, FROM THE DEVICES DOTTED THROUGHOUT THE ARTICLE, INTENDS TO MODEL THE BRAZILIAN BLACK IDENTITY, WHICH HAS IS COMMON AMONG ITS MEMBERS THE CULTURE AND MEMORY CALLED AFRICAN-BRAZILIAN, PROPOSING THUS, IN THE SOCIETY, A TAXONOMY BETWEEN BLACKS AND WHITES. IN SHORT, WAS MADE AN EFFORT OF THE ANALYSIS ABOUT THE DISCOURSE AND COMMERCIALS PRESENT IN THE HIGHLIGHTED NUMBER, PRETENDING TO UNDERSTAND WHAT THE MAGAZINE SEES AS ""BLACK BRAZILIAN"" AND WHAT FEATURES, PROPOSED IN ITS DISCOURSE, ABOUT BRAZILIAN BLACK IDENTITY.",10.20396/etd.v16i1.1334
DA ROSA C;DE SOUZA R;DA SILVA C,2024,"FOOTBALL AND BLACK IDENTITY: LIFESTYLE CONSTRUCTION IN A VOZ DA RAÇA IN SÃO PAULO, BRAZIL, IN 1933","IN 1930S S & ATILDE;O PAULO, BRAZIL, AMID SHIFTING SOCIAL CONDITIONS, THE BLACK POPULATION, BOLSTERED BY MOVEMENTS LIKE THE FRENTE NEGRA BRASILEIRA (BRAZILIAN BLACK FRONT), SOUGHT SOCIAL INTEGRATION. CENTRAL TO THEIR EFFORTS WAS THE NEWSPAPER A VOZ DA RA & CCEDIL;A, WHICH PROMOTED SPORTS EVENTS, PARTICULARLY FOOTBALL, WHERE BLACK CLUBS GAINED VISIBILITY. HOWEVER, RACIAL AND SOCIAL SEGREGATION PERSISTED IN MANY CLUBS DUE TO EUGENICS AND HYGIENE IDEOLOGIES. THIS STUDY EXAMINES HOW A VOZ DA RA & CCEDIL;A PORTRAYED LIFESTYLE THROUGH FOOTBALL. DRAWING ON CULTURAL HISTORY AND BOURDIEU'S CONCEPT OF 'FIELD', IT ANALYZES POWER DYNAMICS IN FOOTBALL AND ITS REPRESENTATIONS. THE NEWSPAPER EMPHASIZED MORALITY, PHYSICALITY, AND PATRIOTISM, ALIGNING WITH HYGIENIST IDEALS TO FOSTER DISCIPLINED, ORGANIZED LIFESTYLES AND A SENSE OF NATIONAL BELONGING AMONG BLACK INDIVIDUALS.",10.1080/09523367.2024.2418461
FREITAS M,2020,THE UNDERSTANDING AND DENUNCIATION OF RACIAL VIOLENCE AS GENOCIDE OF THE BLACK POPULATION,"THIS ARTICLE PRESENTS A REFLECTION ON THE UNDERSTANDING OF RACIAL RELATIONS IN BRAZIL AND THE VIOLENCE IMBRICATED IN THIS PROCESS AS A GENOCIDE OF THE BLACK POPULATION. TO DO SO, A READING OF ANTIRACIST STRUGGLES, UNDERTAKEN BY BLACK SOCIAL MOVEMENTS, IS MADE THAT DENOUNCES THE EXISTENCE OF SUCH EXTERMINATION. THE BOOK ""THE BLACK GENOCIDE OF BRAZIL: THE PROCESS OF MASKED RACISM"" WRITTEN BY ABDIAS NASCIMENTO AND THREE SOCIAL MOVEMENTS THAT SPECIFICALLY WORK AGAINST THE GENOCIDE OF BLACK YOUTH IS PARTICULARLY FOCUSED. THE PLOT SEWN THROUGHOUT THE TEXT ALLOWS TO UNDERSTAND THAT THE UNDERSTANDING OF THE VIOLENCE AGAINST THE BLACK POPULATION AS A GENOCIDE HAS BEEN A POLITICAL STRATEGY OF THE BLACK MOVEMENTS, SEEN AS PROVOCATEURS OF ANNOYANCE.",10.47456/simbitica.v7i3.33706
VINUTO J;RAMOS P,2024,STATE VIOLENCE AND RACISM: SOME THEORETICAL-METHODOLOGICAL DISCUSSIONS,"IN THIS PRESENTATION OF THE DOSSIER ""STATE VIOLENCE AND RACISM: THEORETICAL AND METHODOLOGICAL DISCUSSIONS"", WE PROPOSE SOME TOPICS FOR DISCUSSION THAT CAN CONTRIBUTE TO WHAT HAS BEEN CALLED THE ""ANTI-RACIST TURN"" IN STUDIES ON VIOLENCE, CRIME, PUNISHMENT AND RELATED THEMES. TO THIS END, WE BEGIN WITH A CRITICAL ANALYSIS OF THE FIELD OF STUDY OF THE SOCIOLOGY OF VIOLENCE, INITIALLY BASED ON A HISTORICAL OVERVIEW OF THE POINTS OF CONTACT BETWEEN THIS AND THE SOCIOLOGY OF RACE RELATIONS/ INEQUALITIES, HIGHLIGHTING THE CONTRIBUTION OF INTRA-ACADEMIC, INTER-INSTITUTIONAL AND EXTRA-ACADEMIC FACTORS. NEXT, WE PRESENT SOME OF THE MAIN METHODOLOGICAL CHALLENGES FACED IN EMPIRICAL RESEARCH DEALING WITH THE STATE-RACISM-VIOLENCE INTERFACE, ARGUING THAT MANY OF THESE METHODOLOGICAL ADVERSITIES ARE ROOTED IN THE LACK OF THEORETICAL DIALOG BETWEEN THESE TWO FIELDS. FINALLY, WE WILL PRESENT THE OTHER ARTICLES IN THE DOSSIER, HIGHLIGHTING THEIR METHODOLOGICAL CONTRIBUTIONS TO STUDIES ON STATE VIOLENCE AND RACISM.",10.14244/contemp.v14.1316
DA SILVA M,2022,RELIGIONS AND RELIGIOSITIES IN THE TALES OF GEOVANI MARTINS,"THIS ARTICLE DISCUSSES THE WORK O SOL NA CABECA, BY THE RIO DE JANEIRO WRITER GEOVANI MARTINS (2018). THE RESEARCH, INITIALLY, MAKES A CRITICAL REREADING OF THE THIRTEEN SHORT STORIES PRESENT IN THE COLLECTION OF SHORT STORIES, THEN, THROUGH THE HERMENEUTIC METHOD (AMARAL FILHO, 2009; GHEDIN, 2004; GADAMER, 2003), SEEKS TO INVESTIGATE THE RELIGIOUS PHENOMENON IN THE TEXTS IN WHICH GEOVANI MARTINS REVEALS HOMO RELIGIOSUS (ELIADE, 1979; 1992; 2010), WHICH IS THE CONSTITUTIVE NATURE, OR RATHER, THE FUNDAMENTAL OBJECT IN WHICH THIS WORK WAS PROPOSED. IN ADDITION, THE PRESENT TEXT SEEKS TO VALUE THE LITERATURE THAT HAS BEEN PRODUCED BY A PROSE TALENT IN BRAZIL IN CURRENT TIMES.",NA
RODRIGUES A;DA SILVA M;RAMOS P,2021,ANTIRACISM AND BLACK MEMORY IN THE ARCHIVES: A PROJECT TO PRESERVE BLACK ORGANIZATION COLLECTIONS AT THE UNIVERSITY OF CAMPINAS (BRAZIL),"THIS ARTICLE DESCRIBES THE ANTI-RACIST PROJECT DEVELOPED BY THE ARQUIVO EDGARD LEUENROTH (AEL - EDGARD LEUENROTH ARCHIVE) AT THE STATE UNIVERSITY OF CAMPINAS (UNICAMP) IN BRAZIL THAT INVOLVES ASSEMBLING COLLECTIONS PERTAINING TO BLACK SOCIAL ORGANIZATIONS IN THE STATE OF SAO PAULO FOR PRESERVATION AND DISSEMINATION. THE PROJECT UNDERSTANDS THE RELATION BETWEEN ARCHIVES AND ANTI-RACISM IN TWO DIMENSIONS. ONE CONSIDERS THE VERY GESTURE OF INCORPORATING MATERIALS INTO THE ARCHIVAL APPARATUS AND THE OTHER INVOLVES THE SEARCH FOR A NEW PARTICIPATORY PARADIGM FOR ARCHIVAL PRACTICES AND DECISION-MAKING. THE COLLECTIONS ENABLE US TO REIMAGINE THE ROLE OF BLACK ORGANIZATIONS IN THE HISTORY OF THE COUNTRY AND ITS FUTURE, THUS PRESERVING AND ENSURING ACCESS TO THEM IS PART OF A BROADER INITIATIVE TO REDEFINE THE PLACE OF THE ARCHIVAL INSTITUTION IN POLICIES AIMING TO DISMANTLE RACISM.",10.1080/23257962.2021.1958769
DUCATTI I;SOUZA T,2017,THE LEPROSY PROPHYLACTIC MAKING IN BRAZIL OF VARGAS: ISOLATION AND LEGITIMATION OF PUBLIC HEALTH POLICIES,"THIS IS A HISTORICAL SURVEY OF THE ISOLATION OF LEPROSY PATIENTS AS A PROPHYLACTIC POLICY IN BRAZIL, WHICH TOOK PLACE BETWEEN THE 1930S AND 1960S. THE ISOLATION BECAME A GENERALIZED PROPHYLACTIC ACTION, LEGITIMIZED BY AN ELITE COMMITTED TO TOTALITARIAN IDEALS. VARGAS APPLIED STATE MEASURES, MAKING INDISCRIMINATELY HARSH POLICY.",NA
CARLOS J,2020,THREE THESES ABOUT HOME ECONOMICS IN BRAZIL: ELEMENTS FOR A HISTORICAL INTERPRETATION (1952-2020),"THIS STUDY SHOWS AN ANALYSIS OF THE THREE PREVALENT THESES IN ACADEMIC WORK ON HOME ECONOMICS IN BRAZIL, AREA OF TECHNICAL AND HIGHER EDUCATION OF AMERICAN ORIGIN. PRESENTING EACH OF THEM THE CENTRALITY OF THE GENDER CATEGORY, THE POLITICAL -INSTRUMENTAL AND THE HISTORICAL CRITICAL IT DEMONSTRATES HOW THE HISTORICAL READINGS ON THE GENESIS AND EXTINCTION OF THE EDUCATIONAL PROJECT OF HOME ECONOMICS ARE SUBSTANTIALLY ALTERED ACCORDING TO ITS CENTRAL ELEMENTS. IN THIS PERSPECTIVE, IT IS UNDERSTOOD THAT THE THIRD THESIS ADVANCES IN THE CONSTRUCTION OF A HISTORICAL APPROACH THAT SOLVES SOME OF THE GAPS PRESENTED, ENCOMPASSING THE EDUCATIONAL DIMENSIONS OF THE TRAJECTORY OF HOME ECONOMICS IN THE USA AND BRAZIL.",10.5752/P.2237-8871.2020v.23n.35p.73-91
VIEIRA J;GUIMARAES A;VIEIRA A,2019,THE PROCESS OF INSTITUTIONALIZATION OF THE DISCIPLINE WORK- EDUCATION IN THE PEDAGOGY TRAINING POLICIES IN THE PUBLIC UNIVERSITIES OF RIO DE JANEIRO,"THIS ARTICLE AIMS TO IDENTIFY AND AND UNDERSTAND HOW THE PUBLIC UNIVERSITIES OF THE STATE OF RIO DE JANEIRO ORGANIZE IN THE CURRICULUM GRADES OF THE COURSE OF PEDAGOGY THE DEBATE OF THE DISCUSSION OF WORK-EDUCATION. IT IS INTENDED TO REFLECT ON THE DIRECTIONS, CONCEPTIONS AND THEORETICAL FOUNDATIONS OF THIS DISCIPLINE, AS WELL AS VERIFY THEIR THEIR CONTRIBUTIONS IN THIS TRAINING. THUS, WE AIM TO: 1) REFLECT ON THE PRODUCTIONS THAT CONTRIBUTE TO THE THEME DEVELOPED IN THE DISCIPLINE AND 2) ANALYZE THE DATA COLLECTED IN THE FIELDWORK CARRIED OUT IN THE FOLLOWING PUBLIC INSTITUTIONS IN 2008: UERJ (BAIXADA SCHOOL OF EDUCATION FLUMINENSE, SCHOOL OF EDUCATION), UFRJ, UFRRJ (CAMPUS OF NOVA IGUACU), UFF AND UNIRIO. THUS, ON THE ONE HAND WE PRESENT THE MAIN QUESTIONS AND THEMES THAT ARE INCLUDED IN THE STUDIES OF THE AREA AND THAT OFFER ELEMENTS TO ANALYZE THE CONCEPTUAL HORIZON AND THE THEORETICAL FOUNDATION NEEDED IN THE EDUCATION OF THE PEDAGOGUE. ON THE OTHER HAND, WE HIGHLIGHT THE ANALYZES OF THE MENUS AND THE RESULTS OF THE SEMI STRUCTURED QUESTIONNAIRE WITH THE TEACHERS WHO TAUGHT THIS DISCIPLINE IN THE UNIVERSITIES IN ORDER TO DISCUSS THE PROCESS OF INSTITUTIONALIZATION OF THIS WORK-EDUCATION DEBATE IN THE COURSES OF PEDAGOGY OF THESE UNIVERSITIES.",10.21723/riaee.v14i2.10004
MOREIRA S;PARTICHELLI P;BAZANI A,2019,THE OBSTETRIC VIOLENCE AND CHALLENGES TO PROMOTE EFFECTIVE PUBLIC HEALTH POLICIES,"IN ORDER TO ANALYZE THE APPROPRIATION OF CHILDBIRTH BY MEDICAL POWER AND ITS RELATION TO THE PRACTICE OF OBSTETRIC VIOLENCE IN HOSPITALS AND MATERNITY WARDS, ONE QUALITATIVE STUDY THAT AIMED AT DISCUSSING HOW THE ISSUE OF OBSTETRIC VIOLENCE HAS BEEN APPROACHED BY SEVERAL AUTHORS IN THE LITERATURE WAS CONDUCTED, AS WELL AS THEIR EXPOSURE IN OFFICIAL DOCUMENTS OF THE BRAZILIAN UNIFIED HEALTH SYSTEM (SUS) AND REPORTS OF BATTERED WOMEN. THE FIGURE OF THE WOMAN WAS APPROACHED AS A MOTHER, THE POWER RELATIONS BETWEEN MEDICAL STAFF AND PARTURIENTS, THE VIOLENCE OBSTETRIC PRACTICED WITHIN HOSPITALS AND MATERNITY AND THE PUBLIC HEALTH POLICIES FOR A HUMANIZED CHILDBIRTH. THERE IS A NEED COMPLEMENTARY STUDIES THAT AIM TO CREATE METHODOLOGIES FOR THE CONSTRUCTION OF PUBLIC POLICIES FOCUSED ON HEALTH MANAGEMENT, AIMING TO PROMOTE A REFLECTION ON THE UNIVERSAL SERVICE.",10.18316/dialogo.v0i41.4822
SPENGLER F;LIMA F,2021,WOMEN AND SOCIETY: A COLLISION ROUTE BETWEEN ROLE AND SOCIAL EXPECTATION,"THIS ARTICLE DISCUSSES THE SOCIAL ROLE OF WOMEN. THE MAIN RESEARCH PROBLEM TO BE ANSWERED IS: HOW THE ROLE ASSIGNED TO WOMEN HAVE BEEN DEVELOPED NOWADAYS AND HOW THE RUPTURE OF SOCIAL EXPECTATION ON THEIR PERFORMANCE CONTRIBUTE FOR THE EMERGENCE OF CONFLICTS? BASED ON THE RESEARCH PROBLEM THERE IS AN OBJECTIVE: ANALYZE THE SOCIAL ROLE OF WOMEN LISTING THE CONSEQUENCES FOR THEIR NON-COMPLIANCE. TO ANSWER THE PROPOSED OBJECTIVE, IT WAS USED THE DEDUCTIVE METHOD AS AN APPROACH METHOD. AS A METHOD OF PROCEDURE, IT WAS USED THE MONOGRAPHIC METHOD AND AS A RESEARCH TECHNIQUE THE BIBLIOGRAPHICAL ONE. THE MAIN CONCLUSION CONFIRMS THAT THE HYPOTHESIS OF THE WOMANS ROLE IN THE SOCIETY HAS BEEN DEVELOPED IN SOME DIFFERENT WAYS, AND SOMETIMES, ON A REAL COLLISION COURSE WITH SOCIAL EXPECTATIONS, CONTRIBUTING TO THE RISING OF MORE CONFLICTS.",10.9732/2021.V123.691
SANTOS D;GONÇALVES S;DA S S;PINHEIRO A,2019,DEATH RITUALS OF TRAVESTIS AND TRANSGENDER PEOPLE: WHAT IS THAT SAYS?,"THIS ARTICLE ANALYZES THE CONCEPT OF ABJECTION, IN THE VISION OF JULIA KRISTEVA AND FROM THE DISCUSSION OF BERENICE BENTO, TO UNDERSTAND HOW THE FIGURE OF TRANSVESTITES AND TRANSSEXUALS IS REPRESENTED IN THE IMAGINARY OF SOCIETY. THE CRIMES OF HATRED, SOCIAL REPULSION AND DISGUST ARE TAKEN AS A STARTING POINT TO DISCUSS SOCIAL ABJECTION AND ITS SENSES. CONVERGING WITH THE POINTS OF REFLECTION OF JUDITH BUTLER, MONIQUE WITTIG AND GAYLE RUBIN, THE VISION OF THE PSYCHOANALYSIS BY LACAN AND THE GRAPHS OF SEXUATION HAS BEEN BROUGHT TO. IT IS CONCLUDED THAT THE VIOLENCE AGAINST THE TRANS AND TRANSVESTITE POPULATION HAS BORN OF PRE-SYMBOLIC ANGUISH AGAINST THE FISSURE IN THE CERTAINTY OF THE SEX/GENDER THAT THE FIGURES CONSIDERED AS ABJECT STAMMER. HOWEVER, IT IS IMPORTANT TO HIGHLIGHT THE ERASURE OF TRANSVESTITE AND TRANSSEXUAL BODIES, WHICH EVEN WHEN EVIDENCED IN THE EMERGENCE OF DISCOURSES TODAY ARE ERASED IN THE REPRESENTATION BY CISGENERITY.",10.12957/polemica.2019.46676
XAVIER N;DIALLO C,2024,PEDAGOGICAL PRACTICES FOR THE INITIAL GRADES OF ELEMENTARY SCHOOL: A CASE STUDY ON CHILDHOODS AND BLACKNESS,"CHILDHOOD IS A PERIOD SO IMPORTANT FOR THE CHILD'S FORMATION BOTH IN COGNITIVE ASPECTS AND IN VALUES AND KNOWLEDGE ABOUT RESPECT, DIFFERENCE AND DIVERSITY. FOR DISCUSSIN AND APPLY ETHNIC-RACIAL ISSUES FROM A VERY EARLY AGE IN EDUCATIONAL SPACES, THIS ESSAY AIMS TO UNDERSTAND HOW THE PEDAGOGICAL TRAJECTORIES AND PRACTICES OF TEACHERS CAN RESULT IN THE LEARNING OF CHILDREN IN THE INITIAL GRADES OF SCHOOL. ELEMENTARY EDUCATION BASED ON ETHNIC-RACIAL RELATIONS. FOR THE BETTER COMPREHENTION, GIVEN THE NUMEROUS SITUATIONS OF DISCRIMINATION THAT A DARK OR BROWN CHILD EXPERIENCES IN THE CLASSROOM, BOTH BY ADULT-CHILD AND BY CHILD-CHILD. TO DEVELOP THIS ANALYSIS, WE WILL USE THE TOOL OF INTERSECTIONALITY TO DISCUSS RACE SOCIOLOGICALLY, IN LINE WITH ISSUES OF GENDER, AGE, SOCIAL CLASS AND PROFESSIONAL TRAINING, AIMING TO OBTAIN THE IMPLICATIONS THAT RACIAL PREJUDICE AND DISCRIMINATION CAN IMPACT ON BLACK CHILDREN'S LIVES. AS A BASIS, WE WILL TAKE AS SUPPORT AUTHORS WHO DISCUSS CHILDHOOD SUCH AS CAVALLEIRO AND CARDOSO AND, FOR ISSUES OF BLACKNESS, BENTO, CARNEIRO AND DIALLO. FOR THE RESULTS, POINT OUT HOW THE PROFESSIONAL TRAJECTORY AND TRAINING CAN INCUR PEDAGOGICAL PRACTICES THAT ARE OUT OF LINE WITH LEGAL PROVISIONS SUCH AS ECA/1990; DCNEI/09 AND LAW 10639/03.",NA
TRAPP R,2012,RACA: PUBLIC DEBATE IN BRAZIL (1997-2007),NA,NA
SANTANA D;EUFRAZIO M;DE FARIAS N;DA SILVA A,2022,"EDUCATION FOR ETHNIC-RACIAL RELATIONS IN HIGHER EDUCATION: ANALYSIS OF FEDERAL LAW NO 10,639/03 UNDER THE INTERSECTIONAL PERSPECTIVE",NA,NA
DE OLIVEIRA S,2022,RACE RELATIONS AND FAVELA WORKERS’ MOVEMENT IN BELO HORIZONTE THE FORMATION OF CLASS AND RACE CONSCIOUSNESS WITHIN URBAN POLITICS (1959-1964); [RELAÇÕES RACIAIS E O MOVIMENTO DE TRABALHADORES FAVELADOS DE BELO HORIZONTE A FORMAÇÃO DE UMA CONSCIÊNCIA DE CLASSE E RAÇA NA POLÍTICA URBANA (1959-1964)],"THIS ARTICLE ANALYZES THE FAVELA SOCIAL MOVEMENT IN BELO HORIZONTE AND ITS NEWSPAPER O BARRACO, HIGHLIGHTING THE FORMATION OF CLASS AND RACE CONSCIOUSNESS IN THE PRACTICES OF THE FEDERAÇÃO DOS TRABALHADORES FAVELADOS [FEDERATION OF FAVELA WORKERS] IN THE 1950S AND 1960S. THE FIRST PART OF THE TEXT DISCUSSES HOW FAVELA ASSOCIATIONS HAVE BEEN FRAMED IN URBAN SOCIOLOGY, EMPHASIZING THE SILENCE ABOUT RACIAL ISSUES IN STUDIES ABOUT BELO HORIZONTE, PARTICULARLY MONOGRAPHS AND BOOKS WRITTEN DURING THE SECOND HALF OF THE 20TH CENTURY BY PIONEERS OF THE ANALYSIS OF URBAN SPACE AND MOBILIZATIONS IN FAVELAS. THE SECOND PART FOCUSES ON THE SOCIAL MOVEMENT, SHOWING HOW THE EXPERIENCE OF FAVELA WORKERS WAS RELATED TO RACIALIZED STIGMAS AND SOCIAL CONTROLS IN THE CITY AND TO A 1960S WORKING-CLASS POLITICAL CULTURE. THE ANALYSIS MAKES USE OF MONOGRAPHS, STATISTICS, NEWSPAPERS, PHOTOGRAPHS, DOCUMENTS ACCUMULATED AND SEIZED BY THE POLITICAL POLICE, AND CIVIL ASSOCIATION STATUTES TO UNDERSTAND THE FORMATION OF CLASS AND RACE CONSCIOUSNESS ARTICULATED IN ASSOCIATIVE AND PROTEST PRACTICES. © 2022 UNIVERSIDADE FEDERAL DE MINAS GERAIS. ALL RIGHTS RESERVED.",10.1590/0104-87752022000200008
TERRA B;DA LUZ C,2022,UNDER THE AXÉ OF IEMANJÁ: INTERSECTIONALITY AS A NEW FORM FOR THE RELATIONSHIP BETWEEN RACE AND GENDER IN LAW; [SOB O AXÉ DE IEMANJÁ: A INTERSECCIONALIDADE COMO UMA NOVA FORMA PARA AS RELAÇÕES ENTRE RAÇA E GÊNERO NO DIREITO],"THE RELATIONS BETWEEN GENDER AND RACE HAVE HISTORICALLY BEEN PROPOSED IN TWO WAYS IN LAW: AS AUTONOMOUS INSTITUTES OR AS HORIZONS OF IDEOLOGICAL NARRATIVES; AND THUS QUESTIONABLE. IN THIS SENSE, THE OBJECTIVE OF THIS TEXT IS TO TRANSPOSE THESE IDEAS, WITH AN INTERSECTIONAL APPROACH OF THE CRITICAL THEORY OF LAW, INTENDING TO CONTRIBUTE TO OVERCOMING THIS GAP IN ORDER TO HELP BOTH IN UNDERSTANDING THE INTERSECTIONALITY OF THE FEMINIST MOVEMENT IN LAW AND IN THE STUDIES OF BLACK FEMINISM. CARRIED OUT THROUGH A BIBLIOGRAPHIC METHOD, THE RESEARCH CONCLUDED THAT IT IS NECESSARY TO INCLUDE AND RETHINK INTERSECTIONS AS AN IMPOSING AND PROPOSITIONAL NECESSITY OF LAW. THIS INTERSECTIONAL APPROACH ENABLES A TRANSFORMATION OF THE UNIVERSALIZING/OBJECTIFYING TENDENCY OF LAW, WHOSE INTERPRETATIONS ARE DIRECTED TO A SUBJECT SUPPOSEDLY OF UNIVERSAL PATRIARCHY, DECLINING THIS NOTION. © 2022, UNIVERSIDADE LASALLE - UNILASALLE. ALL RIGHTS RESERVED.",10.18316/redes.v10i1.7600
ABREU M,2023,"BLACK EPISTEMOLOGIES AND MUSIC: A DIALOGUE WITH EMICIDA’S SOBRE CRIANÇAS, QUADRIS, PESADELOS E LIÇÕES DE CASA","THE ARTS HAVE CONSISTENTLY BEEN INTERLOCUTORS FOR BLACK SCHOLARSHIP IN THE HUMANITIES. POETRY, LITERATURE, AND MUSIC ARE SOURCES OF KNOWLEDGE FOR THEORIZING SOCIAL REALITIES. THIS RELATES TO TWO ELEMENTS: (A) AN EPISTEMOLOGY THAT VALUES THE PRODUCTION AND SPREAD OF ORAL, SUBJECTIVE, AND AESTHETIC FORMS OF KNOWLEDGE; (B) THE SYSTEMATIC EXCLUSION OF BLACK PEOPLE FROM ACADEMIC SPACES, ESPECIALLY IN LATIN AMERICAN CONTEXTS, WHICH ENCOURAGES ALTERNATIVE PRACTICES OF REFLECTION AND REGISTRY. MANY ARTISTS ACTIVELY CONSIDER WHAT IS PRODUCED IN THE CULTURAL MARGINS TO BE A STRONG LOCUS OF POLITICAL AND INTELLECTUAL CREATIVITY. IN BRAZIL, THE RAPPER EMICIDA HAS BEEN TRYING TO MAKE HIS ARTISTIC PROJECTS CATALYSTS FOR PHILOSOPHICAL REFLECTION. HIS ALBUM SOBRE CRIANÇAS, QUADRIS, PESADELOS E LIÇÕES DE CASA RESONATES WITH ASIAN, AFRICAN, BLACK ATLANTIC, AND LATIN AMERICAN SOURCES OF KNOWLEDGE INCLUDING RELIGIOUS PRACTICES, POP CULTURE, AND PHILOSOPHY. IT DISCUSSES THEMES SUCH AS LOVE, RACE, RACISM, HISTORY, FAMILY, ENVIRONMENTAL CRISIS, AND WORK RELATIONS THROUGH THE COMBINATION OF MUSICAL STYLES FROM BRAZIL, SPECIFICALLY, AND THE BLACK ATLANTIC, MORE GENERALLY. THIS ARTICLE ESTABLISHES A DIALOGUE WITH THE THEORIES AND DEBATES SUGGESTED BY THIS ALBUM, THUS SITUATING ITS CONTRIBUTION TO BLACK SCHOLARSHIP AND EPISTEMOLOGY. AATSP COPYRIGHT © 2024.",10.1353/hpn.2024.a929133
SANTANA E S C;VILELA E;DE OLIVEIRA V,2024,"BULLYING IN PUBLIC AND PRIVATE SCHOOLS: THE EFFECTS OF GENDER, RACE, AND SOCIOECONOMIC STATUS; [BULLYING NAS ESCOLAS PÚBLICAS E PRIVADAS: OS EFEITOS DE GÊNERO, RAÇA E NÍVEL SOCIOECONÔMICO]","THIS ARTICLE EXPLORES THE EFFECTS OF SOCIAL MARKERS OF GENDER, RACE AND SOCIOECONOMIC STATUS (SES) ON BULLYING AMONG 9TH-GRADE STUDENTS IN BRAZIL. THE AIM IS TO INVESTIGATE WHETHER STUDENTS FROM PRIVILEGED SOCIAL GROUPS WITHIN THE SOCIAL HIERARCHY (I.E., MEN, WHITE INDIVIDUALS, AND THOSE OF HIGHER SES) EXHIBIT HIGHER RATES OF BULLYING PERPETRATION, AND CONVERSELY, WHETHER STUDENTS FROM DISADVANTAGED SOCIAL GROUPS (WOMEN, BLACK INDIVIDUALS, AND THOSE OF LOWER SES) ARE MORE LIKELY TO BE VICTIMS OF THESE ACTS. WE ANALYZED DATA FROM THE 2015 NATIONAL SURVEY OF SCHOOL HEALTH (PENSE) THROUGH HIERARCHICAL GENERALIZED LINEAR MODELS (HGLM) ADJUSTED SEPARATELY FOR PUBLIC AND PRIVATE SCHOOLS AND FOR DIFFERENT TYPES OF STUDENT INVOLVEMENT WITH BULLYING: AS VICTIM, AGGRESSOR, OR VICTIM-AGGRESSOR. THE RESULTS INDICATE THAT, ONLY AS TO SES, WE CAN STATE THAT BULLYING REPRODUCES THE STATUS HIERARCHY FOUND IN SOCIETY. IN BOTH PUBLIC AND PRIVATE SCHOOLS, STUDENTS WITH A HIGHER SES ARE MORE LIKELY TO BULLY SOMEONE, WHILE STUDENTS WITH A LOWER SES ARE MORE LIKELY TO BE BULLIED. AS FOR GENDER, IT IS OBSERVED THAT MALE STUDENTS ARE MORE PRONE TO BE INVOLVED IN BULLYING THAN FEMALE STUDENTS, WHETHER AS A VICTIM, AGGRESSOR, OR VICTIM-AGGRESSOR. DIFFERENTIALS ARE MORE SIGNIFICANT IN PRIVATE SCHOOLS THAN IN PUBLIC SCHOOLS. AS FOR RACE, IT IS OBSERVED THAT ACTING LIKE A BULLY PERMEATES RACIAL GROUPS IN MULTIPLE WAYS. © (2024), (EMERSON DE PIETRI). ALL RIGHTS RESERVED.",10.1590/S1678-4634202450264614POR
DE OLIVEIRA D;COSTA T,2022,RACIAL SELF-AFFIRMATION OF BLACK YOUNG PEOPLE FROM LAW N. 10.639/2003: PATHWAYS TO GENDER AND RACE EQUITY IN INTERSECTIONAL CONTEXT; [AUTOAFIRMAÇÃO RACIAL DE JOVENS NEGRAS NO PROJETO ABAETÊ CRIOLO: CAMINHOS PARA A EQUIDADE DE GÊNERO E DE RAÇA EM CONTEXTOS INTERSECCIONAIS A PARTIR DA LEI N. 10.639/2003],"THIS RESEARCH HAS AS ITS OBJECT THE ABAETÊ CRIOLO PROJECT, A SCHOOL GROUP THAT WORKS WITH ARTISTIC ACTIVITIES AND STUDY AND RESEARCH ON ANTI-RACIST THEMES AND RESPECT FOR CULTURAL DIVERSITY ON THE OUTSKIRTS OF FORTALEZA, NORTHEAST OF BRAZIL. THE OBJECTIVE WAS TO INVESTIGATE HOW THE STUDENTS PARTICIPATING IN THE PROJECT MANIFEST THEIR RACIAL IDENTITIES, AS WELL AS THE CONTRIBUTION OF ABAETÊ CRIOLO IN THE PROCESS OF FORMING AND SELF-AFFIRMING THEIR IDENTITIES. TO ACHIEVE THESE OBJECTIVES, THE METHOD USED WAS CRITICAL DISCOURSE ANALYSIS (ADC) OF INTERVIEWS WITH STUDENTS PARTICIPATING IN THE PROJECT. WE CONCLUDED THAT, AFTER FOUR YEARS OF GROUP ACTIONS, THE CONSTRUCTION AND STRENGTHENED THE EFFECTIVENESS OF LAW 10.639/03, PROMOTING THE CONSTRUCTION OF RACIAL IDENTITY OF YOUNG BLACK WOMEN. © 2022 FUNDACAO GETULIO VARGAS, ESCOLA DE DIREITO DE SAO PAULO. ALL RIGHTS RESERVED.",10.1590/2317-6172202222
SEVERO C;MAKONI S,2023,LANGUAGE AND RACE IN COLONIAL BRAZIL; [LÍNGUA E RAÇA NO BRASIL COLONIAL],"IN THIS ARTICLE, WE EXPLORE AND ANALYZE THE PROCESS OF RACIALIZATION OF PORTUGUESE LANGUAGEAND AFRICAN SUBJECTS IN THE BRAZILIAN COLONIAL CONTEXT. FOR DOING SO, WE EXPLORE THE NATURE OF THE RELATIONSHIP BETWEEN ECONOMIC AND POLITICAL DIMENSIONS OF COLONIALISM AND THE LANGUAGE PRACTICES OF ENSLAVED AFRICAN PEOPLE IN BRAZIL. IN LIGHT OF PORTUGUESE COLONIAL APPARATUS - THAT COMBINED RELIGIOUS, POLITICAL AND ECONOMIC INTERESTS - THIS PAPER ANALYZES THE ROLE PLAYED BY LANGUAGES AND RACIALIZED LANGUAGE IDEOLOGIES IN BOTH FOSTERING EXPLOITATION AND ENABLING RESISTANCE AGAINST COLONIAL DOMINATION. FROM A HISTORICAL AND CRITICAL PERSPECTIVE, WE ANALYZE THE ECONOMIC AND SOCIAL APPARATUS THAT UNDERPINNED ENSLAVED AFRICAN PEOPLE IN BRAZIL, WHO WERE DEEPLY AFFECTED BY A SYSTEM BASED ON THE SUGAR MILL APPARATUS (MODELO DO ENGENHO). WE EXPLORE FOUR EXAMPLES: THE USE OF THE TERMS BOÇAL, LADINO, CREOLE AND LÍNGUA; PORTUGUESE LEARNING BY ENSALVED AFRICANS AND THE ROLE OF PORTUGUESE PROFICIENCY; THE POLITICS OF NAMING AND ETHNICIZATION; AND MISSIONARY LANGUAGE IDEOLOGIES. WE POINT OUT TO THE RELATIONSHIP BETWEEN FOUR INTERRELATED ELEMENTS: THE IDEOLOGICAL DIMENSIONS OF LANGUAGE, RACIALIZING PROCESSES, ECONOMIC DOMINATION AND PRACTICES OF RESISTANCE. WE CONCLUDE BY ADVOCATING IN FAVOUR OF A DECOLONIZING CONCEPT OF LANGUAGE IN COLONIAL CONTEXTS THAT TAKE INTO ACCOUNT THE PLURALITY OF VOICES AND THE CRITICAL EPISTEMOLOGY INSCRIBED IN THE NOTION OF COLONIAL DIASPORIC MULTILINGUALISMS OF THE GLOBAL SOUTH.  © 2023 WALTER DE GRUYTER GMBH, BERLIN/BOSTON.",10.1515/ijsl-2022-0072
CRISTIELLEN R R M;QUEZADO C L M,2024,RACE AND LAND: IMPLICATIONS OF LAND-BASED RACISM ON URBAN SEGREGATION IN FORTALEZA-CE; [RAÇA E TERRA: IMPLICAÇÕES DO RACISMO FUNDIÁRIO NA SEGREGAÇÃO URBANA EM FORTALEZA-CE],"AMONG THE VARIOUS FACES OF RACIAL DISPARITIES IN BRAZIL, IT IS WORTH HIGHLIGHTING THOSE THAT HAVE LONG MARKED THE WAY THE BLACK POPULATION IS DISTRIBUTED AND INSERTED INTO URBAN SPACES DESERVE ATTENTION, THE ORIGINS OF WHICH COME FROM A LONG HISTORICAL PROCESS OF RACIAL SEGREGATION DATING BACK TO THE PERIOD OF SLAVERY. THE PRECARIOUSNESS OF FAVELA TERRITORIES COMPARED TO UPSCALE AREAS OF THE CITY REVEALS DISPARITIES NOT ONLY OF CLASS BUT ALSO OF COLOR. UNDERSTANDING LAND RACISM AS AN ARTICULATED NETWORK OF ACTIONS, PROMOTED BY INSTITUTIONS FORMED BY WHITES, WHICH HINDER ACCESS TO LAND BY THE BLACK AND INDIGENOUS POPULATIONS, THIS RESEARCH AIMS TO INVESTIGATE ITS CONSEQUENCES ON LAND DISTRIBUTION AND URBAN SEGREGATION IN FORTALEZA, CEARÁ. THIS PHENOMENON, MORE FREQUENTLY REPORTED IN OTHER CITIES, FINDS SIMILARITIES AND PARTICULARITIES IN THE HISTORY OF CEARÁ AND FORTALEZA. THE RESULTS REVEAL THE TERRITORIAL REPERCUSSIONS OF CENTURIES OF LAND RACISM IN THE CITY, DEMONSTRATING THE CONCENTRATION OF SELF-DECLARED BLACK AND INDIGENOUS POPULATIONS IN PERIPHERAL AND LOWER-INCOME NEIGHBORHOODS, ESPECIALLY IN PRECARIOUS INFORMAL SETTLEMENTS. © 2024 PONTIFICIA UNIVERSIDADE CATOLICA DO PARANA. ALL RIGHTS RESERVED.",10.1590/2175-3369.016.e20230250
MARIZ S;VASCONCELOS F,2021,"THE “POST-COLONIAL” IN ACHILLE MBEMBE AND THE RENEWAL OF HISTORICAL NARRATIVES ABOUT MODERNITY: DIVISIONS AND INTERSECTIONS BETWEEN RACE, CLASS AND GENDER; [O “PÓS-COLONIAL” EM ACHILLE MBEMBE E A RENOVAÇÃO DAS NARRATIVAS HISTÓRICAS SOBRE A MODERNIDADE: CISÕES E INTERSEÇÕES ENTRE RAÇA, CLASSE E GÊNERO]","THE PROPOSAL OF THIS ARTICLE IS, FIRST, TO DESCRIBE THE CENTRAL AXES OF POSTCOLONIAL STUDIES; SECOND, TO ANALYZE ACHILLE MBEMBE'S THEORETICAL PROPOSITION REGARDING THE “POSTCOLONIAL” IN AFRICA AND ITS RELATIONS WITH MODERNITY; AND, FINALLY, TO DISCERN THE GENERAL CONSEQUENCES FOR THE CONSTRUCTION OF KNOWLEDGE ABOUT HISTORY AMIDST INTERNAL AND EXTERNAL NARRATIVE DISPUTES IN THE SCIENTIFIC FIELD RELATED TO ISSUES THAT INTERSECT RACE, CLASS, GENDER AND COLONIALITY. © 2021 UNIVERSIDADE FEDERAL DO RIO GRANDE DO SUL. ALL RIGHTS RESERVED.",10.22456/1983-201X.111320
DA SILVA A;LEMOS A,2024,“RACE AND HEALTH”: BLACK FEMALE HEALTHCARE PROVIDERS IN THE COVID-19 PANDEMIC1; [“RAÇA E SAÚDE”: MULHERES NEGRAS PROFISSIONAIS DE SAÚDE NO CONTEXTO DA PANDEMIA DA COVID-19],"THIS ARTICLE STEMS FROM POSTDOCTORAL RESEARCH WITH BLACK FEMALE HEALTHCARE PROVIDERS WHO WORKED ON THE FRONT LINES OF THE COVID-19 PANDEMIC IN THE STATE OF PERNAMBUCO, BRAZIL. IT SOUGHT TO UNDERSTAND THEIR EXPERIENCES BASED ON THEIR FAMILY AND PROFESSIONAL TRAJECTORIES, WHEN CARING FOR THEMSELVES AND OTHERS, WITH RACISM AS A COMMON THREAD. IN TOTAL, 14 WOMEN FROM DIFFERENT HEALTH BACKGROUNDS WERE INTERVIEWED. THE NETWORK OF AFFECTIONS TECHNIQUE WAS USED, IN WHICH THESE WOMEN INDICATED OTHER WOMEN IN THEIR WORK CYCLE AND/OR FRIENDSHIPS. THE INTERVIEWS WERE CONDUCTED ONLINE OR IN THEIR WORKPLACES. ANALYSES WERE BASED ON THE CONCEPTS OF “DEVICE OF RACIALITY” AND “GENDERED RACISM,” REVEALING ASPECTS RELATED TO THE PRECARIOUSNESS OF WORK, EXHAUSTION, LONELINESS, THE ERASURE OF THESE WOMEN’S CONTRIBUTIONS AND THE COLONIAL CONTINUITY IN INSTITUTIONAL AND INTERPERSONAL RELATIONS IN HEALTH, WHICH SYMBOLICALLY AND MATERIALLY ATTRIBUTES TO BLACK WOMEN FUNCTIONS LINKED TO SERVITUDE, WHICH WERE RAISED TO MAXIMUM POWER IN THE CONTEXT OF A GLOBAL HEALTH CRISIS. THIS STUDY BRINGS A CONTRIBUTION TO THE FIELD OF STUDY ON THE HEALTH OF THE BLACK POPULATION BY SHOWING THE NEED FOR SELF-CARE AND INSTITUTIONAL CARE FOR THESE WORKERS, FOCUSED ON THE DAILY MICROPOLITICS OF CONFRONTING RACISM. © 2024, UNIVERSIDADE DE SAO PAULO. MUSEU DE ZOOLOGIA. ALL RIGHTS RESERVED.",10.1590/S0104-12902024240356en
GUIMARÃES A,2024,"RACE AND RACISM, JUNCTIONS AND DISJUNCTIONS; [RAÇAS E RACISMOS, JUNÇÕES E DISJUNÇÕES]","IN THIS ARTICLE, I EXPLORE THE REASONS WHY THE NEED TO CONCEPTUALIZE RACISM HAS DEVELOPED IN THIS CENTURY WITHIN THE SOCIAL SCIENCE TRADITION, AS WELL AS THE REASONS WHY THIS CONCEPTUALIZATION IS STILL HIGHLY CONTROVERSIAL TODAY. THIS LEADS ME TO DISCUSS THE RELATIONSHIP BETWEEN RACISM AND RACE, AND THE DEVELOPMENT OF THE ANALYTICAL USE OF THE TERM RACE IN THE SOCIAL SCIENCES. IN MAKING THIS ARGUMENT, I WILL DEFEND TWO SIMPLE BUT RADICAL THESES: THAT THERE IS NO WAY TO CONCEPTUALIZE RACISM WITHOUT REFERENCE TO RACE, JUST AS THERE IS NO RACISM WITHOUT HUMAN AGENCY. © (2024), (UNIVERSIDADE DE SAO PAULO. MUSEU DE ZOOLOGIA). ALL RIGHTS RESERVED.",10.11606/0103-2070.ts.2024.221936
PEREIRA B;OLIVEIRA P,2021,KLEBER AMANCIO: REFLECTIONS ON RACE AND ART HISTORY IN BRAZIL; [KLEBER AMANCIO: REFLEXÕES SOBRE RAÇA E HISTÓRIA DA ARTE NO BRASIL],[NO ABSTRACT AVAILABLE],10.23925/2176-2767.2021v71p375-393
MINCHONI T;SCHUCMAN L,2024,"“I DON’T NEED VACCINES”: RACE, CLASS AND TERRITORY AS DECISION-MAKING POSITIONS FOR COLLECTIVE HEALTH; [“EU NÃO PRECISO DE VACINAS”: RAÇA, CLASSE E TERRITÓRIO COMO POSIÇÕES DECISÓRIAS PARA SAÚDE COLETIVA]; [“YO NO NECESITO VACUNAS”: RAZA, CLASE Y TERRITORIO COMO POSICIONES DE DECISIÓN PARA LA SALUD COLECTIVA]",[NO ABSTRACT AVAILABLE],10.1590/interface.240212
RIBEIRO A,2024,"IT'S NATION TIME! JAZZ, RACE AND POLITICS IN THE WRITINGS OF FRANTZ FANON AND AMIRI BARAKA (1950-1970); [IT'S NATION TIME! JAZZ, RAÇA E POLÍTICA NOS ESCRITOS DE FRANTZ FANON E AMIRI BARAKA (1950-1970)]","IN THIS STUDY, I EXAMINE THE CONCEPTIONS OF JAZZ AND NEGRITUDE BY THE MARTINICAN PHILOSOPHER FRANTZ FANON AND THE AFRO-AMERICAN WRITER AMIRI BARAKA. FOR THIS, I MOBILIZE DATA IN THE PERTINENT BIBLIOGRAPHY, IN RELEVANT ACADEMIC WORKS AND IN BIOGRAPHICAL STUDIES, HAVING AS A THEORETICAL-METHODOLOGICAL CONTRIBUTION THE NOTION OF BLACK ATLANTIC (GILROY, 2001 [1993]) AND ALSO THE SUPPORT OF BOURDIEU (2004; 2015 [1974]) AND KOSELLECK (1992; 2006 [1979]), IN ORDER TO ANALYZE THE CONTEXTS OF EACH AUTHOR FOR THE FORMULATION OF THEIR NOTIONS OF JAZZ AND BLACKNESS, PAYING ATTENTION TO THE FLOWS AND EBBS IN THEIR INTELLECTUAL TRAJECTORIES AND ALSO THE DIALOGUES THEY ESTABLISHED WITH THEIR PEERS. IN THIS DIALOGUE, I PROBLEMATIZE THE RELATIONSHIP BETWEEN BLACK MUSIC AND BLACK IDENTITY, HIGHLIGHTING THE POLITICAL AND AESTHETIC-IDEOLOGICAL DISPUTES AROUND THE DEFINITION OF THE NOTION OF BLACKNESS IN THE ATLANTIC. © 2024 UNIVERSIDADE DE SAO PAULO, FACULDADE DE FILOSOFIA, LETRAS E CIENCIAS HUMANAS. ALL RIGHTS RESERVED.",10.11606/issn.2316-9141.rh.2024.213752
MALFRÁN Y;BOSCATTI A;NAVARRO P;ARAÑÓ Y,2024,ASSISTED REPRODUCTION IN CUBA: TRACES OF A RACIAL BIOPOLITICS; [A REPRODUÇÃO ASSISTIDA EM CUBA: TRAÇOS DE UMA BIOPOLÍTICA RACIAL]; [LA REPRODUCCIÓN ASISTIDA EN CUBA: RASTROS DE UNA BIOPOLÍTICA RACIAL],"IN VITRO FERTILIZATION BY OVULE DONATION IS ONE OF THE REPRODUCTIVE TECHNOLOGIES USED IN CUBA. ALTHOUGH REPRODUCTIVE BIOTECHNOLOGIES OFFER POSSIBILITIES TO CONFRONT THE SYMBOLIC ORDER THAT ASSUMES RACE AS A CENTRAL ELEMENT OF THE KINSHIP INTELLIGIBILITY MATRIX, IN THE CASE OF OVULE DONATION, THE EFFORTS OF THE CUBAN STATE ARE FOCUSED ON THE SURVEILLANCE OF PHENOTYPIC MARKS AS A CONDITION FOR THE EXCHANGE OF REPRODUCTIVE MATERIAL BETWEEN OVULES DONORS AND RECEIVERS. THE ANALYSIS THAT WE HAVE DEVELOPED SEEKS TO CHARACTERIZE THIS RACIAL BIOPOLITICS OF KINSHIP, ITS RACIST PRESUPPOSITIONS, WHICH DELIMIT AN AREA OF REPRODUCTIVE ABJECTION DUE TO THE PHENOTYPIC MIXTURES INVOLVED, AND THE POSSIBILITIES OPEN TO ITS SUBVERSION. THE CRITICAL DIMENSION THAT WE PROPOSE SEEKS TO CONTRIBUTE TO ANTI-RACIST DEBATES IN CURRENT CUBAN SOCIETY. © (2024), (UNIVERSIDADE FEDERAL DE SANTA CATARINA). ALL RIGHTS RESERVED.",10.1590/1806-9584-2024v32n291295
PETSCHELIES E,2024,RACE AND CULTURE IN CLASSICAL ANTHROPOLOGICAL THOUGHT; [RAÇA E CULTURA NO PENSAMENTO ANTROPOLÓGICO CLÁSSICO],"THIS ESSAY AIMS TO UNVEIL THE CONCEPTS OF RACE AND CULTURE IN WHAT IS UNDERSTOOD AS CLASSICAL ANTHROPOLOGY, WHICH WAS THE ANTHROPOLOGY PRODUCED APPROXIMATELY BETWEEN THE END OF THE 19TH CENTURY AND THE STRUCTURALIST REVOLUTION. THE AIM IS TO CONTRIBUTE TO THE CONTEMPORARY DEBATE ON THE RELATIONSHIP BETWEEN ANTHROPOLOGY AND RACE AND PROPOSE HISTORICALLY CONTEXTUALIZED INTERPRETATIONS. IT ALSO AIMS TO PROVIDE HUMANITIES STUDENTS WITH CONCEPTUAL TOOLS FOR A MORE GLOBAL UNDERSTANDING OF CONCEPTS OF RACE AND CULTURE DURING THE EMERGENCE AND ESTABLISHMENT OF ANTHROPOLOGY. © (2024), (ASSOCIACAO NACIONAL DE HISTORIA). ALL RIGHTS RESERVED.",10.1590/1806-93472024V44N96-11
SOUZA V,2024,"THE BRAZIL OF RACIAL MYTHOLOGY: EUGENICS, RACISM, AND NATIONAL UTOPIAS IN BRAZILIAN MODERNISM IN THE 1920S; [O BRASIL DA MITOLOGIA RACIAL: EUGENIA, RACISMO E UTOPIAS NACIONAIS NO MODERNISMO BRASILEIRO DOS ANOS 1920]","THE ARTICLE ANALYZES THE RELATIONSHIP BETWEEN EUGENICS AND MODERNISM, SEEKING TO UNDERSTAND HOW EUGENIC LANGUAGE MOBILIZED SOCIAL THOUGHT AND MODERNIST LITERATURE IN THE 1920S. I PROPOSE TO UNDERSTAND HOW EUGENICS INSPIRED PLOTS, IMAGES AND REPRESENTATIONS ABOUT BRAZIL AND BRAZILIANS, WHICH FUELED DISCUSSIONS ABOUT NATIONAL MODERNITY, BRAZILIAN RACIAL IDENTITY, THE CREATION OF A EUGENICALLY CONTROLLED SOCIETIES AND EVEN THE PROPOSITION OF EXTREME MEASURES OF HUMAN EXTERMINATION IN THE NAME OF RACIAL UTOPIAS. MY INTEREST IS TO ANALYZE EUGENICS AS A MOVEMENT THAT SPREAD BEYOND THE MEDICAL AND SCIENTIFIC FIELD, USED AS A CULTURAL EXPRESSION OF MODERNITY. MORE THAN A DISCOURSE CENTERED ON MEDICAL AND BIOLOGICAL THEORIES, I PROPOSE TO UNDERSTAND EUGENICS AS A MODERN PHILOSOPHY THAT HAD A STRONG IMPACT ON CULTURAL AND SOCIAL LIFE AT THE BEGINNING OF THE 20TH CENTURY. IN ADDITION TO ANALYZING THE WORK OF A GROUP OF MODERNIST WRITERS (AMONG THEM PAULO PRADO, ALFREDO ELLIS JUNIOR, MONTEIRO LOBATO E ADALZIRA BITTENCOURT), I ALSO EXPLORE THE EXISTENCE OF PUBLIC DIALOGUES AND DEBATES THAT PROVIDE EVIDENCE ABOUT THESE WRITERS’ BELIEFS IN EUGENICS, AS WELL AS THEIR DIALOGUES AND RELATIONSHIPS WITH THE EUGENICS MOVEMENT. © (2024), (UNIVERSIDADE ESTADUAL PAULISTA(UNESP)). ALL RIGHTS RESERVED.",10.1590/1980-4369e20230007
ZULLO G;ALMEIDA P,2024,"RACE, INFORMAL EMPLOYMENT AND INFORMALIZATION: A HISTORICAL PERSPECTIVE ON WORK IN CONTEMPORARY BRAZIL; [RAÇA, EMPREGO INFORMAL E INFORMALIZAÇÃO UMA PERSPECTIVA HISTÓRICA DO TRABALHO NO BRASIL CONTEMPORÂNEO]","BASED ON AN OVERVIEW OF THE GENESIS OF THE CATEGORY INFORMAL SECTOR, WE HIGHLIGHT THE IMPORTANCE OF THE PARALLELISM BETWEEN RACE AND CLASS FOR THE ANALYSIS OF THE STRUCTURE OF OCCUPATIONS. AFTERWARDS, WE EXAMINED THE SITUATION OF BLACK WORKERS IN THE BRAZILIAN LABOUR MARKET BETWEEN 1982 AND 2022, BOTH IN INFORMAL OCCUPATIONS AND IN LOW-PAID FORMAL OCCUPATIONS, AMONG WHICH WE HIGHLIGHTED APP DELIVERY WORKERS AS AN EXPRESSION OF THE RACIALITY OF THE INFORMALIZATION PROCESS. © (2024), (CENTRO BRASILEIRO DE ANALISE E PLANEJAMENTO). ALL RIGHTS RESERVED.",10.25091/S01013300202400020003
COLOMBINI I,2023,THE MASKS OF OPPRESSION – NEW READINGS OF THE RELATIONSHIP BETWEEN RACE AND CLASS; [AS MÁSCARAS DA OPRESSÃO – NOVAS LEITURAS DA RELAÇÃO RAÇA E CLASSE],"RACISM IN CAPITALIST SOCIETY CAN BE CONSIDERED ONE OF THE MOST MISUNDERSTOOD ISSUES IN THE SOCIAL SCIENCES, EVEN BY MOST OF THE MOST CRITICAL SOCIOLOGICAL CURRENTS. RACISM, BROADLY SPEAKING, PRESENTS TWO GREAT MASSIFIED AND RETRO-FED UNDERSTANDINGS: ONE THAT CONCEPTUALIZES IT AS A MORAL AND INDIVIDUAL ISSUE AND THE OTHER THAT STARTS FROM A DEBT TO THE PAST FOR LACK OF AN ADEQUATE SOCIAL INSERTION AND FOR THE DIFFICULTY ASSIMILATING THE SEGREGATED POPULATION. THE CONSTITUTION OF CAPITALIST RELATIONS IN THEIR REPRODUCTION OF A CLASS SOCIABILITY IS HARDLY SEEN INTRINSICALLY LINKED TO RACISM, ERASING ANY RACIAL CONTENT FROM THE CLASS CONSTITUTION PROCESS. THIS ERASURE IS DUE IN LARGE PART TO MISINTERPRETATIONS BOTH OF THE CONTENT OF RACISM AND OF THE PROCESS OF CONSTITUTION OF SOCIAL CLASS, WHICH END UP SEPARATING THE SOCIAL SPHERES INTO DELIMITED OBJECTS, WHICH HIDE IN THEIR DELIMITATIONS THE FORMS OF CONTRADICTION AND SOCIAL DOMINATION OF RACIALIZED CAPITALIST RELATIONS. THUS, THIS ARTICLE INTENDS TO DEEPEN THE DEBATE ABOUT CLASS CONSTITUTION TO UNDERSTAND IT FROM THE RACIALIZED FORMS OF SOCIAL DOMINATION. © (2023). ALL RIGHTS RESERVED.",10.1590/0102-174203/119
GOMES N,2023,"STUDIES AND RESEARCH ON EDUCATION, RACE, GENDER, AND SEXUAL DIVERSITY; [STUDOS E PESQUISAS SOBRE EDUCAÇÃO, RAÇA, GÊNERO, E DIVERSIDADE SEXUAL]; [ESTUDIOS E INVESTIGACIONES SOBRE EDUCACIÓN, RAZA, GÉNERO Y DIVERSIDADE SEXUAL]","THIS ARTICLE OPENS THE NEW SECTION EDUCATION, RACE, GENDER, AND SEXUAL DIVERSITY TO BE INCLUDED IN THE PERIODICAL EDUCAÇÃO & SOCIEDADE IN 2023. IT DISCUSSES THE IMPORTANCE OF THAT SECTION AND THE INTERSECTIONAL APPROACH OF THE CONCEPTS BY THE PRESENTATION OF ISSUES AS ECONOMIC AND SOCIAL INEQUALITIES, DISCRIMINATION, AND VIOLENCE, AND HOW THIS COMPLEXITY IS EXPRESSED IN EDUCATION. IT ARGUES THAT THIS ANALYSIS HAS ENABLED NEW AND THOUGHT-PROVOKING REFLECTIONS FOR A BETTER UNDERSTANDING OF THE EDUCATIONAL PHENOMENON AND DISCUSSES THE IMPORTANCE OF SCIENTIFIC DISSEMINATION OF THEORETICAL PRODUCTIONS THAT ADDRESS SUCH CONCEPTS IN THE FIELD OF EDUCATION. © 2023, CENTRO DE ESTUDOS EDUCACAO E SOCIEDADE - CEDES. ALL RIGHTS RESERVED.",10.1590/ES.275110
CONTE G P;PIZZINATO A,2023,"PSYCHOSOCIAL ANALYSIS OF THE MIGRATORY PROCESS OF HAITIAN MEN AND WOMEN TO BRAZIL: AN INTERSECTIONAL PERSPECTIVE OF RACE-ETHNICITY, GENDER, AND AGE; [ANÁLISE PSICOSSOCIAL DO PROCESSO MIGRATÓRIO DE HAITIANOS(AS) AO BRASIL: UMA PERSPECTIVA INTERSECCIONAL DE RAÇA-ETNIA, GÊNERO E IDADE]","THE AIM OF THIS PAPER WAS TO ANALYZE THE PSYCHOSOCIAL EXPERIENCES OF HAITIAN MEN AND WOMEN MIGRATORY PROCESSES TO SOUTHERN BRAZIL, ESPECIALLY FROM AN INTERSECTIONAL PERSPECTIVE OF RACE-ETHNICITY, GENDER, AND AGE. FIFTEEN MIGRANTS WERE INTERVIEWED: NINE WOMEN, TWO MEN, AND FOUR CHILDREN, WHO WERE LIVING IN PORTO ALEGRE, RIO GRANDE DO SUL, SOUTHERN BRAZIL. DATA WERE SUBMITTED TO INDUCTIVE THEMATIC ANALYSIS, WHICH ALLOWED THE ORGANIZATION OF THREE CENTRAL THEMES: 1) MOTIVATIONS FOR MIGRATING FROM HAITI TO SOUTH AMERICA; 2) GENDER ROLES AND THEIR RESPECTIVE IMPACTS ON EXPERIENCES IN BRAZIL; AND 3) REDUCED SUPPORT NETWORK AND EXPERIENCES OF RACIALIZED XENOPHOBIA. WE DISCUSS IN WHICH LEVEL GENDER AND AGE DIFFERENCES, ASSOCIATED WITH THE CROSSINGS OF THE PHENOMENON OF RACIALIZED XENOPHOBIA, IMPLY IN DIFFERENT AND UNIQUE PSYCHOSOCIAL EXPERIENCES FOR HAITIANS IN THEIR MIGRATORY PROCESS TO BRAZIL, BUT IN WHICH MOST CONVERGE TO A POSITION OF SOCIAL MARGINALIZATION. © 2023, SCALABRINIANO CENTER FOR MIGRATORY STUDIES. ALL RIGHTS RESERVED.",10.1590/1980-85852503880006811
SILVA D;DZIUBA A,2023,RECLAIMING PRESENCE: ANTI-GENDER NATIONALISM AND MARIELLE FRANCO’S DEICTIC FIELD OF RESISTANCE IN BRAZIL,"POLITICAL ACTORS’ EMBEDDING OF THE HERE-AND-NOW OF ENUNCIATION INTO CONSTRUCTIONS OF GENDER, SEXUALITY AND RACE IS A DEICTIC PRACTICE THAT CAN BE UNCOUPLED FROM ITS CONTEXT AND PROJECTED INTO POLITICAL FIELDS. THIS ARTICLE UNPACKS ALTERNATIVE INVOCATIONS OF THE DEICTIC FIELD BY JAIR BOLSONARO’S NEW RIGHT IN BRAZIL AND BY MARIELLE FRANCO, A QUEER BLACK COUNCILWOMAN WHO WAS ASSASSINATED IN 2018, THE SAME YEAR BOLSONARO WAS ELECTED PRESIDENT. WHILE BOLSONARO HAS VILIFIED PROGRESSIVE TROPES, SUCH AS GENDER EQUALITY, SEX POSITIVE EDUCATION AND MARIELLE’S LEGACY, MARIELLE AND LATER HER MOURNING MOVEMENT HAVE MAPPED HER HERE-AND-NOW ONTO MOTTOS SUCH AS ‘MARIELLE LIVES’, WHICH DEFY CHRONOLOGIC TIME. MARIELLE’S CENTRAL FIGURE HAS THUS BEEN ‘PRESENT’ ACROSS THE POLITICAL SPECTRUM – FOR PROGRESSIVES AS A FIGURE OF IMMANENCE, AND FOR WHITE SUPREMACISTS AS A SYMBOL OF THE BLACK GENDERED BODY WHOSE LIFE IS NOT MOURNABLE BUT WHOSE PHANTASMATIC PRESENCE IS A CONTINUING THREAT. O ENCAIXE, REALIZADO POR ATORES POLÍTICOS, DO AQUI-E-AGORA DA ENUNCIAÇÃO EM CONSTRUÇÕES DE GÊNERO, SEXUALIDADE E RAÇA É UMA PRÁTICA DÊITICA QUE PODE SER SEPARADA DO SEU CONTEXTO E PROJETADA EM CAMPOS POLÍTICOS. ESTE ARTIGO ANALISA INVOCAÇÕES ALTERNATIVAS DO CAMPO DÊITICO PELA NOVA DIREITA BOLSONARISTA NO BRASIL E POR MARIELLE FRANCO, UMA VEREADORA LÉSBICA ASSASSINADA EM 2018, O MESMO ANO EM QUE JAIR BOLSONARO FOI ELEITO PRESIDENTE. AO PASSO QUE BOLSONARO VILIPENDIOU TROPOS PROGRESSISTAS, COMO A IGUALDADE DE GÊNERO, A EDUCAÇÃO SEXUAL E O LEGADO DE MARIELLE, A VEREADORA E POSTERIORMENTE SEU MOVIMENTO DE LUTO POLITIZARAM O AQUI-E-AGORA DE MARIELLE E O MAPEARAM EM MOTES COMO ‘MARIELLE VIVE’, QUE DESAFIAM O TEMPO CRONOLÓGICO. A FIGURA CENTRAL DE MARIELLE TEM ESTADO ASSIM ‘PRESENTE’ NO ESPECTRO POLÍTICO BRASILEIRO – PARA O CAMPO PROGRESSISTA, COMO FIGURA DE IMANÊNCIA, E PARA O BOLSONARISMO, COMO SINTOMA DO CORPO NEGRO GENERIFICADO CUJA VIDA NÃO É DIGNA DE LUTO, MAS CUJA PRESENÇA FANTASMÁTICA É UMA CONTÍNUA AMEAÇA. © 2023, EQUINOX PUBLISHING.",10.1558/genl.18549
OLIVEIRA C,2024,"INTERSECTING AND APPROACHING: CONNECTIONS BETWEEN RACE, GENDER AND SEXUALITY; [INTERSECCIONANDO E APROXIMANDO: CONEXÕES ENTRE RAÇA, GÊNERO E SEXUALIDADE]; [INTERSECCIÓN Y ACERCAMIENTO: CONEXIONES ENTRE RAZA, GÉNERO Y SEXUALIDAD]",[NO ABSTRACT AVAILABLE],10.1590/1806-9584-2024v32n195534
TRAPP R,2023,"RACE, CORPORALITY AND SUBJECTIVITY IN BEATRIZ NASCIMENTO AND EDUARDO DE OLIVEIRA E OLIVEIRA; [RAÇA, CORPOREIDADE E SUBJETIVIDADE EM BEATRIZ NASCIMENTO E EDUARDO DE OLIVEIRA E OLIVEIRA]","THE ARTICLE ANALYZES THE EPISTEMOLOGICAL PROPOSITIONS ON RACE, CORPORALITY AND SUBJECTIVITY IN THE THEORETICAL WORKS OF HISTORIAN BEATRIZ NASCIMENTO AND SOCIOLOGIST EDUARDO DE OLIVEIRA E OLIVEIRA IN THEIR DISCIPLINARY FIELDS, BETWEEN 1970 AND 1990S. THE ARTICLE AIMS, THEREFORE, TO OPEN EMPIRICAL PATHS IN THE GENEALOGY OF SOCIAL THOUGHT AND HISTORY OF HISTORIOGRAPHY TO THE RACIAL DIMENSION OF THE PRODUCTION OF KNOWLEDGE IN HISTORY AND SOCIAL SCIENCES IN BRAZIL. CONSIDERING THE HISTORICITY OF THE DEBATE ABOUT SOCIAL MARKERS OF IDENTITY AND PLACES OF SPEECH, THE TEXT CONSIDERS THAT THE TWO AUTHORS ESTABLISHED THE FOUNDATIONS OF A THEORETICAL PROJECT FOR THE STUDY OF THE BRAZILIAN BLACK EXPERIENCE FRAUGHT WITH PROBLEMATIZATIONS ABOUT THE POLITICAL INJUNCTIONS BETWEEN THE PRODUCTION OF SOCIOLOGICAL AND HISTORIOGRAPHICAL DISCOURSES AND THE RACIAL IDENTITY OF THE RESEARCHER’S SOCIAL FIGURE. IN CONCLUSION, THIS PROJECT ESTABLISHED EPISTEMOLOGICAL EMANCIPATION AS A POLITICAL PRINCIPLE FOR THE ELABORATION OF ALTERNATIVE CONCEPTIONS OF SCIENTIFIC OBJECTIVITY BASED ON ETHNIC AND RACE INTERSECTIONS. © 2023 BRAZILIAN SOCIETY FOR HISTORY AND THEORY OF HISTORIOGRAPHY. ALL RIGHTS RESERVED.",10.15848/hh.v16i41.1992
CAMPOS L,2024,"RACISM IN BRAZIL: FROM HYPOTHESIS TO PREMISE, WITHOUT EVER BECOMING AN OBJECT; [RACISMO NO BRASIL: DE HIPÓTESE À PREMISSA, SEM PASSAR POR OBJETO]","THE AREA STUDY OF RACE RELATIONS IS ONE OF THE OLDEST AND MOST CONSOLIDATED IN BRAZILIAN SOCIAL SCIENCES. YET PARADOXICALLY, THERE IS STILL LITTLE RESEARCH FOCUSED ON UNDERSTANDING AND EXPLAINING BRAZIL’S RACISM, ITS MECHANISMS AND CHARACTERISTICS. IN ADDITION TO ILLUSTRATING THESE CLAIMS, THIS TEXT AIMS TO EXPLAIN WHY THE MECHANISMS OF RACIAL DISCRIMINATION STILL MANAGE TO ESCAPE THE RADAR OF SOCIOLOGY AND, ABOVE ALL, TO OUTLINE THE GENERAL LINES OF A RESEARCH AGENDA THAT TAKES DISCRIMINATION AS AN OBJECT OF INVESTIGATION. IT SEEMS THAT RACIAL DISCRIMINATION STOPPED BEING A RESEARCH HYPOTHESIS, REFORMULATED AND TESTED IN DIFFERENT WAYS BETWEEN THE 1970S AND 1990S, TO BECOME A PREMISE IN THE AREA FROM THE 2000S ONWARDS. HOWEVER, THIS CAME TO BE WITHOUT RACISM BEING PROPERLY CONSTRUCTED AS AN OBJECT OF SOCIOLOGICAL RESEARCH ITSELF. © (2024), (UNIVERSIDADE DE SAO PAULO. MUSEU DE ZOOLOGIA). ALL RIGHTS RESERVED.",10.11606/0103-2070.ts.2024.222555
DIALLO C;DE LIMA C,2022,"HISTORY OF AFRO-BRAZILIANS, AFRICANS, AND ANTI-RACIST EDUCATION: THE PERSPECTIVE OF PROFESSORS WORKING ON TEACHER TRAINING; [HISTÓRIA DOS AFRO-BRASILEIROS, AFRICANOS E A EDUCAÇÃO ANTIRRACISTA: O OLHAR DAS/OS PROFESSORAS/ES DAS LICENCIATURAS]","THIS ARTICLE AIMS TO EXPOSE THE UNDERSTANDING OF HIGHER EDUCATION PROFESSORS ABOUT HOW THEY APPROACH TOPICS RELATED THE TEACHING OF AFRICAN HISTORY AND CULTURE AND THE EDUCATION FOR THE ETHNIC-RACIAL RELATIONS IN THE CURRICULUM OF THE TEACHER-TRAINING COURSES IN HUMAN SCIENCES IN THE CENTER-WEST REGION OF BRAZIL. ABOVE ALL, IN RELATION TO THE ADEQUACY OF THE FORMATION ITINERARIES OF FUTURE TEACHERS OF BASIC EDUCATION, AS SET FORTH BY LAW NO. 10.639/2003 AND IN THE NATIONAL CURRICULUM GUIDELINES FOR THE EDUCATION OF ETHNIC-RACIAL RELATIONS (2004). THE OBJECTS OF THE RESEARCH ARE THE UNIVERSITY OF BRASÍLIA, THE UNIVERSITY OF GOIÁS, THE FEDERAL UNIVERSITY OF MATO GROSSO, THE FEDERAL UNIVERSITY OF MATO GROSSO DO SUL, AND THE FEDERAL UNIVERSITY OF GRANDE DOURADOS. OUT OF THE 104 TEACHERTRAINING COURSES, 50 HAVE ABSORBED THE THEM, 48 STILL DO NOT HAVE SPECIFIC DISCIPLINES ON ETHNIC-RACIAL ISSUES AND, IN SIX COURSES, IT WAS NOT POSSIBLE TO IDENTIFY THEM. THE STUDY COMPLEMENTS THE ANALYSIS OF THE RESPECTIVE DISCIPLINES, PROGRAMS AND BIBLIOGRAPHY. THE ANALYSIS OF THE APPLIED QUESTIONNAIRES INDICATED THAT RESTRUCTURING THE CURRICULAR GRIDS HAS MUCH MORE TO DO WITH THE EFFORTS OF PROFESSORS/RESEARCHERS IN THE AREA AS TO ACKNOWLEDGE HOW IMPORTANT THEME IS THAN FULFILLING LEGAL REQUIREMENTS. LIKEWISE, IT WAS NOT POSSIBLE TO IDENTIFY ROBUST INSTITUTIONAL INVOLVEMENT BEYOND THE ACTIONS DEVELOPED BY THE AFRO-BRAZILIAN AND AFRICAN STUDIES CENTERS (NEABS). CÍNTIA SANTOS DIALLO TEM PÓS-DOUTORADO EM EDUCAÇÃO, É DOUTORA EM HISTÓRIA, MESTRE EM EDUCAÇÃO E LICENCIADA EM HISTÓRIA E PEDAGOGIA. É PROFESSORA ADJUNTA DA UNIVERSIDADE ESTADUAL DE MATO GROSSO DO SUL (UEMS), COORDENADORA DO CENTRO DE ESTUDOS, PESQUISA E EXTENSÃO EM EDUCAÇÃO, GÊNERO, RAÇA E ETNIA (CEPEGRE/UEMS), PRESIDENTE DA COMISSÃO DE VERIFICAÇÃO FENOTÍPICA/UEMS E MEMBRO DA CÁTEDRA UNESCO DIVERSIDADE DA UNIVERSIDADE FEDERAL DA GRANDE DOURADOS. CLÁUDIA ARAÚJO DE LIMA TEM DOUTORADO EM CIÊNCIAS NA ÁREA DE SAÚDE PÚBLICA E MASTER EN REABILITACIÓN DE PERSONAS CON DISCAPACIDAD. É LICENCIADA EM PEDAGOGIA, PROFESSORA ADJUNTA DA UNIVERSIDADE FEDERAL DE MATO GROSSO DO SUL (UFMS), CAMPUS DO PANTANAL, COORDENADORA DO NÚCLEO DE ESTUDOS E PESQUISAS INTERDISCIPLINARES (NEPI/PANTANAL) E DO PROJETO OBSERVATÓRIO EÇAÍ – EDUCAÇÃO, SAÚDE, DESENVOLVIMENTO E OUTROS DIREITOS HUMANOS DE CRIANÇAS E ADOLESCENTES NA FRONTEIRA BRASIL E BOLÍVIA E LÍDER DO GRUPO DE PESQUISA ESTUDOS MULHERES DA FRONTEIRA/CNPQ. © 2022",10.1590/S1678-4634202248234744
CUNHA R;LEITE I;NOGUEIRA M;DA CRUZ D,2024,"RACE AND RACISM: CONCEPTUAL, HISTORICAL, AND METHODOLOGICAL ASPECTS FOR ANTI-RACIST RESEARCH IN HEALTH; [RAÇA E RACISMO: ASPECTOS CONCEITUAIS, HISTÓRICOS E METODOLÓGICOS PARA PESQUISAS ANTIRRACISTAS EM SAÚDE]","THE SCIENTIFIC LITERATURE HAS EXTENSIVELY DOCUMENTED RACIAL INEQUALITIES IN HEALTH. A DEEPER UNDERSTANDING OF HOW RACE IS RELATED TO SOCIOHISTORICAL PROCESSES, ESPECIALLY RACISM, IS CRUCIAL TO GROUND STUDIES ON THESE INEQUALITIES. THIS STUDY AIMS TO DESCRIBE AND DISCUSS THE KEY THEORETICAL, HISTORICAL, AND METHODOLOGICAL ASPECTS RELATED TO THE CONSTRUCTS OF RACE AND RACISM IN RESEARCH IN HEALTH. IT ADDRESSES FUNDAMENTAL CONCEPTS SUCH AS RACE; SYSTEMIC, STRUCTURAL, INSTITUTIONAL, INTERPERSONAL, AND INTERNALIZED RACISM; AND RELEVANT DEBATES ON TOPICS SUCH AS THE MYTH OF RACIAL DEMOCRACY, COLORISM, WHITENESS, AND SCIENTIFIC RACISM. ADDITIONALLY, IT EXPLORES THE MAIN METHODOLOGICAL APPROACHES TO MEASURE RACISM AT DIFFERENT LEVELS. THIS STUDY AIMS TO PROVIDE INSIGHTS AND PROMOTE RESEARCH AIMED AT RACIAL EQUITY IN HEALTH, CONTRIBUTING TO AN ANTIRACIST RESEARCH AGENDA. © 2024, UNIVERSIDADE DE SAO PAULO. MUSEU DE ZOOLOGIA. ALL RIGHTS RESERVED.",10.1590/S0104-12902024230590pt
RODRIGUES G;DOS SANTOS P;PAULLA M,2021,DISSEMINA LAB — NEW APPROACHES TO RACE AND GENDER IN CONTEMPORARY MEDIA; [DISSEMINA LAB — NOVOS ENFOQUES DE GÊNERO E RAÇA NA MÍDIA CONTEMPORÂNEA],"THIS PAPER INVESTIGATES THE ROLE OF THE MEDIA IN THE CONFIGURATION OF BRAZILIAN RACIAL RELATIONS IN THE CONTEMPORARY CONTEXT. BASED ON THE WORK DEVELOPED IN THE DISSEMINA LAB STUDY GROUP, COMPOSED OF BLACK STUDENTS FROM UNIVERSIDADE FEDERAL FLUMINENSE, IT REINFORCES THE IMPORTANCE OF TRAINING PROFESSIONALS IN SOCIAL COMMUNICATION IN UNIVERSITIES, WITH A CRITICAL EYE ON THE PARTICIPATION OF THE MEDIA IN THE STRUCTURING OF BRAZILIAN RACIAL RELATIONS. DEPARTING FROM THE CATEGORY OF “BRAZILIAN CULTURAL NEUROSIS” (GONZALEZ [1983] 2020A), WE ACKNOWLEDGE MEDIA RACISM AS REPRESSED AND ESTABLISHING, IN ITS DISCOURSE, POWER RELATIONS THAT SUBJECT BLACK PEOPLE TO EXCLUSION, IN A RACIALIZED REGIME OF REPRESENTATION (HALL 2016). THROUGH THE ANALYSIS OF A FEW CONTEMPORARY EXAMPLES IN THE MEDIA, DIFFERENT STRATEGIES OF CONCEALING RACISM WERE OBSERVED. © 2021 BY THE AUTHOR(S).",10.34619/qstc-t4f9
DO BONFIM M,2022,"CULTURAL PRAGMATIC IN BLACK PERSPECTIVE: RACE, MANDINGA AND BLACK-LINGUISTIC KNOWLEDGE IN THE UNIFIED BLACK MOVEMENT OF CEARÁ; [PRAGMÁTICA CULTURAL EM PERSPECTIVA PRETA: RAÇA, MANDINGA E SABERES NEGRO-LINGUÍSTICOS NO MOVIMENTO NEGRO UNIFICADO DO CEARÁ]","THIS ARTICLE ARGUES IN FAVOR OF A CULTURAL PRAGMATIC (ALENCAR, 2015A, 2015B, BONFIM, 2011, 2016) IN A BLACK PERSPECTIVE IN THE UNIFIED BLACK MOVEMENT OF CEARÁ (MNU - CE), IN OTHER WORDS, I WILL PRESENT HOW THE MODE OF USE OF LANGUAGE BY BLACK MEMBERS OF MNU-CE HIGHLIGHTS MANDIGUEIROS SPEECH ACTS (CORDEIRO, 2015) AND MORE BROADLY, BLACK-LINGUISTIC KNOWLEDGE IS REALIZED THROUGH AND IN THE VARIOUS FORMS OF MANDINGA (MUNIZ, 2021) PROPER TO THE BRAZILIAN BLACK POPULATION. © 2022 THESAURUS EDITORA DE BRASILIA LTDA.. ALL RIGHTS RESERVED.",10.26512/les.v23i2.43474
MATOS C;TAVARES J;COUTO M,2024,"“I LIVE IN A VERY BOURGEOIS WORLD, I DON’T LIVE IN THE OUTSKIRTS”: CHILDHOOD NON-VACCINATION AND THE INTERSECTION OF RACE, CLASS AND GENDER; [“EU VIVO NUM MUNDO MUITO BURGUÊS, NÃO MORO NA PERIFERIA”: NÃO VACINAÇÃO INFANTIL E A INTERSECÇÃO ENTRE RAÇA, CLASSE E GÊNERO]; [“YO VIVO EN UN MUNDO MUY BURGUÉS, NO VIVO EN LA PERIFERIA”: NO VACUNACIÓN INFANTIL Y LA INTERSECCIÓN ENTRE RAZA, CLASE Y GÉNERO]","THIS ARTICLE ANALYZES HOW RACE, GENDER, SOCIAL CLASS AND SPATIALITY MARKERS INTERSECT AND ARE REFLECTED IN HEALTH DECISION-MAKING, MORE SPECIFICALLY IN CHILDHOOD (NON)VACCINATION. THIS QUALITATIVE STUDY WAS CONDUCTED IN TWO BRAZILIAN CITIES: FLORIANÓPOLIS (SC) AND SÃO LUÍS (MA), AND INCLUDED FAMILIES WITH CHILDREN UP TO SIX YEARS OLD. THIS ARTICLE ANALYZES THE NARRATIVES OF 19 CAREGIVERS IN FLORIANÓPOLIS WHO CHOSE NOT TO VACCINATE (FULLY OR PARTIALLY) THE CHILD(REN) UNDER THEIR RESPONSIBILITY. IN-DEPTH INTERVIEWS AND THEMATIC CONTENT ANALYSIS WERE CONDUCTED. GENDER WAS AN IMPORTANT MARKER IN INTRA-FAMILY DECISION-MAKING, WHILE SOCIAL CLASS, RACE AND SPATIALITY EMERGED AS IMPORTANT MARKERS IN THE PERCEPTION OF WHO ARE THE “US” WHO DON’T NEED VACCINES AND THE “OTHERS” WHO DO. THE FINDINGS ARE DISCUSSED USING THE THEORETICAL FRAMEWORK OF WHITENESS AND NEOLIBERAL PARENTING STUDIES. © 2024, FUNDACAO UNI BOTUCATU/UNESP. ALL RIGHTS RESERVED.",10.1590/interface.230492
FLAHERTY-ECHEVERRÍA S;DE OLIVEIRA L,2024,"DECODING THE INVISIBLE INK: BLACK READERSHIP OF MACHADO DE ASSIS IN THE PAGES OF GETULINO, 0 CLARIM D’ALVORADA AND A VOZ DA RAÇA (1923–1933); [DECODIFICANDO A TINTA INVISÍVEL: LEITORES NEGROS DE MACHADO DE ASSIS NAS PÁGINAS DE GETULINO, 0 CLARIM D’ALVORADA E A VOZ DA RAÇA (1923–1933)]","IN THIS ESSAY, WE EXAMINE THE RESONANCE OF MACHADO DE ASSIS IN THE SÃO PAULO BLACK PRESS DURING THE EARLY TWENTIETH CENTURY. DESPITE RELENTLESS ATTEMPTS TO WHITEWASH HIS IMAGE, WE ANALYZE THE PIONEERING EFFORTS TO READ MACHADO AS AN AFRO-BRAZILIAN AUTHOR THROUGH AN EXPLORATION OF FOUR ENGAGEMENTS WITH HIS OEUVRE IN THE NEWSPAPERS GETULINO (1923–1924), O CLARIM D’ALVORADA (1924), AND A VOZ DA RAÇA (1933). BY DECODING THE “INVISIBLE INK” IN MACHADIAN WRITING, THE BLACK READERSHIP PURSUED A DUAL GOAL: LEGITIMIZING THEIR OWN LITERARY ENDEAVORS WITHIN A PREDOMINANTLY WHITE AND HOSTILE FRAMEWORK WHILE MAKING HISTORICAL ANTI-BLACK VIOLENCE AND THE ECHOES OF SLAVERY IN REPUBLICAN BRAZIL MORE INTELLIGIBLE. © (2024), (UNIVERSIDADE DE SAO PAULO. MUSEU DE ZOOLOGIA). ALL RIGHTS RESERVED.",10.1590/1983-68212024177
PIEROBON C;FERNANDES C,2023,"CUIDAR DO OUTRO, CUIDAR DA ÁGUA: GÊNERO E RAÇA NA PRODUÇÃO DA CIDADE","THIS ARTICLE DISCUSSES THE IMPORTANCE OF WATER IN THE DAILY LIVES OF WOMEN LIVING IN FAVELAS AND SQUATTER SETTLEMENTS IN THE CITY OF RIO DE JANEIRO, ARTICULATING THE DEBATES ON URBAN INFRASTRUCTURE AND CAREFUL THINKING ABOUT THE GENDERED AND RACIALIZED WAYS OF MAKING CITIES. THROUGH SMALL DOMESTIC EVENTS, DIALOGUES BETWEEN THE AUTHORS AND THEIR INTERLOCUTORS, AND MORE EXTENSIVE ETHNOGRAPHIC DESCRIPTIONS, THE ARTICLE SHOWS HOW WATER BEARS THE POWER OF THE ORDINARY AND IS ONE OF THE OBJECTS THAT ALLOW US TO SEE THE POTENCY AND VULNERABILITY OF DAILY LIFE IN TERMS OF GENDER, CLASS, AND RACE. IT DESCRIBES WOMEN’S WORK IN THE PROCESSES OF CITY-MAKING BY RELATING THE PRECARIOUS ACCESS TO WATER WITH THE SUBORDINATION OF CARE AS COEXISTING ASPECTS THAT MAKE VISIBLE THE CONDITIONS OF PROFOUND INEQUALITY OF THE RESIDENTS OF PERIPHERIES © 2023, ESTUDOS AVANCADOS. ALL RIGHTS RESERVED.",10.1590/S0103-4014.2023.37107.003
DE OLIVEIRA A,2021,AND IN THEIR NAME WILL BE EXERCISED: DESCRIPTIVE REPRESENTATION AND POLITICAL INEQUALITY OF GENDER AND RACE IN BRAZIL; [E EM SEU NOME SERÁ EXERCIDO: REPRESENTAÇÃO DESCRITIVA E DESIGUALDADE POLÍTICA DE GÊNERO E RAÇA NO BRASIL]; [Y EN SU NOMBRE SE EJERCERÁ: REPRESENTACIÓN DESCRIPTIVA Y DESIGUALDAD POLÍTICA DE GÉNERO Y RAZA EN BRASIL],"THE PAPER EMPLOYS THE CONCEPT OF DESCRIPTIVE REPRESENTATION IN AN INVESTIGATION OF THE SOCIOECONOMIC, INSTITUTIONAL, AND CONTEXTUAL CONDITIONS OF POLITICAL INEQUALITY. THE SCOPE OF ANALYSIS IS THE ELECTION OF THE CHAMBER OF DEPUTIES IN 2018. DESCRIPTIVE REPRESENTATION STANDARDS ARE OBSERVED ACCORDING TO GENDER AND RACE AT THE LEVEL OF THE FEDERATION UNITY. THE RESEARCH EMPLOYS STATISTICAL ANALYSIS TO ASSESS FACTORS RELATED TO THE PRESENT DESCRIPTIVE INEQUALITY AND ITS CHANGE BETWEEN 2014 AND 2018. THE LIMITED NUMBER OF CASES ALLOWS A DETAILED APPROACH TO THE IDENTIFIED RELATIONS. IT IS INTERPRETED THAT THE OCCURRENCE OF A REDUCTION IN POLITICAL INEQUALITY IN THE FEDERATION UNITY IS ASSOCIATED WITH THE CANDIDACY OF BOLSONARO IN TWO WAYS: (A) LESS REELECTION OF INCUMBENTS; AND (B) POLITICIZATION OF THE GENDER AGENDA IN ELECTIONS. IT IS CREDITED TO THE SOCIOECONOMIC AND INSTITUTIONAL FACTORS, RESPECTIVELY, CONDITIONALITY AND INTERVENTION. GROUNDED ON THE CASE INVESTIGATED, AN INTERPRETATIVE MODEL OF THE SOCIOECONOMIC, INSTITUTIONAL, AND CONTEXTUAL CONDITIONS OF SHORT-TERM CHANGE IN PARLIAMENTARY POLITICAL INEQUALITY IS PROPOSED. © 2021 EDIPUCRS. ALL RIGHTS RESERVED.",10.15448/1984-7289.2021.3.39559
BUENO J;DOS SANTOS N,2021,"CLASS, RACE AND GENDER RELATIONS IN THE CONSTITUTION OF INTELLECTUAL DISABILITY; [AS RELAÇÕES DE CLASSE, RAÇA E GÊNERO NA CONSTITUIÇÃO DA DEFI-CIÊNCIA INTELECTUAL]","THE AIM OF THIS ARTICLE IS TO ANALYZE THE RELATIONSHIP BETWEEN INTELLECTUAL DISABILITY AND CLASS, RACE AND GENDER. FOR THIS PURPOSE, WE USED DATA FROM THE BRAZILIAN DEMOGRAPHIC CENSUS (IBGE, 2010), ORGA-NIZED INTO THREE CATEGORIES: A) PEOPLE WITHOUT DISABILITIES; B) PEOPLE WITH OTHER DISABILITIES; AND C) PEOPLE WITH INTELLECTUAL DISABILITIES. THE MOST EXPRESSIVE RESULT POINTED OUT THAT THERE IS A CLOSE RELATIONSHIP BETWEEN INCOME LEVELS AND THE PROXIMITY THE CURVES OF THE THREE CATEGORIES SHOWED. THE HIGHER THE INCOME LEVEL, THE CLOSER THE CURVES ARE, DEMONSTRATING HOW DECISIVE THE IMPACT OF RACE AND GENDER IS ON THE LIVING CONDITIONS OF PEOPLE WITH INTELLECTUAL DISABILITY. © 2021, UNIVERSIDADE FEDERAL DO RIO GRANDE DO SUL,FACULDADE DE EDUCACAO. ALL RIGHTS RESERVED.",10.1590/2175-6236116975
BRAGAIA F,2023,LE CORBUSIER 1929: RACE IN RIO DE JANEIRO AND LATIN AMERICA; [LE CORBUSIER 1929: RAÇA NO RIO DE JANEIRO E NA AMÉRICA LATINA]; [LE CORBUSIER 1929: RAZA EN RÍO DE JANEIRO Y AMÉRICA LATINA],"FROM A PERSPECTIVE THAT TAKES INTO ACCOUNT MECHANISMS OF FOREIGN VALIDATION OF BRAZILIAN CULTURE, THIS ESSAY DIALOGUES WITH EUGENICS IN THE GARDEN, BY FABÍOLA LÓPEZ-DURÁN, WHEN ANALYZING AN APPARENT CHANGE IN LUCIO COSTA’S TAKE ON THE PARTICIPATION OF THE BLACK POPULATION IN BRAZILIAN SOCIETY. LE CORBUSIER’S FIRST VISIT TO RIO DE JANEIRO, IN 1929, SEEMS CRUCIAL FOR LUCIO COSTA TO HAVE BEEN ABLE TO MOVE TOWARDS POSITIONS FURTHER REMOVED FROM EUGENICS POSTULATES, REPRODUCING, FROM THE 1930S ONWARDS, A MARKEDLY LESS RACIST AND SEXIST DISCOURSE COMPARED TO PREVIOUS DECADES. © 2023, GRADUATE PROGRAM IN VISUAL ARTS OF THE SCHOOL OF COMMUNICATIONS AND ARTS (ECA) OF THE UNIVERSITY OF SAO PAULO (USP). ALL RIGHTS RESERVED.",10.11606/issn.2178-0447.ars.2023.207910
FRANÇA D,2022,"RESIDENTIAL SEGREGATION BY RACE AND CLASS IN FORTALEZA, SALVADOR AND SÃO PAULO; [SÉGRÉGATION RÉSIDENTIELLE PAR RACE ET CLASSE À FORTALEZA, SALVADOR ET SÃO PAULO]; [SEGREGAÇÃO RESIDENCIAL POR RAÇA E CLASSE EM FORTALEZA, SALVADOR E SÃO PAULO]","THIS ARTICLE DEALS WITH THE IMPORTANCE OF THE RACE VARIABLE FOR THE RESIDENTIAL SEGREGATION CONTOURS IN BRAZILIAN CITIES. OUR HYPOTHESIS IS THAT THERE WOULD BE A GENERAL PATTERN OF SEGREGATION CHARACTERIZED BY THE ARTICULATION BETWEEN RACE AND CLASS, THAT IS, WE CANNOT REDUCE IT TO ONE OF THESE DIMENSIONS OR THE OTHER. HOWEVER, THIS PATTERN SHOULD VARY ACCORDING TO REGIONAL AND LOCAL CONTEXTS. OUR EMPIRICAL STRATEGY INVOLVED CATEGORIZING THE POPULATION IN DIFFERENT RACE AND CLASS GROUPS AND MEASURING RESIDENTIAL SEGREGATION BETWEEN EACH OF THESE GROUPS BY WIDELY USED TECHNIQUES. THE RESULTS SHOW THAT SÃO PAULO AND SALVADOR FIT WELL INTO THE POSTULATED PATTERN, WITH EVIDENT RACIAL DIFFERENCES IN RESIDENTIAL LOCATIONS. FORTALEZA, ON THE OTHER HAND, HAS LOWER LEVELS OF RACIAL SEGREGATION AND A HIGHER PREVALENCE OF SOCIAL CLASS SEGREGATION. THUS, THE ARTICLE CALLS FOR FURTHER RESEARCH ON RACIAL ASPECTS OF SEGREGATION AND AN EXPANSION OF COMPARATIVE STUDIES. © 2022, EDUFBA - EDITORA UNIVERSTTARIA. ALL RIGHTS RESERVED.",10.9771/ccrh.v35i0.42018
MASSARANI L;WALTZ I;LEAL T;MEDEIROS A,2023,"SCIENCE, GENDER, AND RACE IN CONVERSATIONS ABOUT HIDDEN FIGURES; [CIÊNCIA, GÊNERO E RAÇA NAS CONVERSAÇÕES SOBRE ESTRELAS ALÉM DO TEMPO]; [CIENCIA, GÉNERO Y RAZA EN CONVERSACIONES SOBRE FIGURAS OCULTAS]","IN THIS PAPER, WE ANALYZE PERCEPTIONS ABOUT BLACK WOMEN IN SCIENCE, BASED ON CONVERSATIONS ABOUT THE FILM HIDDEN FIGURES. THE MOVIE PORTRAYS THE TRAJECTORY OF THREE BLACK FEMALE NASA SCIENTISTS, IN THE CONTEXT OF RACIAL SEGREGATION IN THE USA IN THE 1960S. THROUGH CONTENT ANALYSIS, WE INVESTIGATE COMMENTS ON LETTERBOXD, IN ORDER TO IDENTIFY MEANINGS PRODUCED BY VIEWERS. THE RESULTS INDICATE THE PREDOMINANCE OF COMMENTS THAT CELEBRATE THE LEADING ROLE OF BLACK WOMEN, EVEN THOUGH THEY REINFORCE THE APPEAL TO THE INDIVIDUAL MERIT IN THE FACE OF STRUCTURAL ASYMMETRIES. THERE ARE ALSO CRITICISMS OF THE MAINTENANCE OF CONSERVATIVE STEREOTYPES, SUCH AS THE “WHITE SAVIOR”. THESE CONVERSATIONS REVEAL INTERSECTIONAL CROSSINGS IN THE PUBLIC PERCEPTION OF SCIENCE AND THE RELEVANCE OF MORE DIVERSE MEDIA REPRESENTATIONS OF SCIENTIFIC ACTIVITY IN TERMS OF GENDER AND RACE. © 2023, SCIELO-SCIENTIFIC ELECTRONIC LIBRARY ONLINE. ALL RIGHTS RESERVED.",10.1590/1806-9584-2023v31n284158
TARELOW G;MOTA A,2022,"ANTONIO CARLOS PACHECO E SILVA: EUGENICS, RACE AND THE MENTAL HYGIENE LEAGUE OF SÃO PAULO, 1926-1950; [ANTÔNIO CARLOS PACHECO E SILVA: EUGENIA, RAÇA E A LIGA PAULISTA DE HIGIENE MENTAL, 1926-1950]","THE MENTAL HYGIENE LEAGUE OF SÃO PAULO, FOUNDED IN 1926, PRODUCED A SERIES OF ACTIONS AND CAMPAIGNS BASED ON EUGENIC AND RACIST CONCEPTIONS. ITS PERFORMANCE TRANSCENDED THE LIMITS OF ASYLUMS WALLS AND ITS CENTRAL OBJECTIVE WAS BECOME AN IMPORTANT PART IN THE ORGANIZATION AND REGULATION OF SOCIETY. MOREOVER, THE PHYSICIAN ANTÔNIO CARLOS PACHECO E SILVA HAS PLAYED A PROMINENT ROLE IN THIS PROCESS, GIVEN HIS OUTSTANDING PERFORMANCE IN THE DEFENSE OF EUGENIC VALUES AND IN THE ARTICULATION BETWEEN THE MOVEMENT FOR MENTAL HYGIENE AND THE PUBLIC AUTHORITIES. IN THIS SENSE, THIS ARTICLE ANALYZES THE WAY IN WHICH CONTEXTUAL AND PERSONAL ASPECTS WERE INTERTWINED, PRODUCING IDEAS AND PRACTICES THAT WOULD MARK THE PSYCHIATRIC MEDICAL SPECIALTY OF SÃO PAULO IN THE SECOND QUARTER OF THE 20TH CENTURY. © 2022, PONTIFICIA UNIVERSIDADE CATOLICA DE SAO PAULO. ALL RIGHTS RESERVED.",10.23925/2176-2767.2022v75p148-168
AFONSO M,2024,TOMANDO A PALAVRA: HELENA NOGUEIRA E O FALAR COMO CONQUISTA POLÍTICA E PSICOLÓGICA,"GENDER INEQUALITY (IMBRICATED WITH CLASS AND RACE INEQUALITIES) IS A SOCIAL AND HISTORICAL PROBLEM WITH SERIOUS OBJECTIVE AND SUBJECTIVE CONSEQUENCES. IT PRODUCES SUFFERING COLLECTIVELY SHARED BY OPPRESSED GROUPS. THIS TEXT IS A REFLECTION ON SUFFERING AND RESISTANCE, BASED ON THE MEMORIES AND LIFE STORIES OF WOMEN WHO PARTICIPATE IN FEMINIST SOCIAL MOVEMENTS. WE SEEK TO APPREHEND THE MEANINGS AND PSYCHOLOGICAL TRANSFORMATIONS THAT ACCOMPANY THIS POLITICAL PARTICIPATION, ESPECIALLY IN THE CONTEXT OF A FEMINIST, ANTI-RACIST AND ANTI-CAPITALIST SOCIAL MOVEMENT: WORLD MARCH OF WOMEN. STARTING FROM THE BIOGRAPHICAL TRAJECTORY OF A DEPONENT, WE REFLECT ON PSYCHOSOCIAL ASPECTS OF SILENCE AND SPEECH AS LINKED TO HISTORICAL PROCESSES OF DOMINATION AND EXPLOITATION, OF RESISTANCE AND CONFRONTATIONS. © (2024), (INSTITUTO DE ESTUDOS AVANCADOS DA UNIVERSIDADE DE SAO PAULO). ALL RIGHTS RESERVED.",10.1590/s0103-4014.2024.38110.015
MACHADO I,2024,THE UNSAID IN ETHNOGRAPHIES ABOUT BRAZILIANS IN IRELAND: EUPHEMISMS AND DISPLACEMENTS OF RACE; [O NÃO DITO NAS ETNOGRAFIAS SOBRE BRASILEIROS NA IRLANDA: EUFEMISMOS E DESLOCAMENTOS DE RAÇA],"THIS ARTICLE EXPLORES THE IMPACT OF DIFFERENT RACIAL ORDERS ON BRAZILIAN MIGRATORY PROCESSES. IT FOCUSES ON THE EXPERIENCES OF BRAZILIANS IN IRELAND, BASED ON DATA FROM AN ETHNOGRAPHY CONDUCTED IN THE FIRST HALF OF 2022. THE TEXT COMPARES THIS SITUATION WITH TWO OTHER INSTANCES OF “SHUFFLING OF RACIAL ORDERS”: BRAZILIAN IMMIGRANTS IN PORTO IN 2000 AND REFUGEES IN BRAZIL OVER THE LAST DECADE. THESE TWO SETS OF RESEARCH EXEMPLIFY HOW MIGRATION IS INFLUENCED BY AND IMPACTS DIFFERENT RACIAL ORDERS, WITH SIGNIFICANT IMPLICATIONS FOR THE DAILY LIVES OF IMMIGRANTS. THE ARTICLE ARGUES THAT EXISTING LITERATURE ON BRAZILIAN IMMIGRANTS IN IRELAND FAILS TO RECOGNISE A MARKED CONTRAST BETWEEN THE EXPERIENCES OF THOSE WITH WORK VISAS AND THOSE WITH STUDENT VISAS, WITH A RACIAL INVERSION IN THE LABOUR MARKET THAT TENDS TO FAVOUR BLACK BRAZILIAN IMMIGRANTS WITH WORK VISAS OVER WHITE IMMIGRANTS WITH STUDY VISAS WHO OFTEN HAVE MORE YEARS OF SCHOOLING. © 2024, UNIVERSIDADE DE SAO PAULO. MUSEU DE ZOOLOGIA. ALL RIGHTS RESERVED.",10.11606/1678-9857.ra.2022.215020
RAMINELLI R,2023,"RACE AND SLAVERY IN MEMOIRS AND NOVELS: BRAZIL, C. 1820-1870; [RAÇA E ESCRAVIDÃO EM MEMÓRIAS E ROMANCES: BRASIL, C.1820-1870]","THIS ESSAY ANALYZES HOW THE RACIAL HIERARCHY ELABORATED BY PHILOSOPHERS AND ANATOMISTS SERVED NOT ONLY TO DEFEND SLAVERY AND LEAD AFRICANS TO CIVILIZATION, BUT ALSO TO COMBAT THE SLAVE TRADE AND ENCOURAGE ABOLITION. INDEED, RACIAL THEORIES REINFORCED BOTH PROSLAVERY AND ANTISLAVERY ARGUMENTS. THE ARTICLE EXAMINED SEVERAL BRAZILIAN SCHOLARS, PARTICULARLY THE WRITINGS OF NATURALIST FREDERICO BURLAMAQUE, POLITICIAN ADOLFO BEZERRA DE MENEZES, AND NOVELISTS JOAQUIM MANUEL DE MACEDO AND JOSÉ DE ALENCAR. BETWEEN 1820 AND 1870, THEY USED CLIMATE THEORY, MONOGENY, POLYGENY, PHRENOLOGY, AND PHYSIOGNOMY TO DESCRIBE ENSLAVED PEOPLE AND THEIR DESCENDANTS, THUS LISTING THE EVILS OF SLAVERY OR THE SIGNIFICANT CONTRIBUTION OF THE ENSLAVED POPULATION TO THE CONSTRUCTION OF BRAZIL. DESPITE HOLDING OPPOSING VIEWS, AS PART OF THE ELITE, THIS LITERATI DID NOT DOUBT THE SUPREMACY OF THE WHITE RACE. © 2023, FEDERAL UNIVERSITY OF SAO PAULO. ALL RIGHTS RESERVED.",10.1590/2236-463333ea01022
FIALHO C;BONOMO M;DA SILVA S;MIRANDA A,2023,"EPIDEMIOLOGICAL PROFILE OF ADOLESCENTS LIVING WITH HIV/AIDS IN ESPIRITO SANTO, BRAZIL: A CROSS-SECTIONAL STUDY","INTRODUCTION: THE AIDS EPIDEMIC HAS UNDERGONE SEVERAL TRANSFORMATIONS, AND, IN RECENT YEARS, THERE HAS BEEN AN INCREASE IN CASES OF HIV/AIDS AMONG ADOLESCENTS AND YOUNG PEOPLE. THUS, IT IS ESSENTIAL TO KNOW THIS POPULATION TO BASE HEALTH ACTIONS SCIENTIFICALLY. OBJECTIVE: THIS STUDY AIMS TO ANALYZE THE EPIDEMIOLOGICAL PROFILE OF ADOLESCENTS LIVING WITH HIV/AIDS IN ESPÍRITO SANTO, BRAZIL. METHODS: A DESCRIPTIVE, SECTIONAL STUDY IN WHICH NOTIFICATIONS OF HIV/AIDS AMONG ADOLESCENTS AGED 13 TO 19 BETWEEN 2010 AND 2020 WERE ANALYZED. RESULTS: 523 ADOLESCENTS WITH HIV/AIDS WERE FOUND IN THE ANALYZED PERIOD (AN AVERAGE OF 47 CASES/YEAR). THERE WAS A PREDOMINANCE OF MALE ADOLESCENTS (68.8%), OLDER THAN 16 YEARS (MEAN=18.0 YEARS), OF MIXED RACE/COLOUR (54.6%), LIVING IN THE METROPOLITAN REGION NEAR THE CAPITAL. IT WAS OBSERVED THAT THE SCHOOLING OF FEMALES IS LOWER, WITH 47.2% OF THEM IN ELEMENTARY SCHOOL, WHILE 45.0% OF THE BOYS ARE IN HIGH SCHOOL. IN MOST CASES, THE INFECTION OCCURRED VIA SEXUAL INTERCOURSE, AMONG MEN, THROUGH HOMOSEXUAL RELATIONS (55.0%), AND AMONG WOMEN, THROUGH HETEROSEXUAL RELATIONS (82.2%). THE HIV VIRAL LOAD WAS DETECTABLE IN ALMOST ALL (84.8%) CASES, AND 11 (6.8%) OF THESE ADOLESCENTS DIED. CONCLUSION: THE EPIDEMIOLOGICAL PROFILE OF HIV AND AIDS CASES AMONG ADOLESCENTS IN ESPÍRITO SANTO SHOWS A HIGHER FREQUENCY OF CASES IN MALES AGED 16 TO 19 YEARS, WITH INCOMPLETE HIGH SCHOOL EDUCATION, WHO ACQUIRED HIV THROUGH UNPROTECTED SEX IN HOMOSEXUAL RELATIONSHIPS. WE HIGHLIGHT THE HIGH PERCENTAGE OF YOUNG PEOPLE WITH DETECTABLE VIRAL LOADS AND DEATHS DUE TO COMPLICATIONS OF AIDS. © 2023 THE AUTHORS (2023), THIS ARTICLE IS DISTRIBUTED UNDER THE TERMS OF THE CREATIVE COMMONS ATTRIBUTION 4.0 INTERNATIONAL LICENSE (HTTP://CREATIVECOMMONS.ORG/LICENSES/BY/4.0/); INTRODUÇÃO: A EPIDEMIA DA AIDS PASSOU POR DIVERSAS TRANSFORMAÇÕES E, NOS ÚLTIMOS ANOS, OBSERVA-SE AUMENTO DE CASOS DE HIV/AIDS ENTRE ADOLESCENTES E JOVENS. ASSIM, É FUNDAMENTAL CONHECER ESSA POPULAÇÃO PARA EMBASAR CIENTÍFICAMENTE AS AÇÕES EM SAÚDE. OBJETIVO: ANALISAR O PERFIL EPIDEMIOLÓGICO DE ADOLESCENTES QUE VIVEM COM HIV/AIDS NO ESTADO DO ESPÍRITO SANTO, BRASIL. MÉTODO: ESTUDO DESCRITIVO, SECCIONAL, NO QUAL FORAM ANALISADAS NOTIFICAÇÕES DE HIV/AIDS ENTRE ADOLESCENTES DE 13 A 19 ANOS, ENTRE 2010 E 2020. RESULTADOS: FORAM ENCONTRADOS 523 ADOLESCENTES VIVENDO COM HIV/AIDS NO PERÍODO ANALISADO (MÉDIA DE 47 CASOS/ANO). PREVALECEU OS ADOLESCENTES DO SEXO MASCULINO (68,8%), COM MAIS DE 16 ANOS (MÉDIA=18,0 ANOS), DE RAÇA/COR PARDA (54,6%), RESIDENTES NA REGIÃO METROPOLITANA, PRÓXIMA A CAPITAL. FOI OBSERVADO QUE A ESCOLARIDADE DO SEXO FEMININO É MENOR, ESTANDO 47,2% DELAS NO ENSINO FUNDAMENTAL, ENQUANTO 45,0% DOS RAPAZES JÁ ESTÃO NO ENSINO MÉDIO. EM GRANDE PARTE DOS CASOS A INFECÇÃO OCORREU VIA SEXUAL, SENDO, ENTRE OS HOMENS, ATRAVÉS DE RELAÇÕES HOMOSSEXUAIS (55,0%) E ENTRE AS MULHERES POR MEIO DE RELAÇÕES HETEROSSEXUAIS (82,2%). A CARGA VIRAL DE HIV FOI DETECTÁVEL EM QUASE TOTALIDADE (84,8%) DOS CASOS E 11 (6,8%) DESTES ADOLESCENTES EVOLUÍRAM PARA ÓBITO. CONCLUSÃO: O PERFIL EPIDEMIOLÓGICO DOS CASOS DE HIV E AIDS, ENTRE OS ADOLESCENTES, NO ESTADO DO ESPÍRITO SANTO, DEMONSTRA MAIOR FREQUÊNCIA DE CASOS NO SEXO MASCULINO, NA FAIXA ETÁRIA DE 16 A 19 ANOS, COM ENSINO MÉDIO INCOMPLETO, QUE ADQUIRIRAM HIV POR VIA SEXUAL DESPROTEGIDA, EM RELAÇÕES HOMOSSEXUAIS. DESTACA-SE A ALTA PORCENTAGEM DE JOVENS COM CARGA VIRAL DETECTÁVEL E OS ÓBITOS EM DECORRÊNCIA DE COMPLICAÇÕES DA AIDS. © 2023 THE AUTHORS (2023), THIS ARTICLE IS DISTRIBUTED UNDER THE TERMS OF THE CREATIVE COMMONS ATTRIBUTION 4.0 INTERNATIONAL LICENSE (HTTP://CREATIVECOMMONS.ORG/LICENSES/BY/4.0/)",10.36311/jhgd.v33.13332
DE ALMEIDA J,2024,"WRITING BEYOND RACE: THEORY AND PRACTICE, BY BELL HOOKS; [ESCREVER ALÉM DA RAÇA: TEORIA E PRÁTICA, DE BELL HOOKS]",[NO ABSTRACT AVAILABLE],10.1590/18094449202400700011
GUIMARÃES A,2024,"RACE AND COLOR IN CONTEMPORARY BRAZIL, POLITICAL OPPORTUNITY AND HISTORICAL TENDENCY; [RAÇA E COR NO BRASIL CONTEMPORÂNEO, OPORTUNISMO POLÍTICO E TENDÊNCIA HISTÓRICA]","THIS ARTICLE EXAMINES THE DATA PUBLISHED BY IBGE ON THE RACIAL/COLOR COMPOSITION OF BRAZIL FROM 1872 TO 2022, HIGHLIGHTING THE HISTORICAL TRENDS IN THE GROWTH OF WHITE, BROWN, AND BLACK RACIAL GROUPS. THREE MAIN TRENDS ARE IDENTIFIED: A PROCESS OF WHITENING FROM THE LATE 19TH CENTURY TO THE 1960S, THE CONTINUOUS GROWTH OF THE BROWN POPULATION IN RELATION TO BOTH THE BLACK AND THE WHITE POPULATION FROM THE 1960S TO THE 1990S, AND THE GRADUAL INCREASE OF BLACK AND BROWN POPULATIONS WITH A DECLINE IN THE WHITE POPULATION FROM 1991 ONWARDS. THE ARGUMENT IS THAT THESE TRENDS ARE MAINLY DUE TO RACIAL RECLASSIFICATION INFLUENCED BY IDEOLOGICAL FACTORS − THE WAY IN WHICH THE BRAZILIAN NATION IS PREDOMINANTLY DEFINED IN EACH PERIOD − RATHER THAN DEMOGRAPHIC CHANGES OR PUBLIC POLICIES − SUCH AS THOSE THAT HAVE BENEFITED BLACKS AND BROWNS FROM THE PRESENT CENTURY ONWARDS. © 2024, UNIVERSIDADE DE SAO PAULO. MUSEU DE ZOOLOGIA. ALL RIGHTS RESERVED.",10.11606/1678-9857.ra.2022.221938
SILVEIRA R;ROSA R;FOGAÇA G;SANTOS L;NARDI H;ALVES M;BAIRROS F,2021,REFLECTIONS ON THE COLLECTION OF THE ISSUE OF RACE/ COLOR IN THE BASIC CARE (SUS) IN THE SOUTH OF BRAZIL; [REFLEXÕES SOBRE A COLETA DO QUESITO RAÇA/COR NA ATENÇÃO BÁSICA (SUS) NO SUL DO BRASIL],"THIS ARTICLE ANALYZES THE FORM AND EFFECTS OF COLLECTING INFORMATION ON RACE/COLOR IN THE RESEARCH “RACISM, KNOWLEDGE-POWER RELATIONS AND PSYCHOLOGICAL SUFFERING”. THE RESEARCH WAS CARRIED OUT IN A PARTNERSHIP BETWEEN THE FEDERAL UNIVERSITIES OF RIO GRANDE DO SUL AND PELOTAS AND THE MUNICIPAL HEALTH DEPARTMENTS OF PORTO ALEGRE AND PELOTAS, FOCUSED ON THE BASIC CARE OF THE UNIFIED HEALTH SYSTEM (SUS). THIS IS A RESEARCH DEVELOPED IN CONJUNCTION WITH HEALTH PROFESSIONALS. THE THEORETICAL-METHODOLOGICAL FRAMEWORK IS BASED ON SOCIAL PSYCHOLOGY AND RESEARCH-INTERVENTION. IN TOTAL, 580 USERS WERE INTERVIEWED, AND 11 FOCUS GROUPS WERE HELD WITH USERS AND HEALTH PROFESSIONALS. THE RESULTS SHOW THAT 53% OF THE INTERVIEWED USERS DECLARED THEMSELVES AS BLACK, CORROBORATING OTHER STUDIES THAT DEMONSTRATE THAT SUS’ USERS ARE MOSTLY BLACK. IN THE ANALYSIS OF THE FOCUS GROUPS, WE IDENTIFIED THREE MAIN ASPECTS: (1) THERE IS A DIFFICULTY IN ASKING/ ANSWERING THE RACIAL SELF-DECLARATION; (2) RACISM IS EXPRESSED IN THE COLLECTION OF INFORMATION ON RACE/ COLOR; (3) HEALTH PROFESSIONALS FIND IT DIFFICULT TO RECOGNIZE THE USEFULNESS OF THE RACE/COLOR ITEM FOR HEALTH PRACTICES. THUS, IT IS NECESSARY TO STRENGTHEN CONTINUOUS EDUCATION PRACTICES ON THE RELATION BETWEEN RACISM AND HEALTH. © 2021, UNIV SAOPAULO. ALL RIGHTS RESERVED.",10.1590/S0104-12902021200414
MENEGOTTO J;RIBEIRO F,2024,"PERIOD POVERTY BEHIND THE NUMBERS: GENDER, RACE, AND CLASS IN THE MENSTRUAL EXPERIENCES OF GIRLS FROM AN URBAN PERIPHERY IN BRAZIL; [POBREZA MENSTRUAL MÁS ALLÁ DE LAS CIFRAS: GÉNERO, RAZA Y CLASE EN LAS EXPERIENCIAS MENSTRUALES DE NIÑAS DE UNA PERIFERIA URBANA BRASILEÑA]; [POBREZA MENSTRUAL ALÉM DOS NÚMEROS: GÊNERO, RAÇA E CLASSE NAS EXPERIÊNCIAS MENSTRUAIS DE MENINAS DE UMA PERIFERIA URBANA BRASILEIRA]","THIS ARTICLE ANALYZES PERIOD POVERTY BASED ON INTERVIEWS WITH SIX GIRLS LIVING IN A REGION ON THE OUTSKIRTS OF THE CITY OF PORTO ALEGRE (BRAZIL). THE RESULTS OF THE QUALITATIVE STUDY REVEAL SOME REALITIES THAT ARE BEHIND THE NUMBERS. THE LACK OF INFORMATION ABOUT MENSTRUAL HEALTH, MENSTRUAL CYCLES, AND THE LIMITED SELF-AWARENESS ABOUT THE BODY BECAME EVIDENT. ALL THE INTERVIEWED ADOLESCENTS WHO SOUGHT HEALTH SERVICES DUE TO ANY MENSTRUAL OR BODY-RELATED ISSUES DURING PUBERTY RECEIVED A RACIST, SEXIST, OR AGEIST TREATMENT OR A COMBINATION OF THESE PREJUDICES. THEIR ACCOUNTS REGARDING ACCESS TO MENSTRUAL HYGIENE PRODUCTS AND SANITATION INFRASTRUCTURE DO NOT FULLY CORRESPOND TO THE DATA ON PERIOD POVERTY: THE GIRLS HAVE ACCESS TO DISPOSABLE SANITARY PADS DURING MENSTRUATION, CLEAN WATER, AND BATHROOMS IN USABLE CONDITIONS. THE STORIES TOLD BY THE TEENAGERS EXPAND THE DISCUSSION ABOUT PERIOD POVERTY AS THEY HIGHLIGHT CULTURAL FACTORS RELATED TO THEIR MENSTRUAL EXPERIENCES. THEIR ACCOUNTS ALSO SHOW THAT INITIATIVES AND PUBLIC POLICIES TO COMBAT MENSTRUAL PRECARIOUSNESS CANNOT BE LIMITED TO THE MATERIAL FIELD AND POINT TO THE NEED FOR SYSTEMIC CULTURAL CHANGES TO COMBAT RACISM, SEXISM, AND AGEISM. © 2024 THE AUTHOR(S). PUBLISHED BY INFORMA UK LIMITED, TRADING AS TAYLOR & FRANCIS GROUP.",10.1080/25729861.2024.2397293
BORGONGINO B,2021,THE MONK AND THE ETHIOPIAN DEMON: RACE AND DISCRETIO IN JOHN CASSIAN'S COLLATIONES PATRUM (426-428); [O MONGE E O DEMÔNIO ETÍOPE: RAÇA E DISCRETIO NAS COLLATIONES PATRUM DE JOÃO CASSIANO (426-428)],"JOHN CASSIAN WROTE THE COLLATIONES PATRUM BETWEEN 426 AND 428, AT A TIME WHEN HE WAS ALREADY ESTABLISHED IN A MONASTERY AROUND THE CITY OF MARSEILLE, IN GAUL. IN THIS DOCUMENT, HE DISCUSSED SEVERAL THEMES ABOUT MONASTIC LIFE, AMONG THEM, THE VIRTUE OF DISCRETIO. JOHN CASSIAN ALSO INCLUDED ILLUSTRATIVE NARRATIVES FOR HIS ARGUMENTS. SOME DEPICTED DEMONS IN THE FORM OF ETHIOPIANS INSTIGATING THE MONKS TO INDULGE IN VICE, WHICH ALIGNED WITH THE RACIAL DISCOURSES THEN CIRCULATING IN THE MEDITERRANEAN. THE OBJECTIVE OF THIS PAPER IS TO ANALYZE THE RELATIONSHIPS BETWEEN THE ETHIOPIAN DEMONS AND THE CONCEPT OF DISCRETION IN THE COLLATIONES PATRUM. © 2021 UNIVERSIDAD DE PLAYA ANCHA DE CIENCIAS DE LA EDUCACION. ALL RIGHTS RESERVED.",10.1590/2237-101X02204704
MUNARETO G,2023,EUGENICS AND RACE IN THE POST-WAR: THE JOURNAL MANKIND QUARTERLY AND THE THEORIES OF THE FAR-RIGHT; [EUGENIA E RAÇA NO PÓS-GUERRA: O PERIÓDICO MANKIND QUARTERLY E AS TEORIZAÇÕES DA EXTREMA-DIREITA],"THE AIM OF THIS ARTICLE IS TO ANALYZE THE PERSISTENCE OF EUGENICS AFTER THE END OF THE SECOND WORLD WAR. USING AS AN OBJECT THE PERIODICAL MANKIND QUARTERLY, FOUNDED IN 1960 IN THE UNITED STATES, WE WILL TRY TO DEMONSTRATE HOW A SPECIFIC TYPE OF EUGENICS PROJECT, CENTERED ON THE IDEA OF RACE, SPREAD WITHIN THE EXTREME RIGHT FROM THE INTERNATIONAL NETWORK, WHICH HAD PARTICIPANTS FROM DIFFERENT CONTINENTS AND SUPPORTED NUMEROUS IDEAS, INCLUDING WHITE SUPREMACY, ANTI- SEMITISM, ANTI-COMMUNISM, NEO-NAZISM AND NEO-FASCISM. WE WILL ALSO TRY TO ADDRESS HOW THESE ISSUES CONTRIBUTE TO DEMONSTRATING THE CONTINUITY OF EUGENICS AND THE CONCEPT OF RACE IN THE POST-SECOND WORLD WAR PERIOD, CONTRADICTING THE LINE THAT HAS LONG BEEN PREDOMINANT WITHIN HISTORIOGRAPHY ON THESE TWO SUBJECTS. © (2023) ASSOCIACAO NACIONAL DE HISTORIA.",10.1590/1806-93472023V43N94-11
DE OLIVEIRA S,2021,"URBAN INFORMALITY, WORKING CLASS AND RACE IN RIO DE JANEIRO: THE HISTORY OF FAVELA CENSUS (1948-1960); [INFORMALIDADE URBANA, CLASSE TRABALHADORA E RAÇA NO RIO DE JANEIRO: A HISTÓRIA DOS CENSOS DE FAVELAS (1948-1960)]","THE ARTICLE ANALYZES THE HISTORY OF FAVELA CENSUSES IN RIO DE JANEIRO PRODUCED UNDER THE CENSUS SYSTEM FORMED BY THE BRAZILIAN INSTITUTE OF GEOGRAPHY AND STATISTICS. IN CONTRAST TO ANALYZING STATISTICAL DATA AS TRANSPARENCY OF THE REAL, IT UNDERSTANDS THEM AS A TECHNOLOGY OF GOVERNMENT RELATED TO PUBLIC POLICIES AND POWER RELATIONS. FAVELA CENSUSES SET NEW PARAMETERS FOR REPRESENTING URBAN POVERTY IN BRAZIL. THE DEFINITION OF WHAT A FAVELA WOULD BE BASED ON QUANTIFIABLE VARIABLES, THE DIFFERENTIATION BETWEEN THE “WORKERS” AND THE “INACTIVE ONES” AND THE IMAGINATION OF THE BLACK RACIAL DIFFERENCE IN THE FAVELAS WERE POLITICIZED THEMES, WITH GREAT VARIATION IN THE FORM OF REGISTRATION IN THE FIRST STATISTICS. THE ANALYSIS INCLUDES THE STATISTICS FOR 1949, 1950 AND 1960. © 2021 UNIVERSIDADE DE SAO PAULO, FACULDADE DE FILOSOFIA, LETRAS E CIENCIAS HUMANAS. ALL RIGHTS RESERVED.",10.11606/ISSN.2316-9141.RH.2021.170643
DE CARVALHO FIGUEIREDO D;LOPES J;UESSLER L,2023,"APPRAISAL, GENDER AND RACE IN THE DISCOURSE ABOUT COILY HAIR; [AVALIATIVIDADE, GÊNERO E RAÇA NO DISCURSO SOBRE CABELO CRESPO]; [VALORACIÓN, GÉNERO Y RAZA EN EL DISCURSO SOBRE EL CABELLO RIZADO]","THIS ARTICLE DEALS WITH THE RELATIONSHIP BETWEEN GENDER, RACE AND POWER, IN WHICH THE SOCIAL PRACTICES OF AFRO HAIR CARE ARE THE FOCUS OF OUR ANALYSIS (FAIRCLOUGH, 2003). TAKING INTO ACCOUNT LANGUAGE IN USE AND THE MACRO-STRUCTURES OF GENDER AND RACE THAT ORGANIZE SOCIAL LIFE, WE UNDERSTAND THE SYSTEM OF APPRAISAL (MARTIN; WHITE, 2005) AS ONE OF THE POSSIBILITIES FOR CRITICAL DISCOURSE ANALYSIS WITHIN THE PERSPECTIVE OF SYSTEMIC-FUNCTIONAL LINGUISTICS (HALLIDAY; MATTHIESSEN, 2014). BY ANALYZING NARRATIVES WITH A FOCUS ON THE ATTITUDE SUBSYSTEM, WE CRITICALLY ELABORATE THE INTERSECTIONS BETWEEN GENDER, CAPITALISM, RACE AND THE DISCOURSE ON COILY HAIR. © 2023 THESAURUS EDITORA DE BRASILIA LTDA.. ALL RIGHTS RESERVED.",10.26512/les.v24i2.51271
LINS I,2023,FROM THE 'BAIXADA' UP TO THE 'SOUTH ZONE': PATHS OF POLITICAL RACE VIOLENCE IN RIO DE JANEIRO; [DA BAIXADA À ZONA SUL: CAMINHOS DA VIOLÊNCIA POLÍTICA DE RAÇA NO RIO DE JANEIRO],"THE RESEARCH SEEKS TO UNDERSTAND THE IMPACT OF POLITICAL VIOLENCE AND URBAN VIOLENCE ON THE POLITICAL PARTICIPATION OF BLACK ACTIVISTS IN THE STATE OF RIO DE JANEIRO, AS WELL AS THE INTERTWINING OF THESE FORMS OF RACIAL VIOLENCE. SEMI-STRUCTURED INTERVIEWS WERE CONDUCTED WITH 11 ACTIVISTS FROM POLITICAL ORGANIZATIONS AND SOCIAL MOVEMENTS. THE TEXT ADDRESSES THE ROLE OF THE STATE IN DEEPENING POLITICAL INEQUALITIES BY VIOLENCE AS A FORM OF DOMINATION. FROM THE EMPIRICAL MATERIAL, IT IS CONCLUDED THAT VIOLENCE IN THE TERRITORIES IS A DISINCENTIVE FOR BLACK ASSOCIATIVISM BECAUSE IT CREATES A COLLECTIVE MEANING FOR THE BLACK POPULATION AND, FOR THIS REASON, IS EXPRESSED IN SUCH AN EXPLICIT AND PHYSICALLY VIOLENT WAY. THERE IS AN EFFORT BY MILICIAS GROUPS AND POLICE OFFICERS TO SILENCE MILITANTS USING FEAR AS A TOOL FOR THE CONSTRUCTION OF A SENSE OF BEING A MILITANT. © 2023 AUTHORS. ALL RIGHTS RESERVED.",10.31060/RBSP.2023.V17.N1.1532
MONTEIRO R;DOS SANTOS M;DE ARAÚJO E,2021,"HEALTH, CURRICULUM AND EDUCATION: EXPERIENCES ABOUT RACE, ETHNICITY AND GENDER; [SAÚDE, CURRÍCULO, FORMAÇÃO: EXPERIÊNCIAS SOBRE RAÇA, ETNIA E GÊNERO]; [SALUD, CURRÍCULUM, EDUCACIÓN: EXPERIENCIAS SOBRE RAZA, ETNIA Y GÉNERO]","RACISM CREATES INEQUITIES IN HEALTH AND A MAJOR REASON FOR THE VIOLATION OF RIGHTS. CURRICULUM POLICIES THAT COVER AFFIRMATIVE ACTIONS AND THE BRAZILIAN NATIONAL POLICY FOR INTEGRAL HEALTH OF THE BLACK POPULATION STRESS THAT THE EDUCATION OF HEALTH PROFESSIONALS IS A STRATEGIC FIELD FOR CHANGING THIS SITUATION. THIS ARTICLE REPORTS THE SUCCESSFUL EXPERIENCE OF A WORKING GROUP (WG 28 – HEALTH, CURRICULUM, EDUCATION) COMPOSED OF MEMBERS OF THE ABRASCO RACISM AND HEALTH WORKING GROUP. BY DISCUSSING THE EDUCATION OF HEALTH PROFESSIONALS, HEALTH POLICIES FOR THE BLACK POPULATION, AND THE EDUCATION ON ETHNIC-RACIAL RELATIONS, THE WG MOBILIZED EFFORTS TO PROMOTE EDUCATION, SURVEY EDUCATIONAL PROPOSALS, AND DISSEMINATE EXPERIENCES THAT RESULTED IN THE ORGANIZATION AND PUBLICATION OF A DOSSIER. THIS REPORT REVEALS A COLLABORATIVE WORK METHODOLOGY AND PRESENTS THE CHALLENGES AND POSSIBILITIES FOR HEALTH EDUCATION OF THE BLACK POPULATION. © 2021, FUNDACAO UNI BOTUCATU/UNESP. ALL RIGHTS RESERVED.",10.1590/INTERFACE.200697
BALABAN M,2022,RIDICULOUS INCOHERENCE?: RACE AND SLAVERY IN THE COURT’S ILLUSTRATED PRESS – 1884-1886; [RIDÍCULA INCOERÊNCIA?: RAÇA E ESCRAVIDÃO NA IMPRENSA ILUSTRADA DA CORTE – 1884-1886],"THE ILLUSTRATED PRESS OF THE COURT IN THE SECOND HALF OF THE NINETEENTH CENTURY, BESIDES ENTERTAINING ITS READERS, PARTICIPATED IN THE POLITICAL DEBATE. BUT HOW DID IT DO SO? THIS ARTICLE OFFERS AN ANSWER TO THAT QUESTION THROUGH THE ANALYSIS OF A SINGLE IMAGE, WHICH, PUBLISHED IN THE REVISTA ILLUSTRADA IN JULY 1884, COMMENTS ON THE PARLIAMENTARY DEBATES ABOUT THE DANTAS PROJECT. I ARGUE THAT, THROUGH A WELL-WOVEN COMPOSITION OF ELEMENTS, THE PRINT PRODUCES A FALSE ARGUMENT, A DELIBERATE LIE. WITH SUCH A PROCEDURE, IT MAKES A SELF-PRAISE AIMING TO DISTINGUISH THE KIND OF PERIODISM IT PRACTICED AND ITS AUTHORS, WHITE PEOPLE AND ALIGNED WITH A STRAND OF ABOLITIONISM. © 2022. REVISTA BRASILEIRA DE HISTORIA.ALL RIGHTS RESERVED",10.1590/1806-93472022v42n90-18
DE OLIVEIRA A;ALVES-BRITO A;ROSA K,2024,A LITERATURE REVIEW ON CRITICAL RACE THEORY IN SCIENTIFIC EDUCATION; [UMA REVISÃO DE LITERATURA SOBRE A TEORIA CRÍTICA DA RAÇA NA EDUCAÇÃO CIENTÍFICA],"THE CRITICAL RACE THEORY (CRT) PLAYS A FUNDAMENTAL ROLE IN HELPING TO UNDERSTAND THE DYNAMICS OF RACIAL RELATIONS IN THE COUNTRY. THIS WORK CONSISTS OF A LITERATURE REVIEW ON THE ARTICULATION AND USE OF CRT IN SCIENCE EDUCATION. THE MAIN OBJECTIVE WAS TO MAP, IDENTIFY, AND ANALYZE ACADEMIC PRODUCTION IN SCIENCE EDUCATION THAT ADOPTED CRT AS A THEORETICAL AND/OR METHODOLOGICAL FRAMEWORK FROM 1995 TO 2021, IN ORDER TO UNDERSTAND THE DEBATES IN THE FIELD OF RESEARCH AND TEACHING OF SCIENCE EDUCATION, BOTH IN THE BRAZILIAN AND INTERNATIONAL CONTEXTS. THE SEARCH WAS CARRIED OUT BY CONSULTING ARTICLES IN THE ELECTRONIC DATABASES ERIC (EDUCATIONAL RESOURCE INFORMATION CENTRE), CAPES (COORDINATION FOR THE IMPROVEMENT OF HIGHER EDUCATION PERSONNEL) JOURNAL PORTAL, AND SCIELO (SCIENTIFIC ELECTRONIC LIBRARY ONLINE). THE SEARCH RESULT WAS 40 ARTICLES, PUBLISHED IN 24 INTERNATIONAL JOURNALS. AFTER SELECTION, READING, AND ANALYSIS OF THE ARTICLES, THE WORKS WERE ORGANIZED INTO THREE CATEGORIES: (I) COMMITMENT OF SCIENCE EDUCATION TO RACIAL ISSUES; (II) EDUCATION OF YOUTH FROM A RACIAL PERSPECTIVE; (III) TEACHER PERCEPTION IN RACE-CENTERED TRAINING. THE RESEARCH HIGHLIGHTS THE NEED FOR MORE STUDIES AND RESEARCH EFFORTS REGARDING CRT IN THE BRAZILIAN CONTEXT, ESPECIALLY IN SCIENCE EDUCATION AND IN THE PHYSICAL SCIENCES, WHERE IT IS STILL NOT WIDELY DISSEMINATED. © 2024 UNIVERSIDADE FEDERAL DO RIO GRANDE DO SUL, INSTITUTO DE FISICA. ALL RIGHTS RESERVED.",10.22600/1518-8795.ienci2024v29n1p23
MOTA A,2023,FOR A CULTURAL HISTORY OF RACE: URGENT REFLECTIONS ON REMOTE AND RECENT TIMES; [POR UMA HISTÓRIA CULTURAL DA RAÇA: REFLEXÕES URGENTES SOBRE TEMPOS REMOTOS E RECENTES],[NO ABSTRACT AVAILABLE],10.1590/1806-93472023V43N94-20
HAYASHI B,2022,METAMORPHOSIS OF THE YELLOW: JAPANESE IMMIGRATION FROM “YELLOW PERIL” TO “RACIAL DEMOCRACY”; [METAMORFOSES DO AMARELO: A IMIGRAÇÃO JAPONESA DO “PERIGO AMARELO” À “DEMOCRACIA RACIAL”],"TAKING THE 1946 CONSTITUENT ASSEMBLY AND THE 1958 LEGISLATIVE SESSION AS LANDMARKS, THIS ARTICLE EXAMINES THE RADICAL TRANSFORMATIONS EXPERIENCED BY JAPANESE IMMIGRANTS AND THEIR DESCENDANTS IN THE FIRST YEARS AFTER WORLD WAR II. WHILE IN 1946, JAPANESE IMMIGRATION WAS NEARLY PROHIBITED CONSTITUTIONALLY, IN 1958 THE FEDERAL LEGISLATURE IS MARKED BY CELEBRATIONS OF THE FIFTIETH ANNIVERSARY OF THIS IMMIGRATION TO BRAZIL. BASED ON THE SPEECHES OF CONGRESSMEN, I AIM TO IDENTIFY HOW AND ON WHAT GROUNDS THEY DREW BOUNDARIES SEPARATING OR NOT THE JAPANESE IMMIGRANTS AND THEIR DESCENDANTS FROM BRAZILIAN NATIONALITY. THE STUDY OF THE LEGISLATIVE BRANCH WILL ALSO ALLOW US TO VERIFY THE CONSEQUENCES OF EACH VISION IN THE CONCRETE PROPOSALS PRESENTED, DISCUSSED AND VOTED IN PARLIAMENT. THE CHANGES IN THE CONCEPTIONS OF RACE AND NATIONALITY THAT DOMINATED THE DEBATES AND DELIBERATIONS IN THE BRAZILIAN FEDERAL LEGISLATURE AT EACH MOMENT WILL BE CENTRAL TO THE UNDERSTANDING OF THE PROCESS. © 2022. ALL RIGHTS RESERVED.",10.1590/3710809/2022
DE AZEVEDO WEIMER R,2021,DID SOMEONE MENTION QUARE THEORY? THINKING RACE AND SEXUALITY FROM NORTH AMERICAN BLACK LGBTQIA+ INTELLECTUALS’ CRITIQUE OF QUEER THEORY; [ALGUÉM FALOU EM TEORIA QUARE? PENSANDO RAÇA E SEXUALIDADE A PARTIR DA CRÍTICA DE INTELECTUAIS LGBTQIA + NEGRES NORTE-AMERICANES À TEORIA QUEER],"THIS ARTICLE DISCUSSES, FROM A PERTINENT BIBLIOGRAPHY, THE WAYS IN WHICH RACIAL ISSUES WERE ANALYZED IN SOME MAIN REFERENCES OF QUEER THEORY. IN A SECOND MOMENT, IT MAPS THE MAIN CRITICISMS MADE BY LGBTQIA+ BLACK AUTHORS TO THAT THEORETICAL STRAND. A CONTRADICTORY MOVEMENT IS PERCEIVED: ON THE ONE HAND, AN EFFORT BY AUTHORS SUCH AS JUDITH BUTLER, AMONG OTHERS, TO EMBRACE RACIAL DISCUSSION IN THEIR WORK AND, ON THE OTHER HAND, A FEELING OF FAILURE INWELCOMING AND CONTEMPLATING BLACK PEOPLE BY QUEER THEORY AND POLITICS IN THE UNITED STATES. ANOTHER PECULIARITY OF THE DEBATE IS THAT, DESPITE THE HETEROGENEITY OF QUEER THEORY, ITS THEORISTS ARE CRITICIZED AS A WHOLE, AND SPECIFIC AUTHORS ARE RARELY EXAMINED WITH DUE CARE. WHITE HOMONORMATIVITY IS DISCUSSED AS AN IMPORTANT OBSTACLE TO THE DIALOGUES AND AS A SOURCE OF MISUNDERSTANDINGS. THE ATTEMPT TO ES RODRIGO DE AZEVEDO WEIMER UMA FONTE DE MAL-ENTENDIDOS. REFERE-SE, AINDA, À TENTATIVA DE SE ESTABELECER UMA TEORIA QUARE ALTERNATIVA. PALAVRAS-CHAVE: TEORIA QUARE; TEORIA QUEER; RACIALIZAÇÃO; INTERSECCIONALIDADE; HOMONORMATIVIDADE. TABLISH AN ALTERNATIVE QUARE THEORY IS ALSO REFERRED TO. © 2021. REVISTA BRASILEIRA DE HISTORIA.ALL RIGHTS RESERVED",10.1590/1806-93472021V41N88-11
SANTANA B;ANDRADE A;MURARO A,2023,"TREND OF INCOMPLETENESS OF MATERNAL SCHOOLING AND RACE/SKIN COLOR VARIABLES HELD ON THE BRAZILIAN LIVE BIRTH INFORMATION SYSTEM, 2012-2020; [TENDÊNCIA DA INCOMPLETUDE DAS VARIÁVEIS ESCOLARIDADE E RAÇA/COR DA PELE DA MÃE NO SISTEMA DE INFORMAÇÕES SOBRE NASCIDOS VIVOS DO BRASIL, 2012-2020]; [TENDENCIA DE INCOMPLETITUD DE LAS VARIABLES ESCOLARIDAD Y RAZA/COLOR DE PIEL MATERNO EN EL SISTEMA DE INFORMACIÓN SOBRE NACIDOS VIVOS EN BRASIL, 2012-2020]","OBJECTIVE: TO ANALYZE THE TREND OF INCOMPLETENESS OF THE MATERNAL SCHOOLING AND RACE/SKIN COLOR VARIABLES HELD ON THE BRAZILIAN LIVE BIRTH INFORMATION SYSTEM (SINASC) BETWEEN 2012 AND 2020. METHODS: THIS WAS AN ECOLOGICAL TIME SERIES STUDY OF THE INCOMPLETENESS OF MATERNAL SCHOOLING AND RACE/SKIN COLOR DATA FOR BRAZIL, ITS REGIONS AND FEDERATIVE UNITS, BY MEANS OF JOINPOINT REGRESSION AND CALCULATION OF ANNUAL PERCENTAGE CHANGE (APC) AND AVERAGE ANNUAL PERCENTAGE CHANGE. RESULTS: A TOTAL OF 26,112,301 BIRTHS WERE REGISTERED IN BRAZIL IN THE PERIOD; INCOMPLETENESS OF MATERNAL SCHOOLING DATA DECREASED FOR BRAZIL (APC =-8.1%) AND THE SOUTHEAST (APC =-19.5%) AND MIDWEST (APC =-17.6%) REGIONS; AS FOR RACE/SKIN COLOR, THERE WAS A DOWNWARD TREND FOR BRAZIL (APC =-8.2%) AND ALL REGIONS, EXCEPT THE NORTHEAST REGION, WHILE NINE FEDERATIVE UNITS AND THE FEDERAL DISTRICT SHOWED A STATIONARY TREND. CONCLUSION: THERE WAS AN IMPROVEMENT IN FILLING OUT THESE VARIABLES ON THE SINASC, BUT WITH REGIONAL DISPARITIES, MAINLY FOR RACE/SKIN COLOR. © 2023, MINISTRY OF HEALTH. ALL RIGHTS RESERVED.",10.1590/S2237-96222023000100013
DE JESUS G;DA COSTA M;DIAS L;FILHO V;DE OLIVEIRA ARAÚJO R;BARROS A;DOS SANTOS ARAÚJO L;SCHRANN M,2023,COLOR/RACE INEQUALITIES IN THE AVAILABILITY OF FACILITIES FOR PHYSICAL ACTIVITIES AND SPORTS IN PUBLIC ELEMENTARY SCHOOLS IN BRAZIL; [DESIGUALDADES DE COR/RAÇA NA DISPONIBILIDADE DE INSTALAÇÕES PARA A PRÁTICA DE ATIVIDADES FÍSICAS E ESPORTES NAS ESCOLAS PÚBLICAS DE EDUCAÇÃO BÁSICA DO BRASIL]; [DESIGUALDADES DE COLOR/RAZA EN LA DISPONIBILIDAD DE INSTALACIONES PARA LA PRÁCTICA DE ACTIVIDADES FÍSICAS Y DEPORTIVAS EN ESCUELAS PÚBLICAS DE EDUCACIÓN BÁSICA EN BRASIL],"THE AIM OF THIS STUDY WAS TO ESTIMATE INEQUALITY IN PHYSICAL ACTIVITY AND SPORTS FACILITIES AT BRAZILIAN PUBLIC ELEMENTARY SCHOOLS, ACCORDING TO PERCENT OF SELF-REPORTED BLACK STUDENTS. OUR RESULTS SHOWED THAT SCHOOLS FROM URBAN OR RURAL AREAS WITH A HIGHER PERCENTAGE OF ENROLLMENTS OF SELF-REPORTED BLACK STUDENTS (>60%) PRESENTED FEWER OUTDOOR COURTYARDS, SPORT COURT INDOOR AND OUTDOOR, PLAYGROUNDS, DANCE STUDIOS, AND MATERIALS FOR SPORTS AND RECREATION. THESE INEQUALITIES ARE A FEATURE OF RACISM, WHICH IS STRUCTURAL IN BRAZILIAN SOCIETY AND INSTITUTIONALIZED IN UNFAVORABLE CONDITIONS FOR ENGAGING IN PHYSICAL ACTIVITY AND SPORTS AT PUBLIC ELEMENTARY SCHOOLS WHERE THERE IS A HIGHER NUMBER OF BLACK STUDENTS. © (2023), (COLEGIO BRASILEIRO DE CIENCIAS DO ESPORTE). ALL RIGHTS RESERVED.",10.1590/rbce.45.e20230029
DA SILVA V;MOURA J,2021,"GIRLS FROM THE SYSTEM: AN INTERSECTIONAL ANALYSIS OF THE PROFILE OF ADOLESCENT GIRLS DEPRIVED OF THEIR FREEDOM IN CEARÁ; [MENINAS ALVO DO SISTEMA: INTERSECÇÕES NECROPOLÍTICAS DE GÊNERO, SEXUALIDADE, RAÇA, TERRITÓRIO E CLASSE NA TRAJETÓRIA DAS ADOLESCENTES PRIVADAS DE LIBERDADE NO CEARÁ]","THIS STUDY AIMS TO ANALYZE THE INFLUENCE OF THE INTERSECTION BETWEEN THE MARKERS OF GENDER, SEXUALITY, RACE, TERRITORY, AND CLASS IN THE TRAJECTORY OF THE PARTNER SCHOOLGIRLS OF A DETENTION CENTER IN CEARÁ. THROUGH A MULTI-METHOD APPROACH, ETHNOGRAPHIC INCURSIONS, APPLICATION OF 61 QUESTIONNAIRES, AND SEMI-STRUCTURED INTERVIEWS WITH 8 INTERLOCUTORS WERE CARRIED OUT. AS A RESULT, IT IS OBSERVED THAT THE PARTNER SCHOOLGIRLS HAVE COMMON CHARACTERISTICS, BEING MOSTLY BLACK; COMING FROM PERIPHERAL REGIONS; WITH DIFFICULTY IN ACCESS TO PUBLIC POLICIES THAT GUARANTEE FUNDAMENTAL RIGHTS; WITH GREATER EXPOSURE TO VIOLENCE FROM THE STATE AND CRIMINAL GANGS. IT IS SUGGESTED THAT MARKERS THAT ARE HISTORICALLY AND SOCIALLY USED FOR DISCRIMINATORY PRACTICES CONTRIBUTE TO THE CONSTRUCTION OF A TARGET PROFILE FOR INCARCERATION AND THE CRIMINALIZATION OF BEHAVIORS OF BLACK GIRLS LIVING IN PERIPHERAL TERRITORIES. © CREATIVE COMMONS ATRIBUIÇÃO-NÃO COMERCIAL 4.0 INTERNACIONAL",10.18542/rmi.v15i24.10099
BONILLA-MEDINA S;FINARDI K,2022,CRITICAL RACE AND DECOLONIAL THEORY INTERSECTIONS TO UNDERSTAND THE CONTEXT OF ELT IN THE GLOBAL SOUTH; [INTERSECTIONS DES THÉORIES DÉCOLONIALE ET CRITIQUE DE LA RACE POUR COMPRENDRE LE CONTEXTE DE L’ENSEIGNEMENT D’ANGLAIS AU SUD GLOBAL]; [INTERSEÇÕES DAS TEORIAS DECOLONIAL E CRÍTICA DA RAÇA PARA ENTENDER O CONTEXTO DO ENSINO DO INGLÊS NO SUL GLOBAL]; [INTERSECCIONES DE LAS TEORÍAS DECOLONIAL Y CRÍTICA DE LA RAZA PARA ENTENDER EL CONTEXTO DE LA ENSEÑANZA DEL INGLÉS EN EL SUR GLOBAL],"CRITICAL RACE THEORY (CRT) QUESTIONS SOCIAL PRACTICES THAT HAVE PERPETUATED DISCRIMINATION AND SOCIAL INEQUALITY. DECOLONIAL STUDIES COINCIDE WITH THESE EFFORTS TO DERACIALISE ELT PRACTICES, EXPLAINING RACIALISATION AS DOMINANT STRUCTURES CONSTITUTED IN WHITENESS-CENTRED PRACTICES THAT SITUATE SOME IN DISADVANTAGE (USUALLY NON-WHITE) WHILE PRIVILEGING OTHERS (USUALLY WHITE). IN THE CONTEXT OF ENGLISH LANGUAGE TEACHING (ELT), THAT COLONISATION/RACIALISATION CAN TAKE THE FORM OF SOME HIERARCHISATION OF ENGLISH NATIVE SPEAKERS FROM THE GLOBAL NORTH WHILE OTHERISING NON-NATIVE SPEAKERS OF ENGLISH AND NATIVE SPEAKERS OF ENGLISH FROM THE GLOBAL SOUTH. THEREFORE, COLONIALITY/RACIALISATION ARE USEFUL TERMS TO EXPLAIN PRACTICES THAT VALUE FOREIGN OVER LOCAL IDENTITIES ALIENATING REGIONAL/LOCAL VIEWS AND LANGUAGES. IN THIS ARTICLE, THE LINKS BETWEEN CRT AND DECOLONIAL THEORIES ARE EXPLORED AND COLONISATION/RACIALISATION OF ELT ARE APPROACHED THROUGH THE ANALYSIS OF MACRO AND MICRO PRACTICES DEVELOPED IN TWO PUBLIC UNIVERSITIES, ONE IN COLOMBIA AND ONE IN BRAZIL. THE AIM IS TO DISRUPT THOSE PRACTICES BY MAKING EVIDENT DECOLONISATION/DERACIALISATION EFFORTS IN UNDERGRADUATE AND GRADUATE STUDENTS’ PROPOSALS © UNIVERSIDAD DE ANTIOQUIA, 2022. THIS IS AN OPEN ACCESS ARTICLE, DISTRIBUTED IN COMPLIANCE WITH THE TERMS OF THE CREATIVE COMMONS LICENSE BY-NC-SA 4.0 INTERNATIONAL",10.17533/udea.ikala.v27n3a13
LOPES P;HIGA L,2024,"DO GENDER, CLASS, AND RACE HAVE DISABILITY? ASIAN-BRAZILIAN HISTORIES AND ACTIVISMS; [GÊNERO, CLASSE E RAÇA TÊM DEFICIÊNCIA? HISTÓRIAS E ATIVISMOS ASIÁTICO-BRASILEIROS]; [¿GÉNERO, CLASE Y RAZA TIENEN DISCAPACIDAD? HISTORIAS Y ACTIVISMOS ASIÁTICO-BRASILEÑOS]","IN THIS TEXT, WE PROPOSE A CROSS-INTERVENTION BETWEEN THE FIELD OF DISABILITY STUDIES AND ASIAN-BRAZILIAN HISTORIES AND ACTIVISM. TO DO SO, WE FOLLOWED THE PATH BELOW: WE RESCUED DEBATES ABOUT RACE, CLASS, AND GENDER IN WORKS WITH INTERSECTIONALITY AND SOCIAL MARKERS OF DIFFERENCE; WE RESUME ARTICULATIONS BETWEEN CLASS, GENDER AND RACE IN THE FIELD OF STUDIES WITH DISABILITIES; WE ARGUE FOR THE PERTINENCE OF DISABILITY AS AN INTERSECTIONAL CATEGORY; AND WE PRESENT AND DISCUSS SOME SCENES OF ASIAN BRAZILIAN ACTIVISM, IN DIALOGUE WITH THE NOTIONS OF DISABILITY AND CAPACITY AS KEYS TO ANALYSIS. © (2024), (UNIVERSIDADE FEDERAL DE SANTA CATARINA). ALL RIGHTS RESERVED.",10.1590/1806-9584-2024v32n3101151
TREVELIN G,2024,NOTION OF MOBILITY IN LAFONT: PORTRAIT OF A BLACK WOMAN IN THE WEST AS AN EXTERNALIZATION OF AFRICANITY; [NOÇÃO DE MOBILIDADE EM LAFONT: RETRATO DE UMA MULHER NEGRA NO OCIDENTE COMO EXTERNALIZAÇÃO DA AFRICANIDADE],"QUANDO NOS ATENTAMOS ÀS OBRAS ARTÍSTICAS COMO POSSIBILIDADES DE NARRAR A HISTÓRIA, PENSAR NAS RELAÇÕES DE GÊNERO QUE ESTÃO ENTRELAÇADAS A ESTES DISCURSOS É UM IMPORTANTE CAMINHO CRÍTICO PARA COMPREENDER A SOCIEDADE EM QUE VIVEMOS. ESSA CONCEPÇÃO PODE AINDA TOMAR OUTRA DIMENSÃO QUANDO REFLETIMOS SOBRE AS PRESENÇAS E AUSÊNCIAS DE CORPOS NEGROS NAS PRINCIPAIS OBRAS QUE REFERENCIAM A EXISTÊNCIA SOCIAL, E ESTE FATOR PERPASSA TAMBÉM PELAS ESCOLHAS DE GRANDES INSTITUIÇÕES, LUGARES DE MEMÓRIAS: MUSEUS, EXPOSIÇÕES E MONUMENTOS PÚBLICOS. PARTINDO DESSE PRINCÍPIO, O LIVRO DE ANNE LAFONT, UNE AFRICAINE AU LOUVRE EN 1800: LA PLACE DU MODÈLE [UMA AFRICANA NO LOUVRE] (2022), MOTIVO DESTA RESENHA, NOS PROPÕE ALGUMAS IMPORTANTES REFLEXÕES A RESPEITO DA TEMÁTICA. A AUTORA É UMA HISTORIADORA DA ARTE FRANCESA, PESQUISADORA E PROFESSORA NA ÉCOLE DES HAUTES ÉTUDES EN SCIENCES SOCIALES, EM PARIS. COM ALGUNS PROJETOS NA ÁREA DE HISTÓRIA DA ARTE, TAMBÉM É RECONHECIDA POR SEU LIVRO L’ART ET LA RACE. L’AFRICAIN (TOUT) CONTRE L’OEIL DES LUIMÈRES [A ARTE E A RAÇA – O AFRICANO DE (E AO) ENCONTRO DO OLHAR ILUMINISTA] (2019), QUE PENSA O LUGAR DE CORPOS NEGROS NA ARTE OCIDENTAL COMO TAMBÉM SUJEITOS DE POSIÇÃO ATIVA NAS CONSTRUÇÕES DE SUAS IMAGENS. ASSIM, UMA AFRICANA NO LOUVRE SURGE COMO ADAPTAÇÃO DE UMA CONFERÊNCIA MINISTRADA NO INSTITUTO WARBURG, EM LONDRES, NO DIA 24 DE JANEIRO DE 2018, QUE TOMA FORMA TAMBÉM A PARTIR DE SUAS PESQUISAS A RESPEITO DA ARTE FRANCESA DOS SÉCULOS XVIII E XIX EM SUA LIGAÇÃO COM O MUNDO ATLÂNTICO. COM ISSO, A AUTORA SENTIU A NECESSIDADE DE DEDICAR AO QUADRO PORTRAIT D’UNE FEMME NOIRE [RETRATO DE UMA MULHER © 2024 FEDERAL UNIVERSITY OF FRONTEIRA SUL. ALL RIGHTS RESERVED.",10.36661/2238-9717.2024n43.14133
PINTO C,2022,"IMAGINED HOMELAND: NATIONALISM, RACE AND HUMAN RIGHTS IN ""MEDITAÇÃO"" BY GONÇALVES DIAS; [PÁTRIA IMAGINADA: NACIONALISMO, RAÇA E DIREITOS HUMANOS EM ""MEDITAÇÃO"" DE GONÇALVES DIAS]","IN BRAZILIAN ROMANTICISM, THE INDIANIST IDEOLOGY IS OFTEN ASSOCIATED WITH THE ATTEMPT BY THE INTELLECTUALS OF THE TIME TO CREATE A THEME OF LOCAL AND NATIONALIST COLOR IN THE LITERATURE OF THE PERIOD, AS WELL AS THE CONVENIENCE OF AVOIDING CONFRONTATION IN THE LITERARY SPACE WITH THE FIGURE OF THE SLAVE OF AFRICAN ORIGIN, SO PRESENT IN THE URBAN AND RURAL SCENARIOS OF 19TH CENTURY BRAZIL. IN THIS CONTEXT, THE PROSE POEM ""MEDITAÇÃO"" BY GONÇALVES DIAS, PARTIALLY PUBLISHED IN 1850 IN THE MAGAZINE GUANABARA, AND FULLY PUBLISHED IN 1868, IN THE POSTHUMOUS COMPILATION OF HIS LITERARY WORK, DRAWS ATTENTION FOR CRITICALLY DEALING WITH SLAVERY IN A MOMENT HISTORY IN WHICH THIS WAS NOT COMMON AND BECAUSE IT WAS WRITTEN BY ONE OF THE BRAZILIAN INDIANIST POETS. THIS ARTICLE EXAMINES HOW THE AUTHOR APPROACHES SLAVERY IN ""MEDITAÇÃO"", IN DIALOGUE WITH THE WORK OF ALFREDO BOSI, WILTON JOSÉ MARQUES, AND ROBERTO SCHWARZ. THE OBJECTIVE IS TO APPROACH THE SIMILARITIES AND DIFFERENCES OF ""MEDITAÇÃO"" WITH THE LITERARY PRODUCTION OF THE THIRD GENERATION OF BRAZILIAN ROMANTICISM, MARKED BY SOCIAL CONCERN, WHICH IS EXPLICIT IN CASTRO ALVES'S POEMS, IN ADDITION TO ASPECTS OF THE CONSTRUCTION OF NATIONALITY IN THE TEXT. WE HOPE TO BUILD A HYPOTHESIS ABOUT THE FORGETFULNESS IN WHICH THE TEXT FELL IN THE BODY OF GONÇALVES DIAS'S WORK, AS WELL AS ABOUT THE ROLE THAT IT CURRENTLY HAS IN THE SET OF BRAZILIAN ROMANTIC LITERATURE. © 2022 AUTHORS. ALL RIGHTS RESERVED.",10.22456/1981-4526.119643
PEREIRA B;SIQUEIRA J,2022, EFFECTS OF THE RESEARCHER’S RACE/COLOR AND GENDER ON EMPIRICAL RESEARCH: IMPACTS ON THE RACIAL CLASSIFICATION OF SURVEY RESPONDENTS; [EFEITOS DA RAÇA/COR E GÊNERO DA PESQUISADORA OU DO PESQUISADOR NA PESQUISA EMPÍRICA: IMPACTOS NA CLASSIFICAÇÃO RACIAL DE RESPONDENTES DE UM SURVEY],"THIS ARTICLE ADDRESSES THE IMPACTS OF THE RESEARCHER’S RACE/COLOR OR GENDER ON THE SELFDECLARED RACE/COLOR OF RESEARCH PARTICIPANTS. IN ORDER TO ANALYZE THE PHENOMENON, WE CONSIDER THE RESPONSES TO A SURVEY AND PERCEPTIONS OF THE RESEARCHERS WHO APPLIED THE SURVEY IN 2019 AS PART OF THE RESEARCH PROJECT RACIAL PERCEPTIONS IN THE FEDERAL DISTRICT. WE EMPLOY QUALITATIVE METHODS – BRIEF REPORTS FROM THE INTERVIEWERS – AND QUANTITATIVE METHODS. THE RESULTS SUGGEST THE EXISTENCE OF A COMPLEX EFFECT OF BOTH THE RACE/COLOR OF THE RESEARCHERS AND THEIR GENDER IN THE WAY THE INTERVIEWEES DESIGNATE THEIR RACE/COLOR. WE PRESENT SOME PROVISIONAL HYPOTHESES TO EXPLAIN THE DIFFERENCES FOUND, THE INVESTIGATION OF WHICH WILL DEPEND ON NEW RESEARCH TO STUDIES © 2022, SOCIOLOGIA.ALL RIGHTS RESERVED.",10.1590/18070337-114265
DÉUS F,2024,LOUIS-JOSEPH JANVIER AND “THE DETRACTORS OF THE BLACK RACE”: AN ANTHROPOLOGICAL CRITIQUE; [LOUIS-JOSEPH JANVIER & “OS DETRATORES DA RAÇA NEGRA”: CRÍTICA ANTROPOLÓGICA],"IDEAS OF HIERARCHY, INFERIORITY AND RACIAL INEQUALITY PREDOMINATED IN THE WORK OF CERTAIN EUROPEAN INTELLECTUALS OF THE 18TH AND 19TH CENTURIES ON THE IDEA OF ‘RACES’. THE SOCIÉTÉ D’ETHNOLOGIE DE PARIS (SEP) AND THE SOCIÉTÉ D’ANTHROPOLOGIE DE PARIS (SAP) ARE TWO FRENCH INSTITUTIONS THAT HAD INTELLECTUALS WHO PARTICIPATED IN THE CONSOLIDATION OF THESE CONCEPTIONS. SINCE THE 18TH CENTURY THERE HAVE BEEN CRITICISM BY BLACK INTELLECTUALS; HOWEVER, WITH THE EMERGENCE OF THE FIRST BLACK REPUBLIC OF THE MODERN ERA IN HAITI, THESE CRITICISMS GAINED NEW CONTOURS. MANY HAITIAN INTELLECTUALS IN THE FIRST AND SECOND HALF OF THE 19TH CENTURY DEDICATED THEMSELVES TO COMBATING HIERARCHICAL WAYS OF THINKING, DEMONSTRATING THEIR INCONSISTENCIES. IN THIS ARTICLE, BASED ON BIBLIOGRAPHICAL RESEARCH, WE CONSIDER THE ANTHROPOLOGICAL WORK OF THE HAITIAN LOUIS-JOSEPH JANVIER (1855-1911), HIGHLIGHTING HIS CONTRIBUTION TO STRUGGLES TOWARD DECONSTRUCTING THE IMAGINARY OF RACIAL INFERIORITY ATTRIBUTED TO BLACK PEOPLE AND USED TO LEGITIMIZE THEIR DOMINATION AND EXPLOITATION. DISCUSSING THE RACIAL ISSUE IN JANVIER’S THINKING IS RELEVANT AS IT CONTINUES TO BE A DILEMMA AND A CHALLENGE IN THE CONTEMPORARY WORLD. © 2024, BRAZILIAN ANTHROPOLOGY ASSOCIATION. ALL RIGHTS RESERVED.",10.1590/1809-43412024v21d505
DOS SANTOS E;BARBOSA I;DE MORAES J;FRANÇA A;DOMINGUES C;TEIXEIRA M;BEZERRA H;DE MEDEIROS N;ARAÚJO M;FERNANDES F;ALEXANDRINO A;BEZERRA R;DA SILVA A;RAMOS A;OLIVEIRA A;BOING A;DE OLIVEIRA C;MACIEL E;GUIBU I;BARBOSA I;BARBOSA J;LIMA J;LUHM K;CAETANO K;LIMA L;ANTUNES M;TEIXEIRA M;BORGES M;QUEIROZ R;GURGEL R;BARATA R;DE AZEVEDO R;DE OLIVEIRA S;TELES S;DA GAMA S;MENGUE S;SIMÕES T;NASCIMENTO V;DE ARAÚJO W,2024,"VACCINATION COVERAGE ACCORDING TO RACE OR SKIN COLOR IN CHILDREN BORN IN 2017-2018 IN NATAL, RIO GRANDE DO NORTE, BRAZIL: A POPULATION SURVEY; [COBERTURA VACINAL DE ACORDO COM O QUESITO RAÇA/COR DA PELE EM CRIANÇAS NASCIDAS EM 2017-2018 EM NATAL, RIO GRANDE DO NORTE: INQUÉRITO POPULACIONAL]; [COBERTURA DE VACUNACIÓN SEGÚN COLOR DE PIEL EN NIÑOS NACIDOS EN 2017-2018 EN NATAL, RIO GRANDE DO NORTE: ENCUESTA POBLACIONAL]","OBJECTIVE: TO ANALYZE VACCINATION COVERAGE UP TO 24 MONTHS OF AGE ACCORDING TO RACE/ SKIN COLOR IN THE 2017-2018 LIVE BIRTH COHORT IN NATAL, RIO GRANDE DO NORTE, BRAZIL. METHODS: POPULATION-BASED SURVEY CONDUCTED IN 2020 AND 2021. VACCINATION COVERAGE UP TO 24 MONTHS OF AGE WAS ESTIMATED ACCORDING TO ADMINISTERED, VALID AND TIMELY DOSES. CRUDE ASSOCIATION OF RACE/SKIN COLOR WAS ESTIMATED BY CALCULATING THE CRUDE PREVALENCE RATIO AND RESPECTIVE 95% CONFIDENCE INTERVALS, USING POISSON REGRESSION. RESULTS: OF THE 688 CHILDREN IN THE SELECTED COHORT, THERE WAS GREATER COVERAGE AMONG BLACK CHILDREN FOR ADMINISTERED DOSES (WHITE 30.5%; BLACK 47.8%; 95%CI) AND VALID DOSES (WHITE 25.8%; BLACK 40.1%; 95%CI), ALTHOUGH WITHOUT STATISTICAL SIGNIFICANCE, AND LOWER COVERAGE FOR TIMELY DOSES, IN THE FULL SCHEDULE EXCLUDING YELLOW FEVER (PR = 0.21; 95%CI 0.04;0.90). CONCLUSION: THERE WAS LOWER TIMELY COVERAGE AMONG BLACK CHILDREN COMPARED TO WHITE CHILDREN. © 2024, MINISTRY OF HEALTH. ALL RIGHTS RESERVED.",10.1590/S2237-96222024v33e20231310.especial2.en
NASCIMENTO D,2024,ARCHAEOLOGY WITH POPCORN: GENDER AND RACE CONSTRUCTION IN CINEMA; [ARQUEOLOGIA COM PIPOCA: CONSTRUÇÕES DE GÊNERO E RAÇA NO CINEMA]; [ARQUEOLOGÍA CON PALOMITAS: CONSTRUCCIONES DE GÉNERO Y RAZA EN EL CINE],"THIS ARTICLE ANALYZES, FROM AN ANTHROPOLOGICAL AND ARCHAEOLOGICAL POINT OF VIEW, THE IMAGE OF ARCHEOLOGY, ITS CONSTRUCTIONS AND REPRESENTATIONS IN CINEMATOGRAPHIC PRODUCTIONS. IT IS IMPORTANT TO REALIZE THAT CINEMA IS AN ABSURDLY DISCURSIVE ART; IN THIS WAY, DISCOURSES ARE CONSTITUTED, ABOVE ALL, IN INFERENCES. THE ARTISTIC PERCEPTION DEPENDS ON THE CULTURAL BACKGROUND OF EACH SPECTATOR. IN MY CLIPPING OF THIS FIELD OF INVESTIGATION, I WAS GUIDED BY THE COMPOSITION OF THE IMAGES POINTED OUT IN THE MOVIES ON THE NETFLIX DIGITAL PLATFORM, WHICH RECEIVED THIS FOCUS DUE TO BEING THE STREAMING WITH THE GREATEST ACCESS TODAY. TO THIS END, I CLASSIFIED THE TITLES QUANTITATIVELY BY ORDER OF PRODUCTION; THEN, FROM THE FILMIC ANALYSIS, I OBSERVED THE ALLEGORY BY REPETITION TO FINALLY REFUSE THE JUDGMENTAL POSITION OF A WHITE AND HOMOGENEOUS ARCHEOLOGY. IN THIS WAY, I INTEND TO ENCOURAGE DISCUSSIONS ABOUT NARRATIVES THAT DO NOT SPEAK ONLY OF ARCHEOLOGY, BUT OF GENDER RELATIONS, RACE, DIVERSITY, AMONG OTHERS. I AIM TO SHOW THAT, IN THE SEVENTH ART, THE PLOTS, IMAGES, SPEECHES, AND SILENCES CONTRIBUTE TO STRUCTURAL RACISM AND THE INVISIBILITY OF GENDER IN THE CONSTRUCT OF ARCHEOLOGY AS AN ACADEMIC DISCIPLINE, NATURALIZING PLACES OF POWER AND BEING PART OF OUR VISION OF THE WORLD BEYOND THE CINEMA SCREENS. © 2024, SOCIEDADE DE ARQUEOLOGIA BRASILEIRA. ALL RIGHTS RESERVED.",10.24885/sab.v37i2.1142
RAMOS I;DA SILVA A;PANTOJA G,2022,GENDER AND RACE: A STUDY OF SELF-EFFICACY IN PHYSICS AMONG UNIVERSITY STUDENTS; [GENRE ET RACE: UNE ÉTUDE SUR L’AUTO-EFFICACITÉ DES ÉTUDIANTS EN PHYSIQUE]; [GÊNERO E RAÇA: UM ESTUDO SOBRE AUTOEFICÁCIA EM FÍSICA DE ALUNOS UNIVERSITÁRIOS]; [GÉNERO Y RAZA: UN ESTUDIO SOBRE LA AUTOEFICACIA EN FÍSICA DE ESTUDIANTES UNIVERSITARIOS],"SELF-EFFICACY BELIEFS HAVE RECENTLY BEEN INVESTIGATED IN STUDIES OF PHYSICS TEACHING, AND ARE RELEVANT FOR STUDYING THE SELF-EVALUATION OF INDIVIDUALS ON PERCEIVED PERFORMANCE IN SPECIFIC TASKS. WE CONDUCTED AN EXPLORATORY STUDY WITH 170 STUDENTS FROM THE UNIVERSIDADE FEDERAL DO OESTE DO PARÁ, IN WHICH THEY WERE ASKED TO RESPOND TO THE FOLLOWING QUESTION: “HOW DOES SELF-EFFICACY, IN PHYSICS, OF STUDENTS FROM THE UNIVERSIDADE FEDERAL DO OESTE DO PARÁ VARY IN THE DIMENSIONS OF GENDER IDENTITY AND RACE/COLOR?”. RESULTS OF APPLYING THE SOURCES OF SELF-EFFICACY IN SCIENCE COURSES QUESTIONNAIRE, TRANSLATED BY US INTO PORTUGUESE AND REVALIDATED WITH Α = 0.94, INDICATE MODERATE MEAN DIFFERENCES IN SELF-EFFICACY IN PHYSICS, IN FAVOR OF MEN, WITH THESE VARIATIONS ASSOCIATED MAINLY WITH THE SOURCE OF VICARIOUS EXPERIENCE. © 2022, FUNDACAO CARLOS CHAGAS. ALL RIGHTS RESERVED.",10.1590/198053148465
FERREIRA L,2022,RAILROAD AND MEMORY: THE COMPANHIA PAULISTA UNDER THE CRITERIA OF RACE AND CLASS BETWEEN 1930 AND 1970; [FERROVIA E MEMÓRIA: A COMPANHIA PAULISTA PELO CRIVO DE RAÇA E CLASSE ENTRE 1930 E 1970]; [FERROCARRIL Y MEMORIA: LA COMPANHIA PAULISTA BAJO EL CRITERIO DE RAZA Y CLASE ENTRE 1930 Y 1970],"OBJECTIVE/CONTEXT: THIS PAPER IS THE RESULT OF A DOCTORAL RESEARCH THAT SOUGHT TO ANALYZE THE TRAJECTORIES OF BLACK AND WHITE RAILROAD WORKERS IN THE INTERIOR OF THE STATE OF SÃO PAULO, BRAZIL, IN THE CITIES OF RIO CLARO, SÃO CARLOS, AND ARARAQUARA BETWEEN 1930 AND 1970. THE RESEARCH FOCUSED ON A READING OF HOW RAILROAD COMPANIES IN THE 20TH CENTURY, IN ADDITION TO INTERCONNECTING REGIONS AND BRINGING WORKERS OF DIFFERENT RACES CLOSER TOGETHER, INFLUENCED THEIR ASCENSION AND MOBILITY IN THE ECONOMIC, POLITICAL, SOCIAL, AND CULTURAL FIELDS IN RELATION TO OTHER WORKERS OF THE PERIOD. IT AIMED TO ANALYZE THE TRAJECTORIES AND MEMORIES OF THESE WORKERS, TO UNDERSTAND HOW BLACK AND WHITE WORKERS RELATED TO EACH OTHER CONSIDERING RACE AND CLASS ISSUES. METHODOLOGY: BASED ON THE METHODOLOGICAL CONCEPTS OF MEMORY AND ORAL HISTORY, APPROXIMATELY 75 FORMER COMPANHIA PAULISTA RAILWAY WORKERS WERE INTERVIEWED. DIRECT AND INDIRECT DOCUMENTARY SOURCES SUCH AS BOOKS, ARTICLES, PERIOD NEWSPAPERS, AND OTHER PRINTED MATERIALS WERE ALSO USED IN THE RESEARCH. ORIGINALITY: THE ARTICLE ADVANCES THE ANALYSES PRESENTED IN TERMS OF POSSIBLE INTERSECTIONS IMPREGNATED BY ORAL HISTORY UNDER THE CRITERION OF ETHNICITY AND THEIR POSITION OCCUPIED IN THE WORLD OF WORK. CONCLUSIONS: THE IDEA OF A RAILWAY FAMILY WAS ADAPTED TO THE MYTH OF RACIAL DEMOCRACY, IN ITS DOUBLE MEANING: ALTHOUGH INTERNAL CONFLICTS MAY EXIST, RECOGNITION AS RAILWAY WORKERS OPENED THE WAY FOR ALL OF THE WORKERS IN THE ENVIRONMENT OUTSIDE OF WORK. THE AMBIGUITY BETWEEN COLOR AND CLASS COEXISTED IN THE TRAJECTORY OF THE INTERVIEWEES AS A RELATIONSHIP OF IMPLICATION, NOT OF CAUSALITY. THE REDUCTION OF DISTANCES BY MEANS OF INFORMAL COHABITATION HAD AN EMOTIONAL BACKGROUND THAT WAS PRESENT EVEN IN THOSE RELATIONSHIPS THAT WOULD BE MORE CHARACTERISTICALLY IMPERSONAL. THE FETISH OF EQUALITY AMONG RAILROAD WORKERS FUNCTIONED AS A MEDIATOR IN CLASS RELATIONS, WHICH CONTRIBUTED TO THE FACT THAT CONFLICTIVE SITUATIONS FREQUENTLY DID NOT RESULT IN FACTUAL CONFLICTS, BUT IN CONCILIATIONS WITHIN THE RAILROAD COMPANY. © 2022, UNIVERSIDAD DE LOS ANDES, BOGOTA COLOMBIA. ALL RIGHTS RESERVED.",10.7440/histcrit84.2022.03
DOS ANJOS J;VIEIRA M,2022,GENDER AND RACE: SOUTHERN TRANSITS IN PERSPECTIVE; [GÊNERO E RAÇA: TRÂNSITOS DO SUL EM PERSPECTIVA],"ACADEMIC COOPERATION WITH AFRICAN COUNTRIES WAS ENHANCED BY CALLS FOR PROPOSALS AIMED AT THE INTERNATIONALIZATION OF BRAZILIAN UNIVERSITIES, ESPECIALLY FROM THE MID-2000S ONWARDS. THIS PROCESS PROMOTED THE ESTABLISHMENT OF INTERNATIONAL RESEARCH NETWORKS AND COLLABORATION BETWEEN BRAZILIAN AND AFRICAN GRADUATES, ESPECIALLY WITH PORTUGUESE-SPEAKING COUNTRIES. THIS DOSSIER IS AN OUTCOME OF THIS PROCESS, PRESENTING CAPE VERDEAN STUDIES, IN DIALOGUE WITH LATIN AMERICAN RESEARCH AND PERSPECTIVES. THE DOSSIER BRINGS TOGETHER A SET OF TEXTS THAT INTERWEAVE SOME TRENDS IN FEMINISMS OF THE GLOBAL SOUTH WITH DISCUSSIONS ON THE RELATIONSHIP BETWEEN COLONIALISM AND MISCEGENATION. THESE DIFFERENT STUDIES POINT TO UNUSUAL POSSIBILITIES OF REFLECTING ON MODERNITY FROM THE POINT OF VIEW OF POWERFUL DISRUPTIVE FEMINISMS THAT EMERGE FROM THE EXPERIENCES OF THE AFRICAN GLOBAL SOUTH. © 2022. SOCIOLOGIAS. ALL RIGHTS RESERVED.",10.1590/15174522-124273
COSTA B;DE LIMA BRANDÃO L,2024,"HIGH TAXES FOR WHOM? AN EXAMINATION OF INEQUALITY IN STATE TAXATION BY INCOME, GENDER, AND RACE; [IMPOSTO ALTO PARA QUEM? UMA ANÁLISE DA DESIGUALDADE NA TRIBUTAÇÃO ESTADUAL A PARTIR DE RENDA, GÊNERO E RAÇA]","INTRODUCTION: THE BRAZILIAN TAX STRUCTURE EMBODIES A CONSERVATIVE FACET OF THE SOCIAL PACT ESTABLISHED BY THE 1988 CONSTITUTION. THIS ARTICLE EXAMINES THE EFFECTS OF TWO SPECIFIC TAXES, THE ICMS (TAX ON SALES OF GOODS AND SERVICES) AND THE IPVA (TAX ON VEHICLE OWNERSHIP), ON INCOME DISTRIBUTION IN BRAZIL. MATERIALS AND METHODS: DRAWING ON DATA FROM THE 2017–2018 FAMILY BUDGET SURVEY, OUR STUDY ESTIMATED THE ANNUAL EXPENDITURE ON ICMS AND IPVA FOR EACH FAMILY. WE THEN CALCULATED THE PERCENTAGE SPENT ON THESE TAXES BY EACH INCOME DECILE, AS WELL AS BY THE GENDER AND RACE OF THE REFERENCE PERSON, AND BY FAMILY COMPOSITION. ADDITIONALLY, WE CALCULATED THE LERMAN-YITZHAKI PROGRESSIVITY INDEX TO ASSESS THE DEGREE OF REGRESSIVITY OF THESE TWO TAXES INDIVIDUALLY AND COLLECTIVELY. RESULTS: OUR FINDINGS REVEALED A HIGH REGRESSIVITY OF THE ICMS AND A RELATIVE PROPORTIONALITY OF THE IPVA WHEN EXAMINING THE ENTIRE POPULATION, AND REGRESSIVITY WHEN CONSIDERING ONLY PAYING FAMILIES. THIS REGRESSIVITY WAS OBSERVED ACROSS BOTH VERTICAL (INCOME LEVELS) AND HORIZONTAL (GENDER AND RACE) EQUITY DIMENSIONS. DISCUSSION: THE STATE-LEVEL TAXATION SYSTEM DISPROPORTIONATELY AFFECTS THE MOST ECONOMICALLY VULNERABLE PEOPLE, BLACK INDIVIDUALS, AND SINGLE MOTHERS DUE TO THE INDIRECT NATURE AND RATES OF THESE TAXES. THIS IMPACT IS EXACERBATED BY THE SPENDING PATTERNS AND PRODUCT CHOICES OF THESE VULNERABLE GROUPS. DESPITE EFFORTS TO ALLEVIATE THIS TAX REGRESSIVITY, MEANINGFUL PROGRESS CAN ONLY BE ACHIEVED BY REBALANCING THE RELATIONSHIP BETWEEN DIRECT AND INDIRECT TAXES AND BY EFFECTIVELY INCORPORATING CONSIDERATIONS OF GENDER AND RACE INTO TAX POLICIES. THIS IS AN OPEN ACCESS ARTICLE DISTRIBUTED UNDER THE TERMS OF THE CREATIVE COMMONS ATTRIBUTION LICENSE, WHICH PERMITS UNRESTRICTED USE, DISTRIBUTION, AND REPRODUCTION IN ANY MEDIUM, PROVIDED THE ORIGINAL WORK IS PROPERLY CITED.",10.1590/1678-98732432E004
DE CARVALHO BATISTA J,2021,"BOTH RESISTANCE AS SURRENDER: RACE, SLAVERY AND POST-EMANCIPATION WITHIN THE AFRO-BRAZILIAN RELIGIONS.; [TANTO RESISTÊNCIA QUANTO RENDIÇÃO: RAÇA, ESCRAVIDÃO E PÓS-EMANCIPAÇÃO NAS RELIGIÕES DE MATRIZ AFRICANA.]; [RESISTENCIA Y RENDICIÓN: RAZA, ESCLAVITUD Y POST-EMANCIPACIÓN EN LAS RELIGIONES AFROBRASILEÑAS.]","THIS WORK AIMS TO PRESENT SOME PERSPECTIVES ABOUT SEVERAL PRACTICES WHO SUGGESTS FORMS OF MEMORY OF THE SLAVERY AND HOW THIS MEMORY IS PERCEIVED AMONG ADHERENTS OF AFRO-BRAZILIAN RELIGIONS, UMBANDA AND CANDOMBLÉ. MEMORY IS A SOCIAL CONSTRUCTION AND PEOPLE APPROPRIATE THOSE ELABORATIONS TO GUIDE THEIR ACTIONS OR DISCOURSES ABOUT PAST OR PRESENT. AT UMBANDA THE WORSHIP OF ""PRETOS-VELHOS"" SUGGESTS A PARTICULAR FORM OF MEMORY OF SLAVERY, POINTING TO FO RMS OF SUBMISSION AND VIOLENCE, AS WELL AS THE CORPORAL MARKS OF SLAVERY, EXPERIENCED THROUGH THE RELIGIOUS TRANCE OF THE “PRETOS-VELHOS”. AT CANDOMBLÉ, SLAVERY IS PERCEIVED AS A VACUUM OR HISTORICAL GAP, A REQUIREMENT OF THE RELIGIOUS INITIATION. SLAVERY IS REMEMBERED TO BE FORGOTTEN AS A STATE OF SENSE DEPRIVATION, WHO ARE RETAKEN BY THE CONCLUSION OF THE INITIATION PROCESS. © 2021 STATE UNIVERSITY OF MARINGA. ALL RIGHTS RESERVED.",10.4025/dialogos.v25i3.60113
KYRILLOS G,2024,INTERSECTIONALITY: PROPOSAL FOR A PROVISIONAL THEORETICAL MAP; [INTERSECCIONALIDADE: PROPOSTA DE UM MAPA TEÓRICO PROVISÓRIO]; [INTERSECCIONALIDAD: PROPUESTA DE UN MAPA TEÓRICO PROVISORIO],"THIS ARTICLE IS THE RESULT OF THE EFFORT TO CONSTRUCT A THEORETICAL FRAMEWORK TO UNDERSTAND AND DELVE INTO THE MEANINGS OF INTERSECTIONALITY. THE TEXT INCLUDES A LITERATURE REVIEW AND IS STRUCTURED AROUND THREE FUNDAMENTAL ELEMENTS: (1) THE HISTORY PRIOR TO THE EMERGENCE OF THE CONCEPT, (2) SOME COMPLEX FORMS OF UNDERSTANDING WHAT INTERSECTIONALITY IS, AND (3) SOCIAL JUSTICE AS A FOUNDATIONAL AND NON-NEGOTIABLE ELEMENT OF ANY STRATEGY ARISING FROM INTERSECTIONALITY. IT IS A PROVISIONAL, SITUATED, AND OPEN MAP THAT AIMS TO ADD TO OTHER PARTICULAR CONCEPTIONS OF INTERSECTIONALITY AND CONTRIBUTE TO THE COLLECTIVE CONSTRUCTION OF ITS MEANING, CRITICIZING ITS USE AS AN ACADEMIC FAD OR EMPTIED OF ITS EMANCIPATORY POLITICAL COMMITMENT. © (2024), (UNIVERSIDADE FEDERAL DE SANTA CATARINA). ALL RIGHTS RESERVED.",10.1590/1806-9584-2024v32n290290
VIANA I,2023,"“TRIPLE USE” OF BLACK FEMALE BODIES: GENDER, RACE, ABUSE AND SLAVERY – RIO DE JANEIRO, 19TH CENTURY; [“TRÍPLICE UTILIZAÇÃO” DOS CORPOS NEGROS FEMININOS: GÊNERO, RAÇA, SEVÍCIAS E ESCRAVIDÃO – RIO DE JANEIRO, SÉCULO XIX]","IN THIS ARTICLE, WE PRESENT REFLECTIONS ABOUT THE DIFFERENT MEANINGS DEVELOPED IN THE SLAVE SOCIETY OF THE 19TH CENTURY, ABOUT AFRICAN WOMEN AND THEIR DESCENDANTS, AND THE DAILY COEXISTENCE WITH THE TRIPLE MEANING OF THEIR BODIES AND THEIR IDENTITIES, SINCE THEY ARE PRODUCTS, PRODUCERS AND REPRODUCERS OF AND FOR THE SLAVE SOCIETY OF RIO DE JANEIRO. IN THIS SENSE, SMALL DAILY MARGINS WERE IMPORTANT FOR ACTIONS, CHOICES AND AGENCIES. IN THE DAILY STRUGGLE, THOSE WOMEN RE-SIGNIFIED BONDS OF SOLIDARITY, FRIENDSHIP AND FAMILY, UNDER THE IMPACT OF VIOLENCE ON THEIR BODIES – PHYSICAL, MORAL AND PSYCHOLOGICAL –, NOT WITHOUT RESISTANCE. TO THIS END, WE MOBILIZED THE CATEGORIES OF GENDER, RACE AND SLAVERY TO ANALYZE DOCTORS’ AND FARMERS’ MANUALS, POST-MORTEM INVENTORIES, MEDICAL THESES AND NEWSPAPERS, AS WE SCRUTINIZED THE ENSLAVED FEMALE BODY AND THE DIFFERENT FORMS OF VIOLENCE IMPOSED ON IT. © 2023, UNIVERSIDADE FEDERAL FLUMINENSE. ALL RIGHTS RESERVED.",10.1590/TEM-1980-542X2023v290104
DE MORAES C;PERES R;BARBOSA M;PEDREIRA C,2022,EQUITY AND PERFORMANCE IN THE NATIONAL HIGH SCHOOL EXAM: A STUDY ON SEX AND RACE IN BRAZILIAN MUNICIPALITIES; [EQUIDADE E DESEMPENHO NO EXAME NACIONAL DO ENSINO MÉDIO: UM ESTUDO SOBRE SEXO E RAÇA NOS MUNICÍPIOS BRASILEIROS]; [EQUIDAD Y DESEMPEÑO EN EL EXAMEN NACIONAL DE ENSEÑANZA MEDIA: UN ESTUDIO SOBRE SEXO Y RAZA EN MUNICIPIOS BRASILEÑOS],"THIS ARTICLE DISCUSSES EQUITY AND INEQUALITY OF PERFORMANCE FOR STUDENTS OF PUBLIC SCHOOLS, BELONGING TO MUNICIPALITIES BETWEEN 50 AND 500 THOUSAND INHABITANTS, WHO APPLIED FOR ENEM 2017. ANALYSES SEGMENTED BY RACE, SEX, MATERNAL EDUCATION AND FAMILY INCOME INDICATED INEQUALITY OF PERFORMANCE MEASURED BY MATH. FOR EXAMPLE, THERE IS A BETTER PERFORMANCE FOR WHITE STUDENTS, ESPECIALLY MALE AND HIGH-INCOME STUDENTS, AND A STRONG LOSS FOR BLACK LOW- INCOME FEMALE STUDENTS. INTRAMUNICIPAL ANALYZES ARE PRESENTED WITH THE EQUITY MEASURED OBTAINED THROUGH MULTILEVEL MODELS (STUDENTS, SCHOOLS AND MUNICIPALITIES) WITH RANDOM COEFFICIENTS. PREVIOUS CONTRIBUTIONS, SUCH AS ALVES ET AL. (2016), TRAVITZKI ET AL. (2016) AND TRAVITZKI (2017) SUPPORT THIS PROPOSAL. THE RESULTS INDICATED THAT THE MAJORITY OF THE MOST EQUITABLE MUNICIPALITIES IN RELATION TO SEX AND RACE OBTAINED A LOWER AVERAGE PERFORMANCE. ON THE OTHER HAND, THE MUNICIPALITIES WITH LESS EQUITY ARE, FOR THE MOST PART, ABOVE THE AVERAGE IN MATHEMATICS. THE MUNICIPALITIES THAT COMBINE QUALITY AND EQUITY HAVE A HIGHER FAMILY INCOME, A HIGH PROPORTION OF WHITE STUDENTS AND A HIGHER AVERAGE SOCIOECONOMIC LEVEL IN THE SCHOOL. PUBLIC POLICIES MUST BE PROPOSED IN ORDER TO ENABLE SCHOOLS IN MUNICIPALITIES WITH LESS EQUITY TO COMPENSATE FOR DIFFERENCES BETWEEN SOCIAL GROUPS. © 2022, ARIZONA STATE UNIVERSITY. ALL RIGHTS RESERVED.",10.14507/epaa.30.6971
CRUVINEL T;SILVEIRA T,2023,"ILLUSTRATIVE DRAMA TEACHING: RACE, GENDER, SEXUALITY AND SOCIAL CLASS IN TEXTBOOKS; [UM ENSINO ILUSTRATIVO DE TEATRO: RAÇA, GÊNERO, SEXUALIDADE E CLASSE SOCIAL EM LIVROS DIDÁTICOS]; [UNA ENSEÑANZA ILUSTRATIVA DEL TEATRO: RAZA, GÉNERO, SEXUALIDAD Y CLASE SOCIAL EN LOS LIBROS DIDÁCTICOS]","THIS ARTICLE ANALYZES WHETHER DRAMA TEACHING HAS STRAINED THE DOMINANT POWER RELATIONS AND THEIR REGULATORY REGIMES IN THE 54 DIDACTIC WORKS APPROVED IN THE NATIONAL BOOK AND DIDACTIC MATERIAL PROGRAM OF 2021 FOR THE NEW HIGH SCHOOL, IN THE AREA OF LANGUAGES AND THEIR TECHNOLOGIES. WE SOUGHT TO ANALYZE, FROM THE PERSPECTIVE OF QUEER THEORY AND GENDER STUDIES, WHETHER TEXTBOOKS LAUNCH CRITICAL PERSPECTIVES IN DRAMA CONTENTS AND ACTIVITIES FOR ISSUES OF RACE, GENDER, SEXUALITY AND SOCIAL CLASS. THE OBJECTIVE OF THE ANALYSIS IS TO ASSIST IN THE PREPARATION OF FUTURE TEXTBOOKS, AS WELL AS TO CONTRIBUTE TO THE TRAINING OF TEACHERS IN THEATER DEGREE COURSES. IT WAS CONCLUDED THAT FROM THE LISTED CATEGORIES THAT DRAMA TEACHING IS MERELY ILLUSTRATIVE IN TEXTBOOKS. © 2023, STATE UNIVERSITY OF SANTA CATARINA. ALL RIGHTS RESERVED.",10.5965/1414573102472023e0202
DE SOUZA V,2022,"EUGENICS, SCIENTIFIC RACISM AND ANTI-RACISM IN BRAZIL: DEBATES ABOUT SCIENCE, RACE AND IMMIGRATION IN THE BRAZILIAN EUGENIC MOVEMENT (1920-1930); [EUGENIA, RACISMO CIENTÍFICO E ANTIRRACISMO NO BRASIL: DEBATES SOBRE CIÊNCIA, RAÇA E IMIGRAÇÃO NO MOVIMENTO EUGÊNICO BRASILEIRO (1920-1930)]","THE ARTICLE ANALYZES THE DEBATES ON EUGENICS, RACE, AND IMMIGRATION IN BRAZIL IN THE 1920S AND 1930S, PAYING ATTENTION TO THE ANTAGONISMS AND DISPUTES BETWEEN SUPPORTERS OF SCIENTIFIC RACISM, WHO SAW THE RACIAL ISSUE AS THE GREAT NATIONAL DILEMMA, AND THOSE WHO DENIED RACIAL DETERMINISM, HERE CALLED “ANTIRACISTS”. THE AUTHOR HIGHLIGHTS THAT BRAZILIAN EUGENICS WAS QUITE POLYSEMIC AND MOBILIZED DIFFERENT SCIENTIFIC, RACIAL, AND POLITICAL POLEMICS ABOUT RACIAL MISCEGENATION, IMMIGRATION SELECTION, AND POPULATION WHITENING. THE ARTICLE ESPECIALLY EXPLORES THE CLASHES PRODUCED AT THE FIRST BRAZILIAN CONGRESS OF EUGENICS, HELD IN 1929, AND THE RACIAL AMBIVALENCES PROMOTED IN THE COMPLEX CONTEXT OF THE 1930S, WHICH MOBILIZED DIFFERENT PROJECTS AND INTERPRETATIONS ON EUGENICS, RACIAL SELECTION, AND NATIONAL IDENTITY, INCLUDING WITH IMPACT ON CONSTITUENT OF 1933-1934 © 2022, REVISTA BRASILEIRA DE HISTORIA. ALL RIGHTS RESERVED.",10.1590/1806-93472022V42N89-06
PERUSSATTO M,2022,"“EDUCATING BY O EXEMPLO”: EDUCATION AND INTERSECTIONS OF RACE, GENDER, AND CLASS IN THE BLACK PRESS OF PORTO ALEGRE IN THE POST-ABOLITION; [“EDUCAR PEL’O EXEMPLO”: EDUCAÇÃO E INTERSECÇÕES DE RAÇA, GÊNERO E CLASSE NA IMPRENSA NEGRA DE PORTO ALEGRE NO PÓS-ABOLIÇÃO]","WITH THE OBJECTIVE OF REFLECTING ON THE POLITICAL STRUGGLES CARRIED OUT BY BLACK INDIVIDUALS AND GROUPS IN THE POST-ABOLITION, THIS ARTICLE STARTS FROM THE POINT OF VIEW OF INTELLECTUALS GATHERED IN THE BLACK PRESS OF PORTO ALEGRE, MORE PRECISELY DURING THE FIRST PHASE OF THE NEWSPAPER O EXEMPLO. (1892-1897). THEIR PROGRAM FOCUSED ON THE FIGHT AGAINST RACISM AND IGNORANCE AND, IN ADDITION TO ENSURING QUALITY FORMAL SCHOOLING, THEY ALSO INTENDED TO“EDUCATE BY EXAMPLE”. EXPLORING THE DOUBLE MEANING OF THIS EXPRESSION AND THE RELATIONSHIPS ENTERTAINED WITH THE AUDIENCE, WE ANALYZE THE MEANINGS ATTRIBUTED TO INSTRUCTION AND EDUCATION, WITH AN EMPHASIS ON GENDER RELATIONS AND EXPECTATIONS WITHIN THIS COMMUNITY. THUS, WE HOPE TO OFFER REFLECTIONS SUCH AS THE INTERSECTIONS OF RACE, GENDER CONTRIBUTED TO THE CONSTRUCTION OF SOCIAL INEQUALITIES AND POLITICAL AGENCIES IN THE POST-ABOLITION. © 2022 UNIVERSIDADE FEDERAL DO RIO GRANDE DO SUL. ALL RIGHTS RESERVED.",10.22456/1983-201X.113082
RATUSNIAK C,2024,"GENDER, RACE, SCHOOL DROPOUT AND EXPULSION: WHY DO GIRLS AND BOYS STOP ATTENDING SCHOOL?; [GÊNERO, RAÇA, EVASÃO E EXPULSÃO ESCOLAR: POR QUE OS ALUNOS E AS ALUNAS DEIXAM DE FREQUENTAR A ESCOLA?]; [GÉNERO, RAZA, ABSENTISMO ESCOLAR Y EXPULSIÓN: ¿POR QUÉ LOS ESTUDIANTES DEJAN DE IR A LA ESCUELA?]","THIS PAPER PROBLEMATIZES SCHOOL DROPOUT IN A JUDICIAL DISTRICT IN PARANÁ STATE, BRAZIL. IT ANALYZED INFORMATION FROM THE SCHOOL DROPOUT QUESTIONNAIRE, PRODUCED BY THE JUDICIARY SYSTEM, AS WELL AS EFFICIENCY AND PERFORMANCE INDICATORS FROM ACADEMIC RECORDS, INTERSECTED WITH THE SOCIAL MARKERS OF RACE AND GENDER. THE THEORETICAL BASIS DREW UPON FOUCAULDIAN, GENDER AND ETHNIC-RACIAL STUDIES. THE MAIN REASONS FOR DROPOUT DIFFER ACCORDING TO GENDER: FOR FEMALE STUDENTS, THEY ARE RELATED TO FAMILY CARE, WHILE, FOR MALE STUDENTS, THEY ARE ASSOCIATED WITH DISINTEREST. THE PAPER POINTS OUT THAT MOTHER-STUDENTS ARE DISPLACED INTO CAREGIVING ROLES UNTIL THEY ARE SOLELY IDENTIFIED AS MOTHERS. IT SHOWS THAT RACISM IS ONE OF THE MAIN FACTORS LEADING TO DROPOUT. AND IT CONCLUDES THAT, PRIOR TO DROPOUT, THERE IS ACADEMIC FAILURE, WHICH IS MORE COMMON AMONG THE BLACK POPULATION, THEREBY NATURALIZING A SYSTEMATIC PROCESS OF EXCLUSION THAT CULMINATES IN THE EXPULSION OF CERTAIN POPULATIONS FROM SCHOOLS. © 2024 ASSOCIAÇÃO NACIONAL DE PÓS-GRADUAÇÃO E PESQUISA EM EDUCAÇÃO – ANPED THIS IS AN OPEN ACCESS ARTICLE DISTRIBUTED UNDER THE TERMS OF THE CREATIVE COMMONS LICENSE.",10.1590/S1413-24782024290110
BARBOSA C,2024,"PRINCE ROLAND BONAPARTE’S ANTHROPOLOGICAL PHOTOGRAPHS IN THE ERA OF HUMAN EXHIBITIONS: RACE, SCIENCE AND THE COLONIALISM OF THE GAZE; [AS FOTOGRAFIAS ANTROPOLÓGICAS DO PRÍNCIPE ROLAND BONAPARTE NA ERA DAS EXPOSIÇÕES HUMANAS: RAÇA, CIÊNCIA E COLONIALISMO DO OLHAR]","THIS ARTICLE ADDRESSES A SET OF ANTHROPOLOGICAL PHOTOGRAPHS BELONGING TO THE COLLECTIONS OF PRINCE ROLAND BONAPARTE (1858-1924) LOCATED AT THE NATIONAL LIBRARY OF FRANCE AND THE QUAI BRANLY MUSEUM. THE GREAT-NEPHEW OF EMPEROR NAPOLEON BONAPARTE WAS ONE OF THE MOST ACTIVE PATRONS OF FRENCH SCIENTIFIC SOCIETIES FROM THE 19TH AND EARLY 20TH CENTURIES. THE HUNDREDS OF PHOTOGRAPHS HE PRODUCED AND COLLECTED IN ALBUMS SERVED AS AN EMPIRICAL SUBSTRATE FOR THE RESEARCH OF ANTHROPOLOGISTS AND NATURALISTS OF THE TIME, WHO ENDEAVORED TO NATURALIZE AND HIERARCHIZE RACIAL DIFFERENCES. IN GENERAL TERMS, THE SCOPE OF THE ARTICLE CONSISTS OF, FIRSTLY, INVESTIGATING THE ROLE PLAYED BY PHOTOGRAPHY IN ANTHROPOLOGICAL RESEARCH AND IN SUSTAINING THE EPISTEMIC FRAMEWORK OF THE SO-CALLED SCIENTIFIC RACISM. LIKEWISE, THE TEXT LINKS THIS DOCUMENTATION TO THE VISUAL CULTURE OF EUROPEAN COLONIALISM BASED ON THE DISPLAY OF RACIALIZED BODIES FOR THE PURPOSES OF ENTERTAINMENT AND SCIENCE. © (2023), (ASSOCIACAO NACIONAL DE HISTORIA). ALL RIGHTS RESERVED.",10.1590/1806-93472024v44n95-03
CYRINO E,2021,"PRESENTATION: RACE, ETHNICITY, GENDER: EXPERIENCES IN HEALTH EDUCATION; [APRESENTAÇÃO: RAÇA, ETNIA, GÊNERO: EXPERIÊNCIAS NA FORMAÇÃO EM SAÚDE]; [PRESENTACIÓN: RAZA, ETNIA, GÉNERO: EXPERIENCIAS EN EDUCACIÓN PARA LA SALUD]",[NO ABSTRACT AVAILABLE],10.1590/INTERFACE.210409
KUBOTA R;HIBARINO D;DA SILVA J,2023,"LEARNING FROM RYUKO KUBOTA: APPLIED LINGUISTICS, RACE, IDENTITY, AND CRITICAL APPROACHES; [APRENDENDO COM RYUKO KUBOTA: LINGUÍSTICA APLICADA, RAÇA, IDENTIDADE E ABORDAGENS CRÍTICAS]","SINCE THE 1990S RYUKO KUBOTA HAS EXTENSIVELY RESEARCHED RACE, IDENTITY, AND CRITICAL APPROACHES TO TEACHER DEVELOPMENT IN THE AREA OF APPLIED LINGUISTICS (AL). MORE RECENTLY, HER LAST PUBLICATIONS INCLUDE THE RELEVANCE OF TRANSLANGUAGING AND ONGOING WORK WITH THE SISTER SCHOLARS. AS THE RESULT OF OUR INTEREST IN KUBOTA’S EXTREMELY SIGNIFICANT DISCUSSIONS, IN THIS INTERVIEW, KUBOTA POINTS OUT THE CHALLENGES AL HAS FACED IN THE LAST YEARS, AS WELL AS THE COMPLEXITIES OF WORKING IN THE GLOBAL NORTH. BESIDES, SHE PRO-VIDES COMPELLING INSIGHTS IN ANTIRACIST PEDAGOGY AND THE ROLE OF FREIRE IN ENGLISH LANGUAGE TEACHING. © 2023, UNIVERSIDADE FEDERAL DE MINAS GERAIS, FACULDADE DE LETRAS. ALL RIGHTS RESERVED.",10.1590/1984-6398202321939
LAHNI C,2021,"LESBIANS HAVE THIS HABIT OF GOING FROM HERE TO THERE, FROM HERE TO THERE…: INTERVIEW WITH HELIANA HEMETÉRIO; [AS LÉSBICΑS TÊM ESSA MANIA DE SAIR DAQUI PRA LÁ, DAQUI PRA ACOLÁ…: ENTREVISTA COM HELIANA HEMETÉRIO]; [LAS LESBIANAS TIENEN ESTA MANÍA DE IR DE AQUÍ PARA ALLÁ, DE AQUÍ PARA ACOLÁ…: ENTREVISTA CON HELIANA HEMETÉRIO]","A AFIRMAÇÃO ESCOLHIDA PARA SER TÍTULO É DE HELIANA HEMETÉRIO, LÉSBICA, NEGRA, FEMINISTA, QUE SAIU DO RIO DE JANEIRO PARA O PARANÁ, AO SE CASAR COM ÁNGELA MARIA MARTINS, COMO NOS CONTOU NESTA ENTREVISTA PENSADA PARA A REVISTA DE ESTUDOS FEMINISTAS. CHAMADA DE GRIÔ (ARIANA MARA DA SILVA, 2015) EM TRABALHOS ACADÉMICOS E MATÉRIAS DA MÍDIA ALTERNATIVA, HELIANA HEMETÉRIO INICIOU SUA MILITÂNCIA EM 1986 NO MOVIMENTO NEGRO, DEPOIS PASSOU A ATUAR NO MOVIMENTO DE MULHERES NEGRAS E FEMINISTAS. NA DÉCADA DE 1990, PASSOU A MILITAR EM COLETIVOS LGBT (LÉSBICAS, GAYS, BISSEXUAIS, TRAVESTIS, TRANSEXUAIS E TRANSGÊNEROS), ATUANDO ESPECIALMENTE NO COMBATE AO RACISMO E À LGBTFOBIA. HISTORIADORA, ESPECIALISTA EM GÊNERO E RAÇA, PARTICIPOU DO CONSELHO NACIONAL DE SAÚDE REPRESENTANDO O SEGMENTO LGBT. EM 2018, FOI VICE-PRESIDENTA DA ASSOCIAÇÃO BRASILEIRA DE GAYS, LÉSBICAS, TRAVESTIS E TRANSGÊNEROS. NO FAZENDO GÊNERO 2017, FOI PALESTRANTE NA MESA LGBTFOBIA NA VIDA E NA SAÚDE DAS MULHERES. NESTA ENTREVISTA, HELIANA HEMETÉRIO, QUE ESTÁ COM 69 ANOS DE IDADE, LEMBRA QUE, HISTORICAMENTE, AS LÉSBICAS SÃO LIDERANÇAS DO MOVIMENTO FEMINISTA; REAFIRMA O LUGAR DAS LÉSBICAS NO MOVIMENTO DE MULHERES E NOS CONTA QUEM É EXEMPLO PARA ESSA GRIÔ. A ENTREVISTA FOI REALIZADA NO DIA 29 DE MARÇO DE 2021, EM UMA SALA DO GOOGLE, NA INTERNET. NA OCASIÃO, TAMBÉM ESTIVERAM PRESENTES A PROFESSORA DANIELA AUAD, MINHA COMPANHEIRA NESTA ENTREVISTA E EM OUTRAS TANTAS SEARAS DA VIDA, E A PROFESSORA E MILITANTE ÁNGELA MARIA MARTINS, COMPANHEIRA DE HELIANA. © 2021. ALL RIGHTS RESERVED.",10.1590/1806-9584-2021V29N383445
GUIMARÃES A;CAMPOS L;GATO M,2024,TOWARD A SOCIOLOGY OF RACISM; [POR UMA SOCIOLOGIA DO RACISMO],"IF RACISM HAS BECOME A FULLY LEGITIMIZED THEME IN CONTEMPORARY PUBLIC DEBATE, ITS SOCIOLOGICAL INVESTIGATION IS SOMETIMES LEFT UNEXPLORED. IF IT IS NATURAL AND EVEN DESIRABLE THAT BRAZILIAN RACISM BE A PREMISE FOR THE POLITICAL MOVEMENTS THAT SEEK TO DENOUNCE IT, SO TOO SHOULD IT BE NATURAL AND VALID TO PURSUE SOCIOLOGICAL RESEARCH INTERESTED IN UNDERSTANDING ITS DYNAMICS. IN THIS TEXT, WE HIGHLIGHT THE GENERAL ORIENTATIONS OF THE AUTHORS OF THIS COLLECTION TOWARD THE AIM OF PRODUCING A SOCIOLOGY OF BRAZILIAN RACISM ATTENTIVE TO ITS EMPIRICAL MECHANISMS, SOCIAL IMPACTS, AND INTERNAL LOGIC. TO THIS END, WE HIGHLIGHT THE CENTRALITY OF AN IMPLICIT OR EXPLICIT NOTION OF RACE IN THE PROCESSES OF RACIALIZATION AND DIFFERENTIAL TREATMENT. © (2024), (UNIVERSIDADE DE SAO PAULO. MUSEU DE ZOOLOGIA). ALL RIGHTS RESERVED.",10.11606/0103-2070.ts.2024.226504
ASSIS G;SIQUEIRA S,2021,BETWEEN BRAZIL AND EUROPE: BRAZILIAN WOMEN NEGOTIATING GENDER AND RACE IN REPRESENTATIONS ABOUT “THE BRAZILIAN WOMAN”; [ENTRE O BRASIL E A EUROPA: BRASILEIRAS NEGOCIANDO GÊNERO E RAÇA NAS REPRESENTAÇÕES SOBRE “A MULHER BRASILEIRA”],"IN THE 21ST CENTURY, THE INTERNATIONAL MIGRATION FLOW OF BRAZILIANS HAS CHANGED IN TERMS OF ITS DIRECTION, INTENSITY, AND NATURE AND THERE HAS BEEN A SIGNIFICANT INCREASE IN THE PARTICIPATION OF WOMEN. UNLIKE MIGRATORY MOVEMENTS THAT IN THE SECOND HALF OF THE 20TH CENTURY HAD MOSTLY BEEN DIRECTED TO THE UNITED STATES, JAPAN, AND PARAGUAY, THERE HAS BEEN AN INTENSIFICATION OF THE MOVEMENT TOWARDS EUROPE. THIS ARTICLE ANALYZES THE MOBILITY BETWEEN BRAZIL AND EUROPE OF BRAZILIAN WOMEN WHO ESTABLISH AFFECTIONATE RELATIONSHIPS WITH EUROPEAN MEN, AND HOW THEY NEGOTIATE GENDER AND RACE IN THE REPRESENTATIONS OF “BRAZILIAN WOMEN.” IT IS A QUALITATIVE STUDY THAT, BASED ON TWO DATABASES OF RESEARCH CARRIED OUT WITH 46 WOMEN, SELECTED 4 SEMI-STRUCTURED INTERVIEWS TO REFLECT ON PROCESSES OF TRANSNATIONALIZATION AND PERCEPTION OF THE MARKS OF RACIALIZATION AND EXOTICIZATION THAT BRAZILIAN WOMEN EXPERIENCE DURING THEIR MIGRATORY EXPERIENCES. THIS REFLECTION ALLOWED US TO CONSIDER THAT THE WOMEN PARTICIPATING IN THIS STUDY, WHEN THEY ESTABLISH CONJUGAL RELATIONSHIPS WITH PORTUGUESE, GERMANS, OR ITALIANS, RETHINK THEIR MIGRATORY PROJECTS ACCORDING TO THE CONDITIONS THAT THE AFFECTIVE RELATIONSHIPS ESTABLISH, NEGOTIATE GENDER POSITIONS, FACE THE PROCESSES OF RACIALIZATION AND SEXUALIZATION, AND ELABORATE OTHER MEANINGS FOR IMAGINARIES ASSOCIATED WITH “BRAZILIAN WOMEN.”. © 2021, UNIVERSIDADE ESTADUAL DE CAMPINAS UNICAMP. ALL RIGHTS RESERVED.",10.1590/18094449202100630006
PEDROSO G;LIMA T;DE OLIVEIRA F,2022,"FIGHTING ""STUPID RACIAL PREJUDICES"": MAPPING OF THE RIO GRANDE DO SUL BLACK PRESS AND THE CASE OF SANTA MARIA/RS; [COMBATENDO ""ESTULTOS PRECONCEITOS DE RAÇA"": MAPEAMENTO DA IMPRENSA NEGRA DO RIO GRANDE DO SUL E O CASO DE SANTA MARIA/RS]","CREATED IN 2016, THE POST-ABOLITION STUDY GROUP (GEPA) OF THE FEDERAL UNIVERSITY OF SANTA MARIA REFLECTS ON POST-ABOLITION AS A FIELD OF STUDY, REGARDING THE BLACK EXPERIENCES BETWEEN SLAVERY AND FREEDOM AND THEIR MEANINGS. IN ORDER TO COLLABORATE WITH THE ACCESS TO THE SOURCES OF THE LOCAL BLACK COMMUNITIES, GEPA ENTERED THE UNIVERSE OF THE SOUTHERN BLACK PRESS, FOCUS­ING ON THE NEWSPAPERS OF SANTA MARIA / RS. WE SOUGHT TO IDENTIFY AND GATHER SUCH SOURCES, TO UNDERSTAND WHO WERE THEIR PROTAGONISTS, OBJECTIVES, MAIN ACTIONS, MODES OF PERFORMANCE AND EXECUTION AND, ABOVE ALL, WHAT THEY EXPRESSED, THUS COLLABORATING TO UNDERSTAND THIS BLACK INTELLIGENTSIA, THE TARGET OF RACISM. TO THIS END, THE 2018 SANTA MARIA BLACK PRESS NEWSPA­PER PRESERVATION CAMPAIGN WAS PREPARED. THIS ARTICLE PRESENTS THE RESULTS OF THIS PROJECT, INVOLVING A MAPPING OF THE BLACK GAUCHO PRESS AND THE NEWSPAPERS OFTHAT CITY, SUCH AS THE INAUGURAL REBATE, CREATED IN 1919, IN ORDER TO 'FIGHT AGAINST RACIAL PREJUDICE"". © 2020, HISTORICAL AND GEOGRAPHICAL INSTITUTE OF RIO GRANDE DO SUL. ALL RIGHTS RESERVED.",NA
BENTO B;COSTA K;COSTA B,2024,"NECROBIOPODER: MATERNIDADE, RAÇA E GÊNERO ENTRE BRASIL E PORTUGAL",[NO ABSTRACT AVAILABLE],10.1590/18094449202400700000
DOS SANTOS GUTTERRES A,2023,"KEPT PHOTOGRAPHS, MARKED BODIES, THE WORK OF TIME: RACE AND GENDER IN THE PRODUCTION OF HOME AND CITY; [FOTOGRAFIAS GUARDADAS, CORPOS MARCADOS, TRABALHO DO TEMPO: RAÇA E GÊNERO NA PRODUÇÃO DA CASA E DA CIDADE]; [FOTOGRAFÍAS GUARDADAS, CUERPOS MARCADOS, TRABAJO DEL TIEMPO: RAZA Y GÉNERO EN LA PRODUCCIÓN DE LA CASA Y DE LA CIUDAD]","IN THE PRESENT ARTICLE, I REFLECT ON THE AMBIVALENCES AND ACCOMMODATIONS DESCRIBED BY RUTH IN HER DAILY LIFE IN VILA GAÚCHA, IN PORTO ALEGRE. THE REFLECTIONS ARE BASED ON A JOURNEY THROUGH FAMILY PHOTOGRAPHS THAT INTERTWINE NARRATIVES ABOUT HOME, MOTHERHOOD, VIOLENCE, LIFE, AND DEATH. MY THOUGHTS ARE PRESENTED IN DIALOGUE WITH THE WRITINGS OF CAROLINA DE JESUS (2007) AND CONCEIÇÃO EVARISTO (2016, 2018), FOLLOWING THE PATH SUGGESTED BY HAN AND DAS (2016) OF LOOKING AT LIFE FORMS AS A LANGUAGE FOR THE FABRICATION OF WORLD. I SEEK TO DESCRIBE THE TACTICS OF MEDIATION AND ELABORATION OF WAYS OF INHABITING THE WORLD AND OF PRODUCING THE HOME BETWEEN EVENTS MODELED BY HISTORICAL QUESTIONS TRANSVERSED BY RACE AND GENDER – IN THIS CASE, THE PRODUCTION OF THE CITY AND THE DYNAMICS IMPOSED BY THE INTERACTION BETWEEN FIXATION AND CIRCULATION IN THE MAKING OF REMOVABLE BODIES AND PLACES. © NONE",10.1590/1678-49442023v29n2e2023015.pt
GARRIDO A;LIBERALI F,2024,NECROCURRÍCULO: DEIXAR VIVER E FAZER MORRER O SABER AFRICANO E AFRODIASPÓRICO NA POLÍTICA EDUCACIONAL BRASILEIRA,"O PRESENTE ARTIGO ABORDA O CONCEITO DE NECROCURRÍCULO QUE ANALISA O ESPAÇO-TEMPO DA ESCOLA SOB A QUESTÃO DO RACISMO. UMA PERSPECTIVA QUE AVALIA NA ESCOLA A POLÍTICA EDUCACIONAL QUE PROMOVE A MORTE DA CULTURA, IDENTIDADE E DOS SABERES AFRODIASPÓRICOS. O OBJETIVO DO ARTIGO É ESCLARECER QUAIS SÃO OS ELEMENTOS CONCEITUAIS QUE CONSTITUEM A CARACTERIZAÇÃO DO NECROCURRÍCULO NA EDUCAÇÃO BRASILEIRA. O ESTUDO PRESSUPÕE QUE OS SABERES CORPÓREOS E IDENTITÁRIOS DO SER-NEGRO NO ESPAÇO-TEMPO DO CURRÍCULO DA ESCOLA NÃO FAZEM PARTE DA GEOPOLÍTICA DO CONHECIMENTO, AO CONTRÁRIO, SÃO CAPTURADOS E ELIMINADOS. A METODOLOGIA UTILIZADA PARA A COMPREENSÃO DO NECROCURRÍCULO, NECESSITOU DAS LEITURAS PROPOSTAS POR ACHILLE MBEMBE ACERCA DOS CONCEITOS DE NECROPOLÍTICA E DA POLÍTICA DE INIMIZADE QUE EXPLICITAM A POLÍTICA DE MORTE QUE PROMOVE A CAPTURA DOS CORPOS QUE SÃO OS SIGNOS DA MORTE. NESTE PRISMA, AS CONCEPÇÕES TEÓRICAS DA COLONIALIDADE/MODERNIDADE DO SER, DO SABER E DO PODER QUE ELUCIDAM SOBRE O EPISTEMICÍDIO, SILENCIAMENTO, INVISIBILIDADE, MARGINALIZAÇÃO E DESUMANIZAÇÃO DOS SABERES AFRODIASPÓRICOS, PRESENTES NA CORPORALIDADE DO SER-NEGRO, QUE FORAM NA RACIONALIDADE EUROCÊNTRICA ALOCADOS NA ZONA DO NÃO-SER. OS RESULTADOS APONTAM QUE A DEFINIÇÃO DO NECROCURRÍCULO PODE SER COMPREENDIDA COMO UMA FORMA DE CAPTURAR OS ELEMENTOS DO SIGNO DA MORTE, UM INVENTO DA NEGATIVIDADE CORPÓREA DO SER-NEGRO, EXCLUÍ A NORMA PARA INCLUIR NA PERMANENTE EXCEÇÃO. NA GEOPOLÍTICA DO CONHECIMENTO, NÃO EXISTE A DIALÉTICA DO CORPO ÁFRICA-NEGRO, QUE ESTÃO SUSPENSOS DAS HUMANIDADES QUE PRODUZEM O CONHECIMENTO DITO LEGÍTIMO, NO IMAGINÁRIO INVENTIVO, CONSTITUEM A VIDA NUA, A-HISTÓRICA DOS AFRICANOS, O FANTASMAGÓRICO DA NEGATIVIDADE DA VIDA. A ESCOLA É O NOMOS QUE DETERMINA A IDENTIDADE, CONHECIMENTOS, SABERES, CULTURAS E A RELIGIÃO QUE DEVEM VIVER E AS QUE DEVEM MORRER SOBRE A ÉGIDE DO CORPO-RAÇA. CONCLUI-SE QUE O ENFRENTAMENTO DO NECROCURRÍCULO REQUER UMA JUSTIÇA CURRICULAR QUE PERMITA A CONSTRUÇÃO DE UM CURRÍCULO ÉTICO-POLÍTICO, PARTICIPATIVO NA RADICALIDADE DEMOCRÁTICA QUE VISE O CUIDADO E ADOÇÃO DOS CONHECIMENTOS QUE COMPÕEM A DIVERSIDADE CULTURAL DA IDENTIDADE SOCIAL. © 2024 CURRICULUM AND PEDAGOGY GROUP.",10.1080/15505170.2024.2373120
BARBOSA-FOHRMANN A,2023,"DIFFERENCE, BODY AND NARRATIVE: THE VISIBILITY AND NON-VISIBILITY OF DISABILITY, RACE AND SEXUALITY IN SIMON DICKEL; [DIFERENÇA, CORPO E NARRATIVA: A VISIBILIDADE E A NÃO VISIBILIDADE DA DEFICIÊNCIA, RAÇA E SEXUALIDADE EM SIMON DICKEL]","THIS REVIEW PROPOSES TO PRESENT AND DESCRIBE THE MAIN TOPICS, AS WELL AS TO POINT OUT SOME CRITICISMS OF SIMON DICKEL’S BOOK, EMBODYING DIFFERENCE: CRITICAL PHENOMENOLOGY AND NARRATIVES OF DISABILITY, RACE, AND SEXUALITY, PUBLISHED IN 2022. THE BOOK FOLLOWS THE TRADITION OF PHENOMENOLOGY AND DIALOGUES WITH POST-STRUCTURALISM AND CRITICAL STUDIES. THE AUTHOR FOCUSES ON THE THEMES OF DISABILITY, RACE AND SEXUALITY AND, AS AN EMPIRICAL BASIS FOR HIS ARGUMENT, HE REFERS PRIMARILY TO FICTIONAL AND NON-FICTIONAL LITERARY NARRATIVES AND SECONDARILY TO FILMS. © 2023 INSTITUTO REDE DE PESQUISA EMPIRICA EM DIREITO. ALL RIGHTS RESERVED.",10.19092/REED.V10.809
DE SOUSA R;PIMENTEL M,2021,RACE AND REINCARNATION IN NORTH AMERICAN SPIRITUALISM: A VIEW BASED ON ALLAN KARDEC'S CRITICISM (1857-1869); [RAÇA E REENCARNAÇÃO NO ESPIRITUALISMO NORTE-AMERICANO: UMA VISÃO A PARTIR DA CRÍTICA DE ALLAN KARDEC (1857-1869)]; [RAZA Y REENCARNACIÓN EN EL ESPIRITISMO NORTEAMERICANO: UNA VISIÓN BASADA EN LA CRÍTICA DE ALLAN KARDEC (1857- 1869)],"THIS ARTICLE DISCUSSES HOW THE RACE ISSUE WAS APPROACHED IN AMERICAN MODERN SPIRITUALISM. ITS STARTING POINT IS ALLAN KARDEC'S HYPOTHESIS, PUBLISHED IN THE REVUE SPIRITE, THAT AMERICAN SPIRITUALISTS REJECTED BELIEF IN REINCARNATION DUE TO THE STRONG RACE PREJUDICE THAT EXISTED IN THE UNITED STATES. THE ANALYSIS TAKES PLACE ON TWO LEVELS: FIRST, WE EXAMINE THE CURRENT STATUS OF THE SUBJECT IN THE RECENT HISTORIOGRAPHY OF SPIRITUALISM; THEN, WE DESCRIBE THE WAY KARDEC DEALT WITH THIS DOCTRINAL DIVERGENCE BETWEEN SPIRITISTS AND SPIRITUALISTS, TAKING AS A CASE STUDY THE FRENCH-SPEAKING SPIRITUALISTS OF NEW ORLEANS. © 2021 STATE UNIVERSITY OF MARINGA. ALL RIGHTS RESERVED.",10.4025/dialogos.v25i3.60226
GANTUS-OLIVEIRA T,2024,GENDER AND RACE VULNERABILITY AND THE INTERSECTIONAL VIEW AT DISASTERS; [VULNERABILIDADE DE GÊNERO E RAÇA E OS DESASTRES SOCIONATURAIS]; [VULNERABILIDAD DE GÉNERO Y RAZA Y LA MIRADA INTERSECCIONAL DE LOS DESASTRES],"DISASTER RISK RESULTS OF A VULNERABILITY LONG PROCESS OF COMMUNITIES EXPOSED TO HYDROLOGICAL AND/OR GEOLOGICAL PHENOMENA. THE SOCIOECONOMIC CONTEXT AND GENDER AND RACIAL INEQUALITIES AGGRAVATE THIS CONDITION, GENERATING DIFFERENTIAL IMPACTS ON CERTAIN GROUPS. SINCE THIS IS A CHRONIC SCENARIO IN BRAZIL, IT IS NECESSARY TO INVESTIGATE THE SOCIO-HISTORICAL CONSTRUCTION AND THE CONDITION OF RISK AREAS IN CITIES WITH RECURRENCE OF EVENTS SUCH AS MASS MOVEMENTS AND FLOODS. THEREFORE, THIS ARTICLE AIMS TO ANALYZE THE SOCIAL AND MATERIAL VULNERABILITY CONDITIONS OF WOMEN LIVING IN AREAS AT RISK OF LANDSLIDES IN SANTOS, SÃO PAULO. BASED ON A QUALI-QUANTITATIVE METHODOLOGY, WITH STATISTICAL AND CARTOGRAPHIC METHODS, THE DISCUSSIONS BRING ELEMENTS TO UNDERSTAND HOW AND WHY WOMEN, MAINLY NON-WHITE WOMEN, ARE MORE AFFECTED BY THE DISASTER. © (2024), (UNIVERSIDADE FEDERAL DE SANTA CATARINA). ALL RIGHTS RESERVED.",10.1590/1806-9584-2024v32n192823
GATO M,2021,DIALECTICS OF THE OVERSEER; [DIALÉTICA DO FEITOR1],"THIS ARTICLE ANALYZES HOW SOCIAL CHANGE AND THE REPRODUCTION OF INEQUALITIES ARE REPRESENTED IN THE NOVEL VENCIDOS E DEGENERADOS (1915) BY THE BLACK WRITER FROM MARANHÃO JOSÉ DO NASCIMENTO MORAES (1882-1958). HIGHLIGHTS ARE GIVEN TO THE WAY IN WHICH THE FIGURE OF THE OVERSEER, MORE THAN A RECOGNIZABLE HISTORICAL OR SOCIAL TYPE, SYNTHESIZES THE POWER RELATIONS THAT ARTICULATED RACE, WORK AND POWER IN THE POST-ABOLITION PERIOD. © 2021. ALL RIGHTS RESERVED.",10.25091/S01013300202100030002
GATO M,2024,HISTORICAL SOCIOLOGY AND INTERPRETATION OF RACISM IN BRAZIL; [SOCIOLOGIA HISTÓRICA E INTERPRETAÇÃO DO RACISMO NO BRASIL],"THIS ARTICLE EXAMINES THE CONTRIBUTIONS OF SO-CALLED HISTORICAL OR PROCESSUAL SOCIOLOGY TO THE ANALYSIS OF RACISM IN BRAZIL, BASED ON FOUR CENTRAL CONCEPTS: REVOLUTION, REPRODUCTION, FORMATION AND EVENT. THE CENTRAL ARGUMENT IS THAT THE PROCESSUAL ANALYSIS OF EVENTS, IN THE DIFFERENT APPROACHES SELECTED, OFFERS SOME ALTERNATIVES FOR TACKLING THE MAIN OBSTACLE FACED IN THE FIELD OF THE SOCIOLOGY OF RACISM: JOINTLY EXPLAINING THE FORMATION OF RACIAL INEQUALITIES AND THEIR SOCIAL PRODUCTION IN THE INTERACTION AND SOCIABILITY BETWEEN AGENTS. IT IS SUGGESTED THAT THE SPECIFIC OBJECTIVE OF HISTORICAL SOCIOLOGY IN THIS FIELD OF RESEARCH IS THE RACIALIZATION OF THE SOCIAL EXPERIENCE OF TIME, THAT IS, THE CONSTITUTION OF RACIALIZED TEMPORALITIES. © (2024), (UNIVERSIDADE DE SAO PAULO. MUSEU DE ZOOLOGIA). ALL RIGHTS RESERVED.",10.11606/0103-2070.ts.2024.223183
TEIXEIRA A;PASSIANI E,2022,GÊNERO E RAÇA SOB ENFOQUE DECOLONIAL,[NO ABSTRACT AVAILABLE],10.1590/15174522-124786
SOARES J;COVRE-SUSSAI M;SENTO-SÉ I,2022,WAGE DISCRIMINATION OF WORKERS WITH DISABILITIES IN BRAZIL: AN INTERSECTIONAL ANALYSIS BY GENDER AND RACE/COLOR; [DISCRIMINAÇÃO SALARIAL DE TRABALHADORES(AS) COM DEFICIÊNCIA NO BRASIL: UMA ANÁLISE INTERSECCIONAL POR GÊNERO E RAÇA/COR]; [DISCRIMINACIÓN SALARIAL DE LOS TRABAJADORES(AS) CON DISCAPACIDAD EN BRASIL: UN ANÁLISIS INTERSECCIONAL POR GÉNERO Y RAZA/COLOR],"THIS PAPER INVESTIGATES WAGE DISCRIMINATION AGAINST WORKERS WITH DISABILITIES, AS WELL AS ITS INTERACTIONS WITH OTHER SOCIAL MARKERS OF INEQUALITY, GENDER AND RACE/COLOR, USING DATA FROM THE 2010 DEMOGRAPHIC CENSUS (IBGE). FOUR TYPES OF DISABILITY ARE INVESTIGATED: VISUAL, HEARING, MOTOR, AND MENTAL. A MULTIVARIATE REGRESSION MODEL CONTROLLING FOR OCCUPATIONAL FIXED EFFECTS WAS USED. THE RESULTS INDICATE THAT THERE IS WAGE DISCRIMINATION FOR THE FOUR TYPES OF DISABILITY ANALYZED. IT IS OBSERVED THAT THE GREATEST DISCRIMINATION OCCURS FOR WORKERS WITH SEVERE VISUAL IMPAIRMENT, FOLLOWED BY PHYSICAL DISABILITIES AND, LASTLY, MENTAL AND HEARING DISABILITIES. HOWEVER, SUCH DISCRIMINATION IS OF SMALL MAGNITUDE WHEN COMPARED TO OTHER SOCIAL MARKERS OF INEQUALITY, SUCH AS GENDER AND RACE/COLOR. THE EFFECT OF GENDER, FOR EXAMPLE, IS SIX TIMES GREATER THAN THAT OF VISUAL IMPAIRMENT WHILE NON-WHITE PEOPLE SUFFER ALMOST FOUR TIMES MORE DISCRIMINATION. WHEN CONSIDERING THE ACCUMULATION OF THE SOCIAL MARKERS OF INEQUALITY, DISABILITY, GENDER, AND RACE/ COLOR, IT IS CONFIRMED THAT BLACK WOMEN WITH AND WITHOUT DISABILITIES ARE THOSE WHO SUFFER THE MOST FROM WAGE DISCRIMINATION IN BRAZIL. © 2022 EDIPUCRS. ALL RIGHTS RESERVED.",10.15448/1984-7289.2022.1.41686
FERREIRA C,2023,THE HAPPY ENDING AT THE CROSSROADS OF GENDER AND RACE: A STUDY OF THE RECEPTION OF THE FILM BENDITO FRUTO; [O FINAL FELIZ NA ENCRUZILHADA DE GÊNERO E RAÇA: UM ESTUDO DE RECEPÇÃO DO FILME BENDITO FRUTO],"THE OBJECTIVE IS TO INVESTIGATE, IN THE LIGHT OF CULTURAL STUDIES, THE READINGS THAT PARTICIPANTS IN A RECEPTION STUDY MAKE OF THE INTERRACIAL HAPPY ENDING OF THE FILM BENDITO FRUTO (SÉRGIO GOLDENBERG, 2004). THIS STUDY WAS CAR-RIED OUT THROUGH THE EMPIRICAL APPLICATION OF STUART HALL’S ENCODING/DECODING MODEL, WHICH MAKES IT POSSIBLE TO ANALYZE THE ARTICULATIONS BETWEEN AUDIOVISUAL REPRESENTATIONS AND IMAGINARIES ABOUT GENDER AND RACE IN BRAZILIAN CULTURE. THE HYPOTHESIS RAISED IS THAT RECEPTION CAN GIVE RISE TO DIFFERENT FORMS OF INTERPRETATION, NEGOTIATION AND RESIGNIFICATION OF AUDIOVISUAL REPRESENTATIONS ABOUT BLACK WOM-EN UNDERTAKEN BY SPECTATORS BASED ON THEIR WORLDVIEWS AND CULTURAL REPERTOIRES. © 2023, SUPERIOR SCHOOL OF ADVERTISING AND MARKETING. ALL RIGHTS RESERVED.",10.18568/cmc.v20i57.2696
GEORGINI G;GALINARI L;BAZON M,2024,FROM JUVENILE JUSTICE TO CRIMINAL JUSTICE: RACE AND PSYCHOSOCIAL PROFILES AS PREDICTORS; [DA JUSTIÇA JUVENIL À JUSTIÇA CRIMINAL: RAÇA E PERFIS PSICOSSOCIAIS COMO PREDITORES]; [DE LA JUSTICIA JUVENIL A LA JUSTICIA PENAL: RAZA Y PERFILES PSICOSOCIALES COMO PREDICTORES],"VARIOUS FACTORS MAY AFFECT THE LIKELIHOOD OF INDIVIDUALS WHO COMMIT OFFENSES DURING ADOLESCENCE CONTINUING TO OFFEND INTO ADULTHOOD. THIS STUDY AIMED TO: (1) DESCRIBE AND COMPARE RECIDIVISM RATES AMONG 350 ADULT MEN WHO HAD GONE THROUGH THE JUVENILE SYSTEM IN THE COUNTRYSIDE OF SÃO PAULO; (2) EVALUATE THE PREDICTION OF RECIDIVISM ACCORDING TO PSYCHOSOCIAL PROFILES; (3) ASSESS THE INFLUENCE OF RACE ON RECIDIVISM. OFFICIAL RECIDIVISM DATA FROM THE SAMPLE WERE COLLECTED AND ANALYZED USING LOGISTIC REGRESSION ANALYSIS, REVEALING THAT A MORE MARKEDLY PROBLEMATIC PSYCHOSOCIAL PROFILE WAS ASSOCIATED WITH GREATER CHANCES OF RECIDIVISM, WHILE BEING BLACK WAS LINKED TO HIGHER CHANCES OF CRIMINAL PROSECUTION. THIS STUDY HIGHLIGHTS THE IMPORTANCE OF IDENTIFYING WHICH PSYCHOSOCIAL PROFILES ARE ASSOCIATED WITH A HIGHER LIKELIHOOD OF PERSISTENT OFFENDING TO TARGET MORE EFFECTIVE INTERVENTIONS. IT ALSO REVEALS THE PRESENCE OF RACIAL BIAS IN THE BRAZILIAN CRIMINAL JUSTICE SYSTEM, INDICATING STRUCTURAL RACISM. © 2024 UNIVERSIDADE DE SAO PAULO 1. ALL RIGHTS RESERVED.",10.1590/1982-4327e3425
MIZRAHI M,2015,"CABELOS AMBÍGUOS: BELEZA, PODER DE COMPRA E ""RAÇA"" NO BRASIL URBANO","THE SUBJECTS OF THE PRESENT NARRATIVE - WOMEN SURROUNDING THE FAMILY NUCLEUS OF A CARIOCA FUNK ARTIST - ARE APPREHENDED FROM THEIR ABILITY IN THE MANIPULATION OF MEANINGS AND SOCIAL REPRESENTATIONS. THROUGH AN ETHNOGRAPHY AROUND THE ISSUE OF CONSTRUCTING AND DECONSTRUCTING BEAUTY IN A UNIVERSE SHAPED BY AN URBAN MUSICAL MOVEMENT AND MORE PREVALENT WITHIN THE CARIOCA POPULAR STRATA, THE ARTICLE SEES THE APPEARANCE AS AN ELEMENT WHICH EMERGES AS A POTENTIAL FACILITATOR FOR THE CIRCULATION ACROSS THE CITY. FROM THE TASTE SHARED BY SUBJECTS EARNING INCOMES SENSIBLY DIFFERENTIATED, THE ARTICLE SHOWS THE BUILDING OF A CORPORAL AESTHETICS WITH THE POTENTIAL TO INCREASE THE MOBILITY ACROSS THE URBAN SPACE AND TO DESTABILIZE THE HISTORIC ASSOCIATION WHICH LINKS POVERTY AND COLOR OF SKIN IN BRAZIL.",10.17666/308931-45/2015
DA COSTA L,2019,"DIADORIM, HERMÓGENES, AND THE ANCIENTS: MEN OF LINEAGE IN THE BACKLANDS; [DIADORIM, HERMÓGENES E OS ANTIGOS: HOMENS DA RAÇA DE FERRO NO SERTÃO]; [DIADORIM, HERMÓGENES Y LOS ANTIGUOS: HOMBRES DE LA RAZA DE HIERRO EN EL SERTÃO]","THIS ESSAY SEEKS TO DEVELOP THE DIALOGUE OF GUIMARÃES ROSA'S WARRIORS WITH THE EPIC TRADITION. IN ORDER TO DO SO, THIS TEXT DISCUSSES HOW THE CHARACTERIZATION OF SOME OF HIS CHARACTERS, ESPECIALLY HERMÓGENES AND DIADORIM, COULD NOT ONLY TRANSPOSE HOMER INTO THE BACKLANDS BUT ALSO THE MEN OF THE IRON LINEAGE OF WORKS AND DAYS BY HESIOD EXPLORING A WAY BY WHICH THE TRADITION IS KEPT ALIVE. WE AIM TO EXPLORE SUCH A DIALOGUE, THROUGH A TEXTUAL ANALYSIS OF THE DEVIL TO PAY IN THE BACKLANDS (1956) AS WELL AS OF THE ANCIENT POEM. © 2019 THE FEDERAL UNIVERSITY OF RIO DE JANEIRO. ALL RIGHTS RESERVED.",10.1590/2237-101X02004211
TITTONI J;DE CASTRO D;DE ALMEIDA A,2019,"WORK, RACE AND GENDER IN THE PRODUCTION OF PHOTOGRAPHS: CONSIDERATIONS FROM A BRAZILIAN EXPERIENCE; [TRABALHO, RAÇA E GÊNERO NA PRODUÇÃO DE FOTOGRAFIAS: CONSIDERAÇÕES A PARTIR DE UMA EXPERIÊNCIA BRASILEIRA]; [TRABAJO, RAZA Y GÉNERO EN LA PRODUCCIÓN DE FOTOGRAFÍAS: CONSIDERACIONES DESDE UNA EXPERIENCIA BRASILEÑA]","THIS ARTICLE PROBLEMATIZES THE RELATIONSHIP BETWEEN KNOWLEDGE PRODUCTION, SUBJECTIVITY AND WORK IN THE BRAZILIAN CONTEXT. THEREFOR, WE WILL DISCUSS THE RELATIONSHIP BETWEEN COLONIALITY AND DECOLONIALITY IN WHAT CONCERNS THE EPISTEMOLOGICAL FIELD AND ITS IMBRICATIONS IN LABOR RELATIONS, WHERE THE SUBJECTIVITY AS THE CENTRAL AXIS OF THESE ANALYZES. FROM A DECOLONIAL POINT OF VIEW, IT SHOWS THE WAYS IN WHICH THE MARKERS OF GENDER AND RACE ARE ARTICULATED TO SHOW THE COLONIZATION EFFECTS OF THE WORK BASED ON THE WHITE MAN MODEL. TO DO SO, WE WILL TAKE A STUDY DONE WITH HEALTH WORKERS, USING THE METHODOLOGIES OF PHOTOGRAPHY PRODUCTION WORKSHOPS, TO THINK ABOUT THE WAYS THESE MARKERS APPEAR IN EVERYDAY WORK. © 2019, PONTIFICIA UNIVERSIDAD JAVERIANA. ALL RIGHTS RESERVED.",10.11144/Javeriana.cao32-58.trgpf
DOMINGUES P,2018,"AGITATING RACE, REINVENTING THE NATION: THE REPARATIONS MOVEMENT IN BRAZIL; [AGENCIAR RAÇA, REINVENTAR A NAÇÃO: O MOVIMENTO PELAS REPARAÇÕES NO BRASIL]","THE ARTICLE MAKES SOME NOTES ABOUT THE MOVIMENTO PELAS REPARAÇÕES (MPR) OF AFRICAN DESCENDANTS IN BRAZIL IN THE 1990S. IT IS ARGUED THAT BESIDES EXPRESSING HOW AFRO-BRAZILIANS WERE (AND ARE) CONNECTED IN STRUGGLES AND DEMANDS WAGED IN THE TRANSATLANTIC CIRCUIT OF THE BLACK DIASPORA, THIS MOVEMENT PREPARED THE WAY FOR THE CURRENT POLICY OF AFFIRMATIVE ACTION IN THE COUNTRY.",10.31447/as00032573.2018227.04
DOMINGUES P,2017,"THE ""BLACK CORISCO"": CANGAÇO, RACE AND BANDITRY IN THE BRAZILIAN NORTHEASTERN REGION; [O ""CORISCO PRETO"": CANGAÇO, RAÇA E BANDITISMO NO NORDESTE BRASILEIRO]","THE AIM OF THIS ARTICLE IS TO LIST THE FACTORS THAT TOOK MANOEL LUIZ DE JESUS TO PRISON IN 1931, IN THE BACKWOODS OF THE NORTHEAST REGION OF BRAZIL. HE WAS A BLACK CRIMINAL, IDENTIFIED AS BLACK CORISCO, FROM LAMPIÃO'S GANG. THE ARTICLE ALSO DISCUSSES THE REPORTS AND OPINIONS WRITTEN ABOUT HIM BY PROFESSIONALS OF THE PRISON SYSTEM IN SERGIPE, MAINLY FROM THOSE IN THE CRIMINAL BIOLOGY BUREAU, WHICH WAS RESPONSIBLE FOR EXAMINING THE CRIMINAL'S DEGREE OF DEGENERACY. DESPITE REVEALING THE ASPECTS OF MANOEL LUIZ'S TRAJECTORY, THIS ARTICLE ALSO AIMS AT SURPRISING BECAUSE OF HIS CHARACTER AND OF THE SINUOUS CONNECTIONS AMONG CANGAÇO, RACE AND BANDITRY IN LIGHT OF FORENSIC MEDICINE.",10.11606/issn.2316-9141.rh.2017.119973
GALAK E,2014,"BODY EDUCATION AND POLITICS: CONCEPTIONS OF RACE, HYGIENISM AND EUGENICS IN ARGENTINEAN PHYSICAL EDUCATION; [EDUCAÇÃO DO CORPO E POLÍTICA: CONCEPÇÕES DE RAÇA, EUGENIA E HIGIENE NA EDUCAÇÃO FÍSICA ARGENTINA]; [EDUCACIÓN DEL CUERPO Y POLÍTICA: CONCEPCIONES DE RAZA, HIGIENISMO Y EUGENESIA EN LA EDUCACIÓN FÍSICA ARGENTINA]","THE RELATIONSHIP BETWEEN BODY AND POLITICS IS CENTRAL IN THE HISTORY OF SOCIETIES. IN THIS PARTICULAR CASE, THIS RELATIONSHIP IS DISCUSSED WITHIN CENTRALIZED ARGENTINEAN STATE POLICIES FOR PHYSICAL EDUCATION, FOCUSING ON THE IDEAS OF EDUCATING BODIES TO IMPROVE THE RACE. WE ANALYZE THE PASSAGE FROM HYGIENIST RHETORIC OF THE LATE NINETEENTH AND EARLY TWENTIETH CENTURIES TO EUGENIC INTERPRETATIONS OF THE 1920S AND 1930S, AND HOW IT SHAPES SOME OF THE CURRENT ARGUMENTS OF THE PHYSICAL EDUCATION PRACTICES. © 2014, UNIVERSIDADE FEDERAL DO RIO GRANDE DO SUL. ALL RIGHTS RESERVED.",10.22456/1982-8918.46138
LIMA M,2012,"""RACE"" AND POVERTY IN METROPOLITAN CONTEXTS; [""RAÇA"" E POBREZA EM CONTEXTOS METROPOLITANOS]","THE ARTICLE EXPLORES THE RELEVANCE OF THE COLOUR/RACE VARIABLE IN CONTEXTS OF POVERTY. IT SETS OUT FROM AN ANALYSIS OF DATA TAKEN FROM THE RESEARCH STUDY ""ASSOCIATIVISM AND SOCIAL NETWORKS: CONDITIONS AND DETERMINING FACTORS IN THE ACCESS TO SOCIAL POLICIES BY LOWINCOME POPULATIONS"", CONDUCTED BY THE METROPOLITAN STUDIES CENTRE OF THE BRAZILIAN ANALYSIS AND PLANNING CENTRE. THE STUDY IN QUESTION INCLUDED TWO SURVEYS, ONE IN THE DISTRICT OF CIDADE TIRADENTES, IN SÃO PAULO MUNICIPALITY, AND THE OTHER IN BAIRRO DA PAZ, IN SALVADOR, BOTH OF WHICH INVESTIGATED ASPECTS RELATING TO SOCIOECONOMIC COMPOSITION, SOCIABILITY, EMPLOYMENT AND ACCESS TO PUBLIC SERVICES ABD BENEFITS. CONSEQUENTLY IT PROVIDES VALUABLE INPUT TO THE DEBATE ON THE THEME OF RELATIONS BETWEEN RACE AND CLASS IN THE UNDERSTANDING OF INEQUALITIES.",10.1590/S0103-20702012000200012
SANTOS J;SALES C;PRADO T;MACIEL E,2018,"FACTORS ASSOCIATED WITH CURE WHEN TREATING TUBERCULOSIS IN THE STATE OF RIO DE JANEIRO, BRAZIL, 2011-2014; [FATORES ASSOCIADOS À CURA NO TRATAMENTO DA TUBERCULOSE NO ESTADO DO RIO DE JANEIRO, 2011-2014]","OBJECTIVE: TO ANALYZE FACTORS ASSOCIATED WITH CURE WHEN TREATING TUBERCULOSIS (TB) IN THE STATE OF RIO DE JANEIRO, BRAZIL, FROM 2011 TO 2014. METHODS: THIS WAS A CROSS-SECTIONAL STUDY WITH DATA FROM THE NOTIFIABLE DISEASES INFORMATION SYSTEM (SINAN); LOGISTIC REGRESSION WAS USED FOR DATA ANALYSIS. RESULTS: OF THE 57,142 CASES REPORTED, 49,691 (86.96%) WERE INCLUDED IN THE STUDY; SCHOOLING ≥13 YEARS (ODDS RATIO (OR) 3.48; 95%CI 2.74;4.41) AND RESIDING IN RURAL AREAS (OR 2.27; 95%CI 1.38; 3.73) WERE FACTORS ASSOCIATED WITH A HIGHER CHANCE OF CURE; BEING MALE (OR 0.71; 95%CI 0.66;0.76) AND BROWN SKIN COLOR/RACE (OR 0.73; 95%CI 0.68;0.78) STOOD OUT AS FACTORS ASSOCIATED WITH LESS CHANCE OF CURE. CONCLUSION: SOCIAL AND ECONOMIC DETERMINANTS WERE IDENTIFIED THAT INFLUENCE THE TREATMENT OUTCOME, EVIDENCING THE NEED FOR SOCIAL SUPPORT AND GUARANTEED ACCESS TO HEALTH SERVICES.; OBJETIVO: ANALISAR OS FATORES ASSOCIADOS À CURA NO TRATAMENTO DA TUBERCULOSE (TB) NO ESTADO DO RIO DE JANEIRO, BRASIL, NO PERÍODO DE 2011 A 2014. MÉTODOS: ESTUDO TRANSVERSAL, COM DADOS DO SISTEMA DE INFORMAÇÃO DE AGRAVOS DE NOTIFICAÇÃO (SINAN); EMPREGOU-SE REGRESSÃO LOGÍSTICA PARA ANÁLISE DOS DADOS. RESULTADOS: DOS 57.142 CASOS NOTIFICADOS, 49.691 (86,96%) FORAM INCLUÍDOS; REVELARAM-SE FATORES ASSOCIADOS A MAIOR CHANCE DE CURA DA TB TER ≥13 ANOS DE ESCOLARIDADE (ODDS RATIO [OR] 3,48; IC95% 2,74;4,41) E RESIDIR EM ZONA RURAL (OR 2,27; IC95% 1,38;3,73); ENTRE OS FATORES ASSOCIADOS A MENOR CHANCE DE CURA, DESTACARAM-SE O SEXO MASCULINO (OR 0,71; IC95% 0,66;0,76) E A RAÇA/COR DA PELE PARDA (OR 0,73; IC95% 0,68;0,78). CONCLUSÃO: FORAM IDENTIFICADOS DETERMINANTES SOCIAIS E ECONÔMICOS QUE INFLUENCIAM NO DESFECHO DO TRATAMENTO, EVIDENCIANDO A NECESSIDADE DE APOIO SOCIAL E GARANTIA DE ACESSO AOS SERVIÇOS DE SAÚDE.; OBJETIVO: ANALIZAR LOS FACTORES ASOCIADOS A CURA POR TRATAMIENTO DE TUBERCULOSIS (TB) EN EL ESTADO DE RÍO DE JANEIRO, BRASIL, ENTRE 2011 E 2014. MÉTODOS: ESTUDIO TRANSVERSAL CON DATOS DEL SISTEMA DE INFORMACIÓN DE AGRAVIOS DE NOTIFICACIÓN (SINAN); SE EMPLEÓ REGRESIÓN LOGÍSTICA. RESULTADOS: DE LOS 57.142 CASOS NOTIFICADOS, 49.691 (86,96%) FUERON INCLUIDOS; SE REVELARON COMO FACTORES ASOCIADOS A MAYOR PROBABILIDAD DE CURA TENER ≥13 AÑOS DE ESTUDIO (ODDS RATIO [OR] 3,48; IC 2,74;4,41) Y RESIDIR EN ZONA RURAL (OR 2,27; IC95% 1,38;3,73); ENTRE LOS FACTORES ASOCIADOS A MENOR PROBABILIDAD DE CURA SE HAN DESTACADO EL SEXO MASCULINO (OR 0,71; IC95% 0,66;0,76) Y LA RAZA/COLOR DE LA PIEL PARDA (OR 0,73; IC95% 0,68, 0,78). CONCLUSIÓN: SE IDENTIFICARON DETERMINANTES SOCIALES Y ECONÓMICOS QUE INFLUENCIAN EN EL DESENLACE DEL TRATAMIENTO, EVIDENCIANDO LA NECESIDAD DE APOYO SOCIAL Y GARANTÍA DE ACCESO A LOS SERVICIOS DE SALUD.",10.5123/S1679-49742018000300015
KYRILLOS G;STELZER J,2021,AN INTERSECTIONAL ANALYSIS OF GENDER AND RACE ON THE MEASURES ADOPTED UNDER EFFECTIVENESS OF CEDAW IN BRAZIL; [UMA ANÁLISE INTERSECCIONAL DE GÊNERO E RAÇA SOBRE AS MEDIDAS ADOTADAS EM PROL DA EFICÁCIA DA CEDAW NO BRASIL∗],"ACTIONS BY THE BRAZILIAN STATE IMPLEMENT THE CONVENTION ON THE ELIMINATION OF ALL FORMS OF DISCRIMINATION AGAINST WOMEN (CEDAW) ARE ANALYZED BASED ON THE CONCEPT OF INTERSECTIONALITY. THESE ACTIONS WERE PRESENTED IN REPORTS SENT BY THE BRAZILIAN STATE TO THE CEDAW COMMITTEE (1984-2014). THESE DOCUMENTS, ORGANIZED WITH CONTENT ANALYSIS, REVEAL THAT THE NATIONAL POSITION HAS BEEN TO IGNORE THE INTERSECTIONAL ELEMENTS OF DISCRIMINATION, EVEN WHEN FACED WITH SPECIFIC CALLS FROM THE CEDAW COMMITTEE. THE METHODOLOGY WAS PURE, DEDUCTIVE AND DESCRIPTIVE. © 2021, UNIVERSIDADE ESTADUAL DE CAMPINAS UNICAMP. ALL RIGHTS RESERVED.",10.1590/18094449202100610013
DE EMÍLIO CIRCUNDE VIEIRA ANDRADE D;TEODORO M,2020,COLONIALITY WITHIN THE PERSPECTIVE OF THE INTERSECTIONALITY OF RACE AND GENDER: AN ANALYSIS OF THE CASE OF DOMESTIC WORKERS IN BRAZIL; [A COLONIALIDADE DO PODER NA PERSPECTIVA DA INTERSECCIONALIDADE DE RAÇA E GÊNERO: ANÁLISE DO CASO DAS EMPREGADAS DOMÉSTICAS NO BRASIL],"THE PRESENT ARTICLE'S MAIN AIM IS TO USE THE DECOLONIAL THOUGHT THAT COMES WITH THE EMERGENCE OF THE MODERNITY / COLONIALITY, IN ORDER TO UNDERSTAND HOW THE PROCESS OF EXPANSION OF WESTERN EUROPE'S TERRITORIES IN THE GLOBAL SOUTH CULMINATED OVER THE CENTURIES IN THE COLONIZING NOT ONLY OF BODIES, BUT OF FLAVORS AND MINDS OF THE ONES WHO WERE FORCEFULLY DOMINATED. BASED ON THE REFLECTIONS OF DECOLONIAL AUTHOR, SUCH AS ANÍBAL QUIJANO AND MARIA LUGONES, THIS ARTICLE DISCUSSES THE RISE OF DECOLONIAL FEMINISM AND ITS IMPORTANCE FOR THE PERSONAL DEVELOPMENT OF THE OPPRESSED, WHO FIND THEMSELVES IN THE VICINITY OF SOCIETY'S OBSCURANTISM AND THEIR OWN INDIVIDUALITY. THROUGH THIS ANALYSIS - HAVING LABOR RELATIONS AS A REFERENCE - THE PRESENT WORK CONCLUDES THAT OPPRESION IS PERPETUATED AGAINST SUBJECTS IN THE POST-COLONIAL WORLD, TAKING INTO CONSIDERATION THAT THIS SAME OPPRESION IS EVEN MORE INTENSE WHEN THE INTERSECTIONALITY OF RACE AND GENDER IS TAKEN INTO ACCOUNT. THEREFORE, WE PROPOSE A BRIEF NORMATIVE ANALYSIS OF DOMESTIC LABOUR IN BRAZIL, PRESENTING A PORTRAIT OF THIS LABOUR MARKET, CONCLUDING THESE SUBJECTS ARE STILL INEVITABLY VICTMIZED BY ""THE PEOPLE"" AND THE CAPITAL. FINALLY, THIS ARTICLE PRESENTS ONE FINAL REFLECTION ON THE SITUATION OF DOMESTIC WORKERS, TAKING INTO CONSIDERATION THE SEVERITY OF THE CURRENT COVID19 PANDEMIC AND ITS IMMEDIATE CONSEQUENCES IN THIS FIELD. FINALLY, THIS RESEARCH IS BASED ON ACADEMIC WORKS BY AUTHORS IN LINE WITH DECOLONIAL EPISTEMOLOGICAL THINKING AS A WAY OF CONTRIBUTING TO A BREAK WITH THE EUROCENTRIC KNOWLEDGE STANDARD AND RECOGNIZING THE IMPORTANCE OF THE EMERGENCE OF A NEW SCIENTIFIC PROPOSAL, WHICH SHOULD COMPLEMENTARITY AND NOT EXCLUSIONNARY. © 2020 CENTRO UNIVERSITARIO DE BRASILIA. ALL RIGHTS RESERVED.",10.5102/RBPP.V10I2.6855
ABRAHÃO B;SOARES A,2016,RACE AND CIVILITY IN “BLACK X WHITE” MATCHES; [RAÇA E CIVILIDADE NOS JOGOS “PRETO X BRANCO”]; [RAZA Y CIVILIDAD EN LOS JUEGOS “BLANCO VS. NEGRO”],"IN THE 1920S AND 1930S, ""BLACK X WHITE"" FOOTBALL MATCHES WERE HELD IN SÃO PAULO. THEY WERE UNIQUE FOR OPPOSING SELF-DECLARED BLACKS AND WHITES. THIS ARTICLE INTERPRETS THE MEANING OF SELF-CONTROL OF VIOLENCE AT THOSE MATCHES BASED ON THE PRESS OF THAT TIME. OUR SOURCES WERE ARTICLES PUBLISHED BY SÃO PAULO NEWSPAPERS FROM 1927 TO 1931. WE CONCLUDED THAT THE ABSENCE OF VIOLENCE MANIFESTATIONS AT THOSE RITUAL MATCHES WAS INTERPRETED AS PROOF OF THE LEVEL OF DEVELOPMENT AND AFFIRMED CIVILIZED AND PEACEFUL COEXISTENCE BETWEEN THE MAIN RACES THAT FORMED THE BRAZILIAN NATION. © 2016, UNIVERSIDADE FEDERAL DO RIO GRANDE DO SUL. ALL RIGHTS RESERVED.",10.22456/1982-8918.59026
SILVA M,2016,TRABALHO RURAL: AS MARCAS DA RAÇA; [RURAL WORK: THE MARKS OF RACE],"CURRENTLY, IN MOST BRAZILIAN RURAL STUDIES, WAGE LABOR IS NOT PART OF THE RESEARCH TOPICS. MOREOVER, IN STUDIES REGARDING THE PRODUCTION OF COMMODITIES BY MEANS OF MACHINES WITH ADVANCED TECHNOLOGIES, THE WORK IS HIDDEN OR EVEN DENIED. GIVEN THIS SITUATION, I PROPOSE A REFLECTION THAT MAY BRING TO THE SCENE THE RURAL WORKERS (MAN AND WOMEN) AND UNCOVER THE RACIAL MARKERS THAT REFER TO THE BASEMENTS OF THE SOCIAL LADDER. BASED ON THE ORAL HISTORY METHODOLOGY OF MY RESEARCH AND ON THE COMPARATIVE ANALYSIS OF VARIOUS LATIN AMERICAN STUDIES, I SEEK TO UNDERSTAND THE PERMANENT DEGRADATION OF THE RURAL LABOR SITUATION IN CONTEMPORARY CAPITALISM IN THE CONTEXT OF HISTORICAL MARKS OF COLONIALITY.",10.1590/0102-6445139-167/99
ABRAHÃO B;SOARES A,2017,"SOCCER, RACE AND NATIONAL IDENTITY: AN ANALYSIS ABOUT THE PERFORMANCE OF PLAYERS IN BLACK X WHITE GAMES; [FUTEBOL, RAÇA E IDENTIDADE NACIONAL: UMA ANÁLISE DO DESEMPENHO DOS JOGADORES NOS JOGOS PRETO X BRANCO]","IN SAO PAULO IN COMMEMORATION OF THE DAY MAY 13TH THERE WAS A SOCCER GAME BETWEEN PLAYERS SELF DECLARED BLACK OR WHITE. THEY WERE THE BLACK X WHITE GAMES. THE AUTHORS AIMED TO ANALYZE THE COMPLIMENT TO THE PERFORMANCE OF BLACKS IN THOSE GAMES. THEY ANALYZED THE MATERIAL PUBLISHED BY THE SAO PAULO NEWSPAPERS BETWEEN THE YEARS 1927 AND 1931, 1938 AND 1939. IT WAS CONCLUDED THAT GAMES AIMED AT THE INTEGRATION AND TO CHALLENGE PREJUDICE IN BRAZIL. CONSEQUENTLY, THERE WERE POSITIVE STEREOTYPES ABOUT THE PHYSICAL QUALITIES OF THE “BLACK RACE”. DESIGNED AFTER THE ABOLITION, THE AMBIGUOUS EFFECT OF THAT PRAISE IS IN FACT THAT IT KEPT THE BLACK AWAY FROM INTELLECTUAL ACTIVITIES, INDICATING THE SOCCER FIELDS AS ONE OF THEIR AREAS OF INTEGRATION IN THAT LIBERAL SOCIETY. © 2015 COLÉGIO BRASILEIRO DE CIÊNCIAS DO ESPORTE",10.1016/j.rbce.2015.10.002
MELO V;DOMINGUES P;GOMES F,2015,"WHAT IS AT STAKE? ON SOCCER, RACE AND NATION IN BRAZIL: INTRODUCTION TO A MISSING HISTORY; [O QUE ESTÁ EM JOGO? EM TORNO DO FUTEBOL, DA RAÇA E DA NAÇÃO NO BRASIL: APRESENTAÇÃO PARA UMA HISTÓRIA AUSENTE]",[NO ABSTRACT AVAILABLE],NA
PEREIRA R,2016,"THE PERIPHERY IN CONCEIÇÃO EVARISTO AND ESMERALDA RIBEIRO: GENDER, RACE AND CLASS; [A PERIFERIA EM CONCEIÇÃO EVARISTO E ESMERALDA RIBEIRO: QUESTÕES DE GÊNERO, RAÇA E CLASSE]","THIS STUDY IS DEVELOPED IN THE CONTEXT OF SHORT-STORY PRODUCTION BY AFRO- BRAZILIAN FEMALE WRITERS IN THE LITERARY SERIES CADERNOS NEGROS (BLACK NOTEBOOKS) (1978-PRESENT). THE STUDY IS AIMED TO BE A CRITICAL ANALYSIS OF SOME OF THE MOST REPRESENTATIVE SHORT STORIES OF TWO WRITERS: CONCEIÇÃO EVARISTO AND ESMERALDA RIBEIRO, IN ORDER TO DISCUSS THE SOCIAL PORTRAIT OF THE PERIPHERY WITHIN THE STORIES. SINCE THEY ARE NARRATED FROM AN AFRICAN-BRAZILIAN FEMALE PERSPECTIVE, THE STORIES MAKE UP A MOSAIC OF OUR SOCIETY THAT REVEALS EXCLUSION EXPERIENCED BY A SIGNIFICANT PORTION OF OUR POPULATION.",10.1590/2316-4018493
XAVIER G,2013,"CRAFTING THE ""NEW NEGRO WOMAN"": FEMININITY AND RESPECTABILITY IN THE WRITINGS OF AFRICAN AMERICAN ACTIVISTS; [ESCULPINDO A ""NOVA MULHER NEGRA"": FEMINILIDADE E RESPEITABILIDADE NOS ESCRITOS DE ALGUMAS REPRESENTANTES DA RAÇA NOS EUA (1895-1904)]","AT THE TURN OF THE TWENTIETH CENTURY, AFRICAN AMERICAN INTELLECTUALS TOOK ON THE MISSION OF CONSTRUCTING A NEW PUBLIC IMAGE FOR THEIR PEOPLE. OVER THE COURSE OF TRAJECTORIES THAT WERE EXCEPTIONAL IN COMPARISON WITH THE MAJORITY OF THE BLACK POPULATION, ""RACE WOMEN"" SUCH AS ANNA COOPER AND FANNIE WILLIAMS LEFT WRITINGS INDICATING THE BEST ROUTE TO PREPARE THE ""BLACK MASSES"" FOR FREEDOM. DUE TO THEIR ECONOMIC STANDING, THEIR INTELLECTUAL TRAINING AND THEIR STRUGGLE AGAINST RACISM, THESE WOMEN PERSONIFIED THE ""NEW NEGRO WOMAN."" MY OBJECTIVE IS TO DESCRIBE THE IMAGE OF THIS ""NEW NEGRO WOMAN"" AS IT WAS CONSTRUCTED IN THE POST-EMANCIPATION UNITED STATES.",10.1590/S0104-83332013000100008
BERNARDES M,2021,QUESTIONS RELATED TO RACE IN THE STRUGGLE AGAINST GENDER VIOLENCE: SUBALTERNITY PROCESSES RELATED TO THE MARIA DA PENHA LAW; [QUESTÕES DE RAÇA NA LUTA CONTRA A VIOLÊNCIA DE GÊNERO: PROCESSOS DE SUBALTERNIZAÇÃO EM TORNO DA LEI MARIA DA PENHA],"THE MARIA DA PENHA LAW (MPL) CONSTITUTES A GREAT ACHIEVEMENT IN THE STRUGGLE FOR GENDER PARITY. THE SOCIAL PROCESS THAT RESULTED IN THE MPL SIGNIFICANTLY ALTERED THE TERMS IN WHICH DOMESTIC VIOLENCE WAS DISCUSSED IN THE COUNTRY, ALLOWING THE ISSUE TO LEAVE THE CIRCLE OF EXPERTS AND BECOME AN IMPORTANT POINT OF DEBATE IN THE PUBLIC SPHERE. HOWEVER, ITS RESULTS HAVE BEEN DIVERSE WITH RESPECT TO DIFFERENT WOMEN’S BODIES. DATA SHOW THAT THE LAW HAS SERVED TO DECREASE THE INCIDENCE OF VIOLENCE AGAINST WHITE WOMEN, BUT IT HAS NOT HAD THE SAME EFFECT FOR THE PROTECTION OF BLACK WOMEN. RELYING ON THEORETICAL FRAMEWORK PROVIDED BY BLACK FEMINISMS AND DECOLONIAL/POSTCOLONIAL FEMINISMS, THIS ARTICLE PRESENTS CONTENDS THAT BLACK WOMEN WHO ARE VICTIMS OF VIOLENCE HAVE BEEN SUBALTERNIZED AND SILENCED, AND IT DISCUSSES THE ROLE WHICH THE HEGEMONIC FEMINISM AND THE JUDICIAL SYSTEM PLAY IN THIS PROCESS. THE INTENTION, ON ONE HAND, IS TO PROBLEMATIZE, RATHER THAN CONDEMN, STRATEGIES OF THE BRAZILIAN HEGEMONIC FEMINIST MOVEMENT IN THE FORMULATION AND ENFORCEMENT OF THIS LAW, WHICH CONTRIBUTE TO THE REPRODUCTION OF HIERARCHIES AMONGST WOMEN. ON THE OTHER HAND, THIS PAPER ALSO AIMS TO EVIDENCE HOW THE JUDICIAL SYSTEM FUNCTIONS IN ORDER TO MAINTAIN RACIAL HIERARCHIES IN QUESTIONS RELATED TO GENDER VIOLENCE. © 2020 FUNDACAO GETULIO VARGAS, ESCOLA DE DIREITO DE SAO PAULO. ALL RIGHTS RESERVED.",10.1590/2317-6172201968
SANTOS E;PEREIRA P,2016,"LOVES OVES AND VAPORS: SAUNA, RACE AND VIRILE PROSTITUTION IN SÃO PAULO; [AMORES E VAPORES: SAUNA, RAÇA E PROSTITUIÇÃO VIRIL EM SÃO PAULO]","THIS ARTICLE SEEKS TO ADDRESS THE ECONOMY OF DESIRE IN ITS INTIMATE TIES WITH RACE RELATIONS THAT MARK THE MALE HUSTLER SAUNAS IN SÃO PAULO. AFTER DESCRIBING CERTAIN CHARACTERISTICS OF AN ETHNOGRAPHY OF HUSTLER SAUNAS AND INQUIRING INTO THEIR SPECIFICITIES, THE TEXT GOES ON TO ANALYZE THE DOUBLE INSERTION OF THE BLACK BODY (AS OBJECT OF DESIRE AND, SIMULTANEOUSLY, AS OBJECT OF DISGUST) IN THESE SPACES, AS WELL AS INQUIRY CONCERNING THE CATEGORY ""MORENO"". THE ARTICLE CONCLUDES BY SUGGESTING THAT SAUNAS PRESENT A RACIALIZED DESIRE.",10.1590/1805-9584-2016v24n1p133
CALIL M;MARKMAN D,2020,"LAW, RACE AND GENDER: ELEMENTS FOR THE CONSTRUCTION OF A FEMINIST LEGAL THEORY SUITABLE TO BLACK FEMINISM; [DIREITO, RAÇA E GÊNERO: ELEMENTOS PARA A CONSTRUÇÃO DE UMA TEORIA FEMINISTA DO DIREITO ADEQUADA AO FEMINISMO NEGRO]","BLACK FEMINISM HAS LONG OBSERVED THAT COMMON FEMINIST DEMANDS ARE MONOLITHIC AND DISREGARD THE CHARACTERISTICS AND PROBLEMS OF BLACK WOMEN, MAKING IT NECESSARY TO SEEK THE ASSUMPTIONS FOR THE ADEQUACY OF THE FEMINIST LEGAL THEORY TO THOSE SPECIFICITIES. THIS PAPER AIMS TO STUDY THE POSSIBILITIES OF ADAPTING THE ""FEMINIST THEORY OF LAW"" TO THE DEMANDS SPECIFICALLY FORMULATED BY BLACK FEMINISM. BIBLIOGRAPHIC RESEARCH WAS USED, WITH A DEDUCTIVE APPROACH, WITH AN EXPLORATORY AND PROPOSITIONAL OBJECTIVE. THE STUDY IS JUSTIFIABLE DUE TO THE NEED TO FULLY MEET THE DEMANDS FOR THE RECOGNITION OF RIGHTS, AS WELL AS DUE TO THE SCARCITY OF WORKS THAT ADDRESS THE THEME IN A SPECIFIC WAY IN BRAZIL. IT WAS CONCLUDED THAT THERE IS A NEED TO DISTANCE FEMINISM FROM THE MONOLITHIC AGENDA, THAT IS DETACHED FROM DIFERENCES BETWEEN WOMEN, ENTHRONE IN THE FIGHT AGAINST RACISM AND THE CLASS STRUCTURE, AS THEY ARE INSEPARABLE FROM THE DEMANDS OF BLACK FEMINISM. © 2020 CENTRO UNIVERSITARIO DE BRASILIA. ALL RIGHTS RESERVED.",10.5102/RBPP.V10I2.6797
DE ANDRADE I,2019,"THE SPIRIT UNDERNEATH: DEVELOPMENT, RACE AND MORAL ECONOMY IN CENTRAL MOZAMBIQUE; [O ESPÍRITO LATENTE: DESENVOLVIMENTO, RAÇA E ECONOMIA MORAL NO CENTRO DE MOÇAMBIQUE]","SINCE 2007, TETE, A PROVINCE IN CENTRAL MOZAMBIQUE, HAS BEEN EXPERIENCING AN ECONOMIC BOOM. MULTINATIONAL MINING COMPANIES ARE EXPLORING ONE OF THE WORLD’S LARGEST-AND VIRTUALLY UNTOUCHED-COAL DEPOSITS. LED BY BRAZILIAN-BASED MULTINATIONAL VALE, THE CONTROVERSIAL BILLIONAIRE INVESTMENT PLANS CAUGHT THE ATTENTION OF INTERNATIONAL NGOS AND COOPERATION AGENCIES THAT FLOODED TETE PROVINCE WITH DEVELOPMENT AND DEMOCRACY-BUILDING PROJECTS. MEANWHILE, THE INHABITANTS OF TETE ARE SUSPICIOUS. PEOPLE IN TETE HAVE ENCOUNTERED VARIOUS EXOGENOUS POPULATIONS SINCE PRE-COLONIAL TIMES AND ARE EXTREMELY FAMILIAR WITH THE METHODOLOGY OF DEVELOPMENT ORGANIZATIONS. HOWEVER, THE CURRENT “DEVELOPMENTAL AND DEMOCRATIC TIMES” POSE AN INTRIGUING QUESTION TO THEM: CAN WE DEVELOP? TO CLARIFY THIS EXISTENTIAL QUESTION-THAT HAS DEEP SPIRITUAL AND RACIAL IMPLICATIONS – THE ARTICLE DISCUSSES THE NATURE OF INTER-ETHNIC POLITICAL COMMUNITY IN THE ZAMBEZI VALLEY, CORRELATING IT WITH THE REGION’S PRE-COLONIAL AND COLONIAL HISTORY. É 2020, BRAZILIAN ANTHROPOLOGY ASSOCIATION. ALL RIGHTS RESERVED.",10.1590/1809-43412019v16a208
PEREIRA L,2020,OTHERNESS AND RACE BETWEEN AFRICA AND BRAZIL: WHITENESS AND DECENTERING IN THE BRAZILIAN SOCIAL SCIENCES; [ALTERIDADE E RAÇA ENTRE ÁFRICA E BRASIL: BRANQUIDADE E DESCENTRAMENTOS NAS CIÊNCIAS SOCIAIS BRASILEIRAS],"FROM MY FIELD EXPERIENCE IN ANGOLA, I SEEK TO QUESTION THE TRADITIONAL CHARACTERIZATION OF BRAZILIAN ANTHROPOLOGY — AND BY EXTENSION OF THE SOCIAL SCIENCES — AS MADE BY “BRAZILIANS” ABOUT “BRAZIL”, REFLECTING ON THE NEW PROFILE OF SOCIAL SCIENTISTS REGARDING ETHNIC BELONGING, RACIAL AND CLASS THAT HAS PLURALIZED FOR THE PAST 20 YEARS. THIS TRANSFORMATION OF THE PROFILE OF SOCIAL SCIENTISTS CHALLENGES THE IDEA OF ​“US THE ANTHROPOLOGIST” BUILT ON A NATION-CENTERED IDEA THAT DOES NOT RECOGNIZE ITS CLASS, RACE AND TERRITORY, I.E. WHITE, MIDDLE CLASS, OR SOCIALIZED STATUS IN THE SOUTH / SOUTHEAST OF THE COUNTRY. I DEFEND THE DECENTERING OF THE BRAZILIAN SOCIAL SCIENCES INSPIRED BY THE NEW MOVEMENTS OF DECOLONIZATION OF THE SOCIAL SCIENCES. THIS DECENTERING INVOLVES THE RECOGNITION AND POLITICIZATION OF THE HEGEMONIC WHITENESS OF THE SOCIAL SCIENCES AS A CONDITION FOR ITS CRITICAL REVISION. © 2020, UNIVERSIDADE DE SAO PAULO. ALL RIGHTS RESERVED.",10.11606/2179-0892.ra.2020.170727
PANTA M,2020,THE BLACK POPULATION AND THE RIGHT TO THE CITY: INTERFACES BETWEEN RACE AND URBAN SPACE IN BRAZIL; [POPULAÇÃO NEGRA E O DIREITO À CIDADE INTERFACES ENTRE RAÇA E ESPAÇO URBANO NO BRASIL]; [POBLACIÓN NEGRA Y EL DERECHO A LA CIUDAD: INTERFACES ENTRE RAZA Y ESPACIO URBANO EN BRASIL],"CONFIRMING THAT, HISTORICALLY, THE BLACK POPULATION IS PRESENT IN LARGER PROPORTIONS IN SEG-REGATED AND STIGMATIZED TERRITORIES OF SEVERAL BRAZILIAN CITIES, THE OBJECTIVE OF THIS ARTICLE IS TO PROMOTE A DISCUSSION ABOUT THE PROCESSES OF URBAN SEGREGATION WITH RACE AS THE ANALYTICAL CATEGORY. IN ORDER TO APPROACH THIS PROBLEM, A CRITICAL ANALYSIS OF THE STUDIES THAT PROPITIATED THE DEBATE THROUGH DIFFERENT THEORETICAL AND METHODOLOGICAL REFERENCES WAS UNDERTAKEN. © 2020, ARQUIVO NACIONAL. ALL RIGHTS RESERVED.",NA
NEGRO A,2020,"BLACK COLORS OF SLAVERY NOT TO BE SEEN: RACE, CLASS AND NATION ON MIGUEL CALMON'S JOURNEY TO ASIAN PLANTATIONS (1905); [NEGRAS CORES DE ESCRAVIDÃO PARA NÃO SE VER: RAÇA, CLASSE E NAÇÃO NA VIAGEM DE MIGUEL CALMON A PLANTAÇÕES ASIÁTICAS (1905)]","AT FIRST, THE ARTICLE FOCUSES ON THREE VISITATIONS BY MIGUEL CALMON TO DUTCH TOBACCO PLANTATIONS IN SUMATRA. I CONNECT THE ANALYSIS OF HIS TRAVEL REPORT WITH THE STUDY OF THE LANDLORDS' IDEOLOGY OF POSTABOLITION BAHIA HIGHLIGHTING THEIR PERCEPTIONS ON THE WORKERS' AGENCY. I ALSO POINT OUT THE LANDLORDS' STRATEGIES FOR ORGANIZING FREE LABOR, FOCUSING ON RENT AND ENJOYMENT OF MANPOWER. FOLLOWING, THE ARTICLE DEMONSTRATES HOW, UNDER MIGUEL CALMON'S LEADERSHIP AFTER HIS RETURN TO BRAZIL, CONTACTING NATIVES REPRESENTED UNVEILING NATIONAL WORKERS. IN ADDITION TO STRESSING THE IMPORTANCE OF MOBILITY FOR NATIVES IN DEALING WITH THE STRATEGIES OF THEIR ALLEGED PROTECTION, I ARGUE THAT MOBILITY WAS ALSO A WEAPON OF STRUGGLE FOR THE WORKING CLASS. I THUS INTEND TO CONTRIBUTE TO BROADEN RESEARCHES ON THE WORLDS OF LABOR, ADDRESSING GLOBAL BUT ALSO BRAZILIAN CONNECTIONS. © 2020 UNIVERSIDADE FEDERAL DE MINAS GERAIS. ALL RIGHTS RESERVED.",10.1590/0104-87752020000300008
CASTRO F,2016,A MULTIFACETED INTELLECTUAL IN A KALEIDOSCOPE OF IDEAS: RACE IN THE THOUGHT OF FERNANDO ORTIZ; [UM INTELECTUAL MULTIFACETADO EM UM CALEIDOSCÓPIO DE IDEIAS: RAÇA NO PENSAMENTO DE FERNANDO ORTIZ]; [UN INTELECTUAL POLIFACÉTICO EN UN CALEIDOSCOPIO DE IDEAS: RAZA EN EL PENSAMIENTO DE FERNANDO ORTIZ],"THIS ARTICLE AIMS TO CONDUCT AN ANALYSIS OF THE IDEAS ABOUT RACE OF CUBAN INTELLECTUAL FERNANDO ORTIZ (1881-1969) BETWEEN THE 1920S AND 1940S REFLECTING ON SOME OF THE PARADIGMS THAT INFLUENCED HIS THOUGHTS, PARTICULARLY ELEMENTS RELATED TO CULTURAL ANTHROPOLOGY AND SPIRITISM. I INTEND TO SHOW THAT ORTIZ WAS A MULTIFACETED INTELLECTUAL AND THEREFORE HIS VIEWS ON RACE CAN ONLY BE UNDERSTOOD WHEN INSERTED INTO A KALEIDOSCOPIC PERSPECTIVE, THAT IS, THEIR IDEAS CANNOT BE UNDERSTOOD BY A ONE-DIMENSIONAL LENSES. © 2016, EDITORA DA P U C R S. ALL RIGHTS RESERVED.",10.15448/1980-864X.2016.2.22887
MINELLA L,2013,"FUNDAMENTAL THEMATIC IN GENDER AND SCIENCES IN BRAZIL: RACE/ETHNICS, IS THERE A LACK?; [TEMÁTICAS PRIORITÁRIAS NO CAMPO DE GÊNERO E CIÊNCIAS NO BRASIL: RAÇA/ETNIA, UMA LACUNA?]","THIS ARTICLE REFLECTS ON THE GENDER AND SCIENCES IN BRAZIL, AIMING AT: A) ESTIMATING AND IDENTIFYING THE PREDOMINANT THEMATICS APPROACHED IN DIFFERENT REPRESENTATIVE STUDIES OF THE AREA; B) REFLECTING ON THE ADVANCES AND GAPS, OBSERVING TO WHICH EXTENT THE ANALYSES RECUPERATE THE INTERSECTIONS BETWEEN GENDER AND RACE/ETHNICITY. SEVERAL REPRESENTATIVE CONTRIBUTIONS WERE ANALYZED, AND IT WAS POSSIBLE TO CLASSIFY THE THEMATIC INTO THREE GREAT TENDENCIES. DESPITE THE ADVANCES REPRESENTED BY SUCH SET OF CONTRIBUTIONS, IT IS ALSO OBSERVED THAT THE EMPHASIS HAS BEEN MOSTLY ON THE ASYMMETRIES BETWEEN MEN AND WOMEN; THE EMPIRICAL RESEARCH HAS CONTEMPLATED, WITH CERTAIN FREQUENCY, THE INTERSECTIONS BETWEEN GENDER AND GENERATIONS THROUGH THE ANALYSIS OF DATA COMPREHENDED BY AGE; IN SOME RESEARCH, IT IS POSSIBLE TO FIND INFORMATION ON THE SOCIAL-ECONOMICAL PROFILE OF THE WOMEN UNDER STUDY; ANALYSES THAT BRING THE RACIAL AND ETHNIC QUESTION TO THE CENTER OF THE DEBATE HAVE NOT BEEN FOUND, TURNING THIS LACK INTO A GREAT EPISTEMOLOGICAL AND POLITICAL CHALLENGE.",10.1590/S0104-83332013000100003
SILVEIRA L;SIQUEIRA N,2021,OCCUPATIONAL SEGREGATION AND INCOME GAP BY GENDER AND RACE IN BRAZIL: AN AGE GROUP ANALYSIS; [SEGREGAÇÃO OCUPACIONAL E DIFERENCIAIS DE RENDA POR GÊNERO E RAÇA NO BRASIL: UMA ANÁLISE DE GRUPOS ETÁRIOS]; [SEGREGACIÓN OCUPACIONAL Y DIFERENCIALES DE INGRESOS POR GÉNERO Y RAZA EN BRASIL: UN ANÁLISIS DE GRUPOS DE EDAD],"IN THE PAST 30 YEARS, BRAZIL STRENGTHENED LABOR MARKET STRUCTURAL CHANGE ON ASPECTS RELATED TO OCCUPATIONAL MODERNIZATION, FEMININE PARTICIPATION AND HIGHER EDUCATION EXPANSION. IN THIS REGARD, YOUNGER COHORTS ENTERED IN A DIFFERENT CONTEXT THAN THOSE WHO ENTERED IN PAST DECADES. THUS, THIS RESEARCH AIMS TO MEASURE OCCUPATIONAL SEGREGATION AND WAGE DISPARITIES BY GENDER AND RACE OVER THREE AGE GROUPS. THEREFORE, THE QUESTIONS ARE: IS OCCUPATIONAL SEGREGATION LOWER AMONG YOUNGER PEOPLE? DOES IT REFLECT ON LOWER WAGE INEQUALITY? THESE QUESTIONS ARE ANALYZED THROUGH SEGREGATION AND WAGE DECOMPOSITION FROM PNAD 2015 ON A SAMPLE FOR PEOPLE WITH HIGHER EDUCATION. THESE RESULTS POINT OUT TO LOWER INEQUALITY AMONG THE YOUNGEST PEOPLE, BUT DOUBTS REMAIN AS TO WHETHER THESE ARE AGE OR COHORT EFFECTS. IN THIS REGARD, THE SEGREGATION INDEX FOR THE COHORT BETWEEN 26 AND 35 YEARS OLD IN 2015 IS COMPARED TO THE SAME AGE RANGE IN 1995 AND 2005, FOCUSING ON ISOLATED COHORT AND AGE EFFECTS. IN THE END, IT IS POINTED OUT THAT AGE IS MORE ASSOCIATED WITH INCREASING INEQUALITY THAN WITH COHORT, ALTHOUGH SEGREGATION BY RACE IS LOWER AMONG THE YOUNGER COHORT. © 2021, ASSOCIACAO BRASILEIRA DE ESTUDOS POPULACIONAIS. ALL RIGHTS RESERVED.",10.20947/S0102-3098a0151
SILVA D,2020,"GENDER AND RACE PERFORMANCES IN THE DIGITAL ACTIVISM OF GELEDÉS: INTERSECTIONALITY, INTERACTIONAL POSITIONS AND REFLECTIVITY; [PERFORMANCES DE GÊNERO E RAÇA NO ATIVISMO DIGITAL DE GELEDÉS: INTERSECCIONALIDADE, POSICIONAMENTOS INTERACIONAIS E REFLEXIVIDADE]","CONSIDERING THE INCREASING ACTIVITY OF DIGITAL ACTIVISM OF BLACK FEMINISM IN BRAZILIAN SOCIETY, THIS ARTICLE ANALYZES GENDER AND RACIAL PERFORMANCE PRODUCED IN INTERACTIONAL POSITIONING MOBILIZED BY SUBJECTS IN THEIR COMMENTS ON THE GELEDÉS FACEBOOK PAGE. FOR THAT, PERFORMATIVE PERSPECTIVES OF LANGUAGE, IDENTITY, GENDER AND RACE WERE ADOPTED, AS WELL AS A POST-CRITICAL QUALITATIVE METHODOLOGY INSPIRED BY VIRTUAL ETHNOGRAPHY. THE RESULTS OBTAINED POINT TO THE INTERSECTION BETWEEN GENDER AND RACIAL PERFORMANCES IN IDENTITY-RELATED PRACTICES PERFORMED BY COMMENTATORS, AS WELL AS TO THE REFLEXIVITY POTENTIAL OF THESE SOCIAL PRACTICES, ESPECIALLY REGARDING THE CONTESTATION OF COLONIAL NARRATIVES BASED ON RACISM AND SEXISM. © 2020, UNIVERSIDADE FEDERAL DE MINAS GERAIS, FACULDADE DE LETRAS. ALL RIGHTS RESERVED.",10.1590/1984-6398202014801
DE MELO A,2020,"RACE AND MODERNITY IN FORMAÇÃO DO BRASIL CONTEMPORÂNEO BY CAIO PRADO JR.; [RAÇA E MODERNIDADE EM FORMAÇÃO DO BRASIL CONTEMPORÂNEO, DE CAIO PRADO JR.]","IN THIS ARTICLE WE ARGUE THAT CAIO PRADO JÚNIOR'S MAIN WORK SETS A CLEAR SENSE OF HIERARCHY OF CULTURES IN ORDER TO INTERPRET BRAZIL. IN THIS INTERPRETIVE FRAMEWORK, WESTERN CULTURE TAKES LEADERSHIP OVER HISTORICAL TRANSFORMATIONS. IN CONTRAST, THE NON-WESTERN CULTURES OF BRAZILIAN COLONIAL MATRIX (AFRICAN AND AMERINDIAN) ARE CONSIDERED TO PLAY A MINOR ROLE IN THE NATION-BUILDING OF MODERN BRAZIL. WE INTEND TO SHOW THAT, ACCORDING TO THE BOOK FORMAÇÃO DO BRASIL CONTEMPORÂNEO, BRAZIL WOULD ONLY BECOME A MODERN NATION THROUGH A PROCESS OF CULTURAL WESTERNIZATION. © 2020, ASSOCIACAO NACIONAL DE POS-GRADUACAO E PESQUISA EM CIENCIAS SOCIAIS - ANPOCS.",10.1590/3510215/2020
DE OLIVEIRA R,2017,"DESCOLONIZAR OS LIVROS DIDÁTICOS: RAÇA, GÊNERO E COLONIALIDADE NOS LIVROS DE EDUCAÇÃO DO CAMPO; [DECOLONIZING TEXTBOOKS: RACE, GENDER AND COLONIALITY IN RURAL EDUCATION TEXTBOOKS]","DECOLONIZING THOUGHT IS A FUNDAMENTAL STRUGGLE OF THE MOVEMENTS FOR RURAL EDUCATION. IT IS A WAY OF RESISTING AND RE-IVENTING KNOWLEDGE AND WAYS OF LIVING. CONSIDERING THAT THE MONOPOLY AND VISIBILITY OF WESTERN EUROPEAN KNOWLEDGE DEVALUE, DESQUALIFY AND INVISIBILIZE RURAL KNOWLEDGE, THIS ARTICLE INVESTIGATES THE BOOKS OF THE PROGRAMA NACIONAL DE LIVROS DIDATICOS (PNLD) FOR RURAL EDUCATION, SEEING HOW KNOWLEDGE AND WAYS OF LIFE ARE PRESENTED IN THE TEXTBOOKS. BY MEANS OF THE SELECTION AND ANALYSIS OF MEANINGFUL IMAGETIC AND TEXTUAL EVENTS, THE ARTICLE THEMATIZES HIERARCHIES OF KNOWLEDGE AND WAYS OF LIFE IN THE AFOREMENTIONED TEXTBOOKS. THIS ARTICLE IS THE RESULT OF RESEARCH ABOUT HOW RACE AND GENDER ARE ADDRESSED IN ALL THE BOOKS OF THE PNLD FOR RURAL EDUCATION, RELEASED ON 2013. THE RESEARCH REVEALS TWO CENTRAL EVENTS REGARDING THE WAYS BY WHICH RACE AND GENDER ARE PERFORMED ON THOSE BOOKS: THE COLONIALITY OF KNOWLEDGE AND THE POLITICALLY CORRECT STYLE.",10.1590/S1413-24782017226802
GUIMARÃES A,2016,NATIONAL FORMATIONS OF CLASS AND RACE; [FORMAÇÕES NACIONAIS DE CLASSE E RAÇA],"IN THIS PAPER, I PROPOSE AND USE A NEW UNDERSTANDING OF TWO KEY CONCEPTS IN HISTORICAL STUDIES ON RACISM AND BLACK SOCIAL MOVEMENTS IN THE AMERICAS - RACIALIZATION AND RACIAL FORMATION - BY EXAMINING THEM IN THE LIGHT OF THE THEORIES OF SOCIAL CLASSES AND THE FORMATION OF SOCIAL GROUPS IN GENERAL. MY STARTING POINT IS THAT THESE CONCEPTS CAN NOT BE OPERATED ON THE ANALYSIS OF HISTORICAL PROCESSES BUT CONCOMITANTLY WITH CONCRETE ANALYZES OF NATIONAL AND CLASSES FORMATIONS. I TAKE THE MODERN AND CONTEMPORARY BRAZIL TO EMPIRICALLY EXAM THE HISTORICAL PROCESSES THAT CAN EMPIRICALLY SUBSTANTIATE MY CONCEPTUAL PROPOSAL.",NA
GALVÃO A;OLIVEIRA E;GERMANI A;LUIZ O,2021,"STRUCTURAL DETERMINANTS OF HEALTH, RACE, GENDER, AND SOCIAL CLASS: A SCOPE REVIEW; [DETERMINANTES ESTRUTURAIS DA SAÚDE, RAÇA, GÊNERO E CLASSE SOCIAL: UMA REVISÃO DE ESCOPO]","THIS ARTICLE AIMS AT EXPLORING AND SYSTEMATIZING THE KNOWLEDGE ABOUT STRUCTURAL HEALTH DETERMINANTS. FOR SUCH PURPOSE, WE DEVELOPED A SCOPE REVIEW IN THE DATABASES WEB OF SCIENCE, CINAHL, SCOPUS, LILACS AND PUBMED; AND IN THE JOURNALS INTERNATIONAL JOURNAL OF EPIDEMIOLOGY, JOURNAL OF EPIDEMIOLOGY AND COMMUNITY HEALTH, AMERICAN JOURNAL OF PUBLIC HEALTH AND AMERICAN JOURNAL OF EPIDEMIOLOGY FROM 2005 TO 2018. WE USED THE SEARCH TERMS “SOCIAL DETERMINANTS OF HEALTH”, “HEALTH SERVICES”, “HEALTH POLICIES”, AND “INEQUITY”. WE IDENTIFIED 1,164 ARTICLES, OF WHICH 19 WERE SELECTED. THE STRUCTURAL DETERMINANTS, ALSO CALLED SOCIAL MARKERS, WERE RACE, GENDER, GENDER IDENTITY, MIGRATION AND SOCIAL CLASS. THEORETICAL PERSPECTIVES OF THESE ARTICLES, DIRECTLY OR INDIRECTLY, ASSUMED HEALTH AS A RIGHT. THE PROPOSED HEALTH POLICIES FOCUSED ON THE POSITIVE EFFECT OF PLANNING FUNCTIONS, TRAINING OF SERVICE PROVIDERS, AND REDUCTION OF BARRIERS TO ACCESS AND PARTICIPATION OF EXCLUDED GROUPS ON EQUITY. WE CONCLUDED THAT THE SCIENTIFIC LITERATURE REINFORCES THAT EVERY INDIVIDUAL MUST HAVE THE CAPACITY TO REACH A PERSONAL IDEAL STATE OF HEALTH WITHOUT ANY DISTINCTION OF RACE, SKIN COLOR, RELIGION, LANGUAGE, NATIONALITY, SOCIOECONOMIC RESOURCES, GENRE, SEXUAL ORIENTATION, GENDER IDENTITY, PHYSICAL, MENTAL OR EMOTIONAL DISABILITY, OR ANY OTHER CHARACTERISTIC LINKED TO DISCRIMINATION OR EXCLUSION FROM SOCIAL AND POLITICAL OPPORTUNITIES. © 2021, UNIV SAOPAULO. ALL RIGHTS RESERVED.",10.1590/S0104-12902021200743
OLIVEIRA D;COSTA T,2020,ABAETÊ CRIOLO'S EXPERIENCE AS AN ACTION TO CONFRONT GENDER AND RACE INEQUALITIES: AN ANALYSIS OF DISCOURSE ON INTERSECTIONALITY AND BLACK FEMINISM; [A EXPERIÊNCIA DO ABAETÊ CRIOLO COMO AÇÃO DE ENFRENTAMENTO A DESIGUALDADES DE GÊNERO E RAÇA: UMA ANÁLISE DE DISCURSO SOBRE INTERSECCIONALIDADE E FEMINISMO NEGRO],"THIS ARTICLE AIMS TO IMPLEMENT LAW 10.639/03 THROUGH THE EXPERIENCE OF ABAETÊ CRIOLO. THIS LAW MAKES IT MANDATORY TO TEACH AFRO-BRAZILIAN HISTORY AND CULTURE AT SCHOOL, AND THE GROUP, THROUGH ARTISTIC AND STUDY ACTIVITIES, MAKES ITS OBJECTIVES EFFECTIVE. FOR THAT, WE WILL ANALYZE THE SPEECH OF THE INTERLOCUTORS IN RELATION TO THE GENDER CROSSED BY THE RACE, THAT IS, THE MEANING OF BEING A BLACK WOMAN. THE METHOD USED WAS CRITICAL DISCOURSE ANALYSIS (ADC), WHICH CONCEIVES LANGUAGE AS A SOCIAL PRACTICE AND IS USED TO UNDERSTAND THE STRUCTURAL RELATIONSHIPS, TRANSPARENT OR VEILED, MANIFESTED IN LANGUAGE, CRITICALLY INVESTIGATING HOW INEQUALITIES ARE EXPRESSED, LEGITIMIZED AND CONSTITUTED IN THE SPEECH. THE THEORETICAL FRAMEWORK FOR ACCESSING THIS THEME WAS OUTLINED AROUND BLACK FEMINISM AND THE CONCEPT OF INTERSECTIONALITY. WE CONCLUDE THAT THE EXPERIENCE OF ABAETÊ CRIOLO PRESENTED ITSELF AS A POTENT ACTION TO CONFRONT GENDER AND RACE INEQUALITIES. IN VIEW OF THIS, WE CONCEIVE THAT EDUCATIONAL PROJECTS THAT FALL WITHIN THE SCOPE OF LAW 10.639/03 ARE ESSENTIAL FOR THE EXISTENCE OF A PLURAL SOCIETY AND A DEMOCRATIC STATE, AS IT ENABLES THE CONSTRUCTION OF PUBLIC POLICIES OF SOCIAL INSERTION FOR BLACK MEN AND WOMEN. © 2020 CENTRO UNIVERSITARIO DE BRASILIA. ALL RIGHTS RESERVED.",10.5102/RBPP.V10I2.6818
MALLMANN M;BOING A;TOMASI Y;ANJOS J;BOING A,2018,EVOLUTION OF SOCIOECONOMIC INEQUALITIES IN CONDUCTING PRENATAL CONSULTATIONS AMONG BRAZILIAN PARTURIENT WOMEN: ANALYSIS OF THE PERIOD 2000-2015; [EVOLUÇÃO DAS DESIGUALDADES SOCIOECONÔMICAS NA REALIZAÇÃO DE CONSULTAS DE PRÉ-NATAL ENTRE PARTURIENTES BRASILEIRAS: ANÁLISE DO PERÍODO 2000-2015],"OBJECTIVE: TO ANALYZE EVOLUTION AS TO CONDUCTING SEVEN OR MORE PRENATAL CONSULTATIONS WITH PREGNANT WOMEN IN BRAZIL, IN THE PERIOD 2000-2015 ACCORDING TO MATERNAL EDUCATION LEVEL AND RACE/SKIN COLOR OF THE NEWBORN BABY. METHODS: THIS WAS A TIME SERIES STUDY BASED ON LIVE BIRTHS INFORMATION SYSTEM (SINASC) DATA; RELATIVE AND ABSOLUTE INEQUALITIES WERE INVESTIGATED, ADJUSTED FOR MATERNAL AGE AND GESTATIONAL WEEK IN WHICH CHILDBIRTH OCCURRED. RESULTS: WE ANALYZED APPROXIMATELY 48 MILLION BIRTHS; THE PROPORTION OF SEVEN OR MORE PRENATAL CONSULTATIONS INCREASED NATIONALLY (FROM 46.0% TO 66.9%) IN ALL GROUPS ANALYZED; THE RELATIVE DIFFERENCE BETWEEN THE EXTREMES OF EDUCATION LEVEL RANGED FROM 3.0 TO 2.0, WHILE THE ABSOLUTE DIFFERENCE RANGED FROM 53.1 TO 47.7 PERCENTAGE POINTS; THE ADJUSTED RATIO BETWEEN WHITE/BLACK RACE/SKIN COLOR WAS 1.4 IN 2000 AND 1.2 IN 2015. CONCLUSION: THE PROPORTION OF PREGNANT WOMEN HAVING SEVEN OR MORE PRENATAL CONSULTATIONS HAS INCREASED IN BRAZIL, ALTHOUGH INEQUALITIES ARE STILL FOUND.; OBJETIVO: ANALISAR A EVOLUÇÃO DA REALIZAÇÃO DE AO MENOS SETE CONSULTAS DE PRÉ-NATAL NO BRASIL, NO PERÍODO 2000-2015, SEGUNDO ESCOLARIDADE DA MÃE E RAÇA/COR DA PELE DO RECÉM-NASCIDO. MÉTODOS: ESTUDO DE SÉRIE TEMPORAL COM BASE NO SISTEMA DE INFORMAÇÕES SOBRE NASCIDOS VIVOS (SINASC); INVESTIGARAM-SE DESIGUALDADES RELATIVAS E ABSOLUTAS AJUSTADAS PELA IDADE MATERNA E SEMANA DE GESTAÇÃO QUANDO OCORREU O PARTO. RESULTADOS: ANALISARAM-SE APROXIMADAMENTE 48 MILHÕES DE NASCIMENTOS; A PROPORÇÃO DE REALIZAÇÃO DE SETE OU MAIS CONSULTAS DE PRÉ-NATAL AUMENTOU NACIONALMENTE (DE 46,0 PARA 66,9%) E EM TODOS OS GRUPOS ANALISADOS; A DIFERENÇA RELATIVA ENTRE OS EXTREMOS DE ESCOLARIDADE VARIOU DE 3,0 PARA 2,0 E A ABSOLUTA DE 53,1 PARA 47,7 PONTOS PERCENTUAIS; A RAZÃO AJUSTADA ENTRE RAÇA/COR DA PELE BRANCA E PRETA ERA DE 1,4 EM 2000 E CHEGOU A 1,2 EM 2015. CONCLUSÃO: A PROPORÇÃO DE GESTANTES COM SETE OU MAIS CONSULTAS DE PRÉ-NATAL AUMENTOU NO BRASIL, EMBORA DESIGUALDADES AINDA TENHAM SIDO OBSERVADAS.; OBJETIVO: ANALIZAR LA EVOLUCION DE COBERTURA DE SIETE O MÁS CONSULTAS PRENATALES EN MUJERES EMBARAZADAS EN BRASIL, EN EL PERÍODO 2000-2015 SEGÚN EL NIVEL DE EDUCACIÓN Y LA RAZA/COLOR DE PIEL DEL RECIÉN NACIDO. MÉTODOS: ESTUDIO DE SERIES TEMPORALES BASADO EN DATOS DEL SISTEMA DE INFORMACIONES SOBRE NACIDOS VIVOS (SINASC); SE INVESTIGARON LAS DESIGUALDADES RELATIVAS Y ABSOLUTAS, AJUSTADAS POR EDAD MATERNA Y SEMANA GESTACIONAL POR OCASIÓN DEL PARTO. RESULTADOS: SE ANALIZARON APROXIMADAMENTE 48 MILLONES DE NACIMIENTOS; LA PROPORCIÓN DE SIETE O MÁS CONSULTAS AUMENTÓ EN BRASIL (DE 46.0% A 66.9%) EN TODOS LOS GRUPOS ANALIZADOS; LA DIFERENCIA RELATIVA ENTRE LOS EXTREMOS DEL NIVEL EDUCATIVO VARIÓ DE 3.0 A 2.0 Y LA DIFERENCIA ABSOLUTA DE 53.1 A 47.7 PUNTOS PORCENTUALES; LA RAZÓN AJUSTADA ENTRE RAZA/COLOR BLANCA Y NEGRA, DE 1,4 EN 2000, LLEGÓ A 1,2 EN 2015. CONCLUSIÓN: LA PROPORCIÓN DE GESTANTES CON SIETE O MÁS CONSULTAS PRENATALES AUMENTÓ EN BRASIL, PERO AÚN SE OBSERVAN DESIGUALDADES.",10.5123/S1679-49742018000400014
GOMES A;WEGNER R;DE SOUZA V,2017,"SCIENCE, RACE AND EUGENICS IN THE SECOND HALF OF THE 20TH CENTURY: NEW OBJECTS AND NEW TEMPORALITY IN AN INTERNATIONAL PANORAMA; [CIÊNCIA, RAÇA E EUGENIA NA SEGUNDA METADE DO SÉCULO XX: NOVOS OBJETOS E NOVA TEMPORALIDADE EM UM PANORAMA INTERNACIONAL]",[NO ABSTRACT AVAILABLE],10.1590/0104-87752017000100002
CANELAS L,2020,"""FREE PEOPLE OF COLOR"" IN MARTINIQUE: ISSUES ABOUT RACE AND GENDER IN THE FRENCH CARIBBEAN (18TH-19TH CENTURIES); [""LIVRES DE COR"" NA MARTINICA: QUESTÕES SOBRE RAÇA E GÊNERO NO CARIBE FRANCÊS (SÉCULOS XVIII-XIX)]","THE AIM OF THIS ARTICLE IS TO ANALYZE THE RACIAL AND DISCRIMINATORY BARRIERS IMPOSED ON AFRICANS AND AFRO-DESCENDANTS THROUGHOUT THE 18TH CENTURY IN THE FRENCH CARIBBEAN, BASED ON DOCUMENTARY SOURCES AND HISTORIOGRAPHY THAT INVESTIGATES THE EXPERIENCES OF THE ""FREE PEOPLE OF COLOR"" MAINLY IN MARTINIQUE. IT SEEMS THAT THE RACIALIZATION OF SLAVERY INDUCED THE DEVELOPMENT OF RACIAL HIERARCHIES, UPON WHICH THE AMERICAN COLONIES HAD BEEN ERECTED, AND COLOR PREJUDICE, WHICH SETTLED IN BOTH THE FRENCH POSSESSIONS AND THE METROPOLIS IN THE 18TH CENTURY. MOREOVER, THIS ANALYSIS AIMS TO DEMONSTRATE HOW THE WHOLE PROCESS FOSTERED THE CONSTRUCTION OF A RACIALIZED AND DEROGATORY IMAGE ABOUT THE BLACK WOMEN FROM FRENCH CARIBBEAN, ESPECIALLY FROM THE FREQUENT DISCOURSE ON THE LINK BETWEEN MANUMISSION AND MESTIZAJE. © 2020 UNIVERSIDADE DE SAO PAULO, FACULDADE DE FILOSOFIA, LETRAS E CIENCIAS HUMANAS. ALL RIGHTS RESERVED.",10.11606/ISSN.2316-9141.RH.2020.158116
SEGNINI L,2014,MUSICIANS AND THEIR WORK: GENDER AND RACE DIFFERENCES; [OS MÚSICOS E SEU TRABALHO: DIFERENÇAS DE GÊNERO E RAÇA],"CONSUBSTANTIAL SOCIAL RELATIONS OF CLASS, GENDER AND RACE/SKIN COLOUR INFORM DIFFERENCES IN THE WAYS IN WHICH MUSICIANS EXPERIENCE THE ARTISTIC FIELD, WHETHER THEY ARE ENGAGED IN LONG-TERM OR INTERMITTENT WORK. STATISTICAL DATA SHOWS THAT THE MUSIC FIELD IS PREDOMINANTLY COMPOSED OF WHITE MALES (48% OF THE TOTAL). CLASS RELATIONS DETERMINED BY SOCIOECONOMIC BACKGROUND ALSO PROVE IMPORTANT IN TERMS OF PROFESSIONAL TRAINING AND WORK, ESPECIALLY THAT OF SOLOISTS, AMONG WHOM WE CAN AGAIN OBSERVE THE PREDOMINANCE OF WHITE MALES.",NA
DE ANDRADE M;DE CASTRO PINTO E,2020,PUBLIC POLICIES FOR GENDER AND RACE ARTICULATION: WAYS TO ENSURE THE POLITICAL AND LEGAL REPRESENTATIVENESS FOR BRAZILIAN BLACK WOMEN; [POLÍTICAS PÚBLICAS PARA A ARTICULAÇÃO DE GÊNERO E RAÇA: MEIOS PARA GARANTIR A REPRESENTATIVIDADE POLÍTICA E JURÍDICA DA MULHER NEGRA NO BRASIL],"THIS ARTICLE AIMS TO ANALYZE THE FOLLOWING RESEARCH PROBLEM: WHAT ARE THE MEANS TO ENSURE THE POLITICAL AND LEGAL REPRESENTATIVENESS OF BLACK WOMEN IN BRAZIL? AS SPECIFIC OBJECTIVES, THE RESEARCH DEMONSTRATES, BASED ON SECON DARY DATA, THE PANORAMA OF GENDER INEQUALITY AND THE OCCUPATION OF BLACK WOMEN, IN ADDITION TO IDENTIFYING PUBLIC POLICIES AND AFFIRMATIVE ACTIONS ON THE SUBJECT. IT SHOULD BE NOTED THAT THE TERM MINORITY REFERS TO THE SOCIOLOGICAL AND NOT DEMOGRAPHIC SENSE. THAT IS, BLACK WOMEN MAKE UP THE MAJORITY OF ELECTORATE AS WELL AS THE GENERAL POPULATION. THE APPROACH IS QUALITATIVE, AS IT RELIES ON A LITERATURE REVIEW AND DESCRIPTIVE ANALYSIS OF THE RESEARCHED PHENOMENA, SUPPORTED BY NUMERICAL PATTERNS PROVIDED BY THE SUPERIOR ELECTORAL COURT, REPORTS BY THE NATIONAL COUNCIL OF JUSTICE AND THE INSTITUTE FOR APPLIED ECONOMIC RESEARCH - IPEA, IN THE PERIOD BETWEEN 2007 AND 2019. THE CONTRIBUTION IS ORIGINAL AND UNPUBLISHED, RELEVANT FROM A THEORETICAL AND PRACTICAL PERSPECTIVE, AS IT CONTRIBUTES TO THE LITERATURE ON THE TOPIC AND ADDRESSES SOCIAL IMPLICATIONS ABOUT THE SIGNIFICANCE OF REPRESENTATIVENESS. IT IS CONCLUDED THAT THERE IS A LOW REPRESENTATION OF BLACK WOMEN IN THE JUDICIARY, EXECUTIVE AND LEGISLATIVE POWERS, AND THAT THE CAUSES ARE CORRELATED WITH THE ABYSMAL INEQUALITY OF ACCESS CONDITIONS, WHICH COULD BE REDUCED BY THE ELABORATION AND IMPLEMENTATION OF INCLUSIVE PUBLIC POLICIES, SINCE THE FIRST CHILDHOOD UNTIL THE NECESSARY NORMATIVE RENEWAL. © 2020 CENTRO UNIVERSITARIO DE BRASILIA. ALL RIGHTS RESERVED.",10.5102/RBPP.V10I2.6772
GOUVÊA M;XAVIER A,2013,BRAZILIAN PORTRAIT: RACE AND INSTRUCTION IN DEMOGRAPHIC CENSUS OF NINETEEN CENTURY; [RETRATOS DO BRASIL: RAÇA E INSTRUÇÃO NOS CENSOS POPULACIONAIS DO SÉCULO XIX],"THE AIM OF THIS PAPER IS TO DISCUSS THE PRODUCTION OF THE FIRST NATIONAL CENSUS OF BRAZILIAN POPULATION, DURING THE SECOND HALF OF NINETEEN CENTURY (1872, 1890 AND 1990). IN ORDER TO UNDERSTAND THE CONSTRUCTION OF DE-MOGRAPHICAL CATEGORIES TO DEFINE AND SEGMENT THE POPULATION, WE PUT FOCUS ON THE DATA FROM MATO GROSSO PROVINCE/STATE. IN THIS SENSE, WE ANALYZE THE PRODUCTION AND CHANGES ON TWO CATEGORIES: RACIAL COMPOSITION AND INSTRUCTION, TRYING TO SHOW THAT DEMOGRAPHIC CATEGORIES, MORE THAN AN OBJECTIVE DATA CONSTITUTES A SOCIAL AND HISTORICAL CONSTRUCTION.",10.1590/S0101-73302013000100006
SILVA N;BARROS S;DE A F;BATISTA L;POLICARPO V,2017,THE RACE/COLOR VARIABLE IN STUDIES OF CHARACTERIZATION OF THE USERS OF PSYCHOSOCIAL CARE CENTERS; [O QUESITO RAÇA/COR NOS ESTUDOS DE CARACTERIZAÇÃO DE USUÁRIOS DE CENTRO DE ATENÇÃO PSICOSSOCIAL],"BASED ON THE REVIEW OF THE SCIENTIFIC LITERATURE, THIS STUDY AIMS TO PRESENT THE PROFILE OF THE USERS WHO ATTEND PSYCHOSOCIAL CARE CENTERS (PCCS) TO VERIFY IF THE RACE/COLOR FACTOR IS CONSIDERED IN IT. WE CARRIED OUT THE BIBLIOGRAPHIC RESEARCH BETWEEN MAY AND AUGUST 2015 ON SCHOLAR GOOGLE AND ON THE VIRTUAL HEALTH LIBRARY DATABASES: MEDLINE, BDENF, PAHO, INDEX PSICOLOGIA AND LILACS. OUR SEARCH STRATEGIES WERE: (1) “MENTAL HEALTH SERVICES”/“SERVIÇOS DE SAÚDE MENTAL” AND “EPIDEMIOLOGICAL PROFILE”/“PERFIL EPIDEMIOLÓGICO” AND (2) “MENTAL HEALTH SERVICES”/“SERVIÇOS DE SAÚDE MENTAL” AND “HEALTH PROFILE”/“PERFIL DE SAÚDE”. TWO REVIEWERS ASSESSED THE TITLES AND ABSTRACTS OF 452 ARTICLES RETRIEVED. THUS, WE DELETED THE REPEATED ARTICLES AND THOSE THAT DID NOT MEET THE PROFILE OF PCCS USERS, REMAINING 17 OF THEM. FROM THESE, ONLY THREE ARTICLES HAD DATA ON RACE/COLOR, BUT NONE OF THEM DEVELOPED A DISCUSSION ON THIS INFORMATION. WE FOUND OUT THAT TWO PCCS PROPORTIONALLY HAVE MORE BLACK PATIENTS COMPARED WITH ANY OTHER POPULATION AND THAT THE USE OF RACE/COLOR TO CHARACTERIZE USERS OF PCCS SERVICES IS STILL NOT SO COMMON, DESPITE BEING CONSIDERED AN IMPORTANT SOCIAL MARKER – THIS IS HOW THE BRAZILIAN SOCIETY DEALS WITH RACIAL INEQUALITIES: AS THEY WERE NOT REAL, WHICH CONTRIBUTES TO THEIR STRENGTHENING. THESE INEQUALITIES HAVE SHOWN TO BE PERSISTENT, MAKING IT NECESSARY FOR ACADEMICS AND PUBLIC HEALTH MANAGERS TO GO BEYOND THE RECOMMENDATIONS OF THE CONFERENCES AND DEFINE STRATEGIES TO FACE SUCH ISSUES, THUS PRODUCING AND REPRODUCING HELPFUL KNOWLEDGE IN ITS DEVELOPING AND IMPLEMENTATION OF THESE MEASURES. © 2017, UNIV SAOPAULO. ALL RIGHTS RESERVED.",10.1590/s0104-12902017164968
MAIA G;ARAÚJO R;OLIVEIRA S,2021,THE HISTORY OF THE BRAZILIAN UNIVERSITY POPULATION: CLASS AND RACE ASPECTS; [A TRAJETÓRIA DA POPULAÇÃO UNIVERSITÁRIA BRASILEIRA: UMA QUESTÃO DE RAÇA E CLASSE],"THIS ARTICLE AIMS TO ANALYZE THE RACIAL AND SOCIAL AFFIRMATIVE ACTION POLICIES IN BRAZILIAN UNIVERSITIES. IT ANALYZES THE COMPOSITION OF THE UNIVERSITY POPULATION REGARDING RACE AND CLASS ASPECTS. THEREFORE, THIS ARTICLE DISCUSSES THE UNIVERSITY FORMATION IN BRAZIL AND DEMONSTRATES HOW A RACIST MENTALITY WAS CONSTITUTED, BASED ON CONSERVATIVE THINKING. IT HAS THE OBJECTIVE TO PROMOTE MORE CRITICAL THINKING, WHILE ANALYZING CHANGES IN THE UNDERSTANDING OF THE UNIVERSITY’S ROLE IN BRAZILIAN SOCIETY. ADDITIONALLY, IT VERIFIES WHETHER AND HOW MUCH THE ORIGINAL SELECTIVE CHARACTER OF THE HIGHER EDUCATION SYSTEM UNDERWENT SIGNIFICANT CHANGES WITH THE IMPLEMENTATION OF AFFIRMATIVE ACTIONS, MAINLY WHEN IT COMES TO BRAZILIAN LAW NO. 12,711/2012, THE SO-CALLED QUOTAS LAW. WE CONDUCTED BIBLIOGRAPHIC RESEARCH WITH LITERATURE REVIEW AND AN ANALYSIS OF THE HIGHER EDUCATION CENSUS DATA AND OF THE V NATIONAL SURVEY OF SOCIOECONOMIC AND CULTURAL PROFILE OF UNDERGRADUATE STUDENTS IN 2018, PUBLISHED BY ANDIFES IN 2019. © ESTE OBRA ESTÁ LICENCIADA COM UMA LICENÇA CREATIVE COMMONS ATRIBUIÇÃONÃOCOMERCIAL 4.0 INTERNACIONAL | THIS WORK IS LICENSED UNDER A CREATIVE COMMONS ATTRIBUTION-NONCOMMERCIAL 4.0 INTERNATIONAL LICENSE.",10.32361/2021130211149
DE OLIVEIRA J;DE OLIVEIRA A,2018,"A LOOK AT THE OTHER: REFLECTIONS ON THE BRAZILIAN NARRATIVE. ALÓS, ANSELMO PERES. NARRATIVES AGAINST THE GRAIN OF THE BRAZILIAN NARRATIVE: INTERTEXTUAL NETWORKS OF GENDER, RACE AND SEXUALITY. SANTA MARIA: UFSM/PPGL; BRASÍLIA: CNPQ, 2017. 216 P.; [UM OLHAR PARA O OUTRO: RELFEXOES SOBRE A NARRATIVA BRASILEIRA: ALÓS, ANSELMO PERES. NARRATIVAS A CONTRAPELO DA NARRATIVA BRASILEIRA: REDES INTERTEXTUAIS DE GÊNERO, RAÇA E SEXUALIDADE. SANTA MARIA: UFSM/PPGL; BRASÍLIA: CNPQ, 2017. 216 P.]",[NO ABSTRACT AVAILABLE],10.6092/issn.2036-0967/8313
PRECIOSO D,2019,"RACE, INTERBREEDING AND SOCIO-RACIAL DESIGNATIONS IN THE NOVEL O MULATO BY ALUÍSIO AZEVEDO (1850-1881); [RAÇA, MESTIÇAGEM E DESIGNAÇÕES SOCIORRACIAIS NO ROMANCE O MULATO, DE ALUÍSIO AZEVEDO (1850-1881)]","THE ARTICLE PROPOSES A HISTORICAL READING OF THE NOVEL O MULATO (1881) BY ALUÍSIO AZEVEDO. THE METHODOLOGY ADOPTED IS CONTEXTUALISM: WE ANALYZE THE FIRST EDITION OF THE NOVEL IN THE MIDST OF THE CONTEXT OF DISCUSSIONS BETWEEN THE NEWSPAPERS O PENSADOR AND CIVILIZAÇÃO FROM MARANHÃO, RESPECTIVELY, PRESS ORGANS OF THE INTELLECTUAL CIRCLE OF ALUÍSIO AND THE LOCAL CLERGY. WE SOUGHT TO DEMONSTRATE THAT ALUÍSIO USED ALLEGORIES AND MEMORIAL-HISTORIOGRAPHICAL REPRESENTATIONS TO CONSTRUCT THE SOCIO-RACIAL SEMANTICS OF THE NOVEL AND DIALOGUED WITH THE INTELLECTUALS OF HIS TIME, POSITIONING HIMSELF AGAINST THE THESES OF RACIAL DEGENERATION OF THE MESTIZOS AND FAVORABLY TOWARDS THE IDEOLOGY OF RACIAL WHITENESS. © 2019, UNIVERSIDADE FEDERAL DE SANTA CATARINA. ALL RIGHTS RESERVED.",10.5007/2175-7976.2019v26n41p149
DE MELO M;MESQUITA F;DE AZEVEDO BARROS M;LA-ROTTA E;DONALISIO M,2019,"SURVIVAL OF PATIENTS WITH AIDS AND ASSOCIATION WITH LEVEL OF EDUCATION LEVEL AND RACE/SKIN COLOR IN SOUTH AND SOUTHEAST BRAZIL: A COHORT STUDY, 1998-1999; [SOBREVIDA DE PACIENTES CON SIDA Y ASOCIACIÓN CON ESCOLARIDAD Y RAZA/COLOR DE LA PIEL EN EL SUR Y SUDESTE DE BRASIL: ESTUDIO DE COHORTE DE 1998-1999]; [SOBREVIDA DE PACIENTES COM AIDS E ASSOCIAÇÃO COM ESCOLARIDADE E RAÇA/COR DA PELE NO SUL E SUDESTE DO BRASIL: ESTUDO DE COORTE, 1998-1999]","OBJECTIVE: TO ANALYZE THE SURVIVAL OF PEOPLE WITH AIDS AND ASSOCIATION WITH SCHOOLING AND RACE/SKIN COLOR. METHODS: THIS WAS A RETROSPECTIVE COHORT STUDY OF PEOPLE DIAGNOSED WITH AIDS BETWEEN 1998 AND 1999, IN THE SOUTH AND SOUTHEAST REGIONS OF BRAZIL. WE USED SURVIVAL ANALYSIS (KAPLAN-MEIER METHOD), STRATIFIED BY SCHOOLING AND RACE/SKIN COLOR AND MULTIVARIATE ANALYSIS WAS PERFORMED USING COX REGRESSION. RESULTS: THE STUDY INCLUDED 2,091 PEOPLE WHO HAD SURVIVED AT 60 MONTHS, WITH 65% SURVIVAL AMONG WHITE PARTICIPANTS AND 62% AMONG BLACK/BROWN PARTICIPANTS. IRREGULAR USE OF ANTIRETROVIRAL (HR=11.2 - 95%CI8.8;14.2), AND AGE =60 YEARS (HR=2.5 - 95%CI1.4;4.4) WERE RELATED TO LOWER SURVIVAL; SCHOOLING >8 YEARS (HR=0.4 - 95%CI0.3;0.6) AND BEING FEMALE (HR=0.6 - 95%CI0.5;0.8) WERE POSITIVELY RELATED TO SURVIVAL; THOSE WITH LESS SCHOOLING HAD LOWER SURVIVAL. CONCLUSION: LOWER SCHOOLING LEVELS OVERLAP RACE/SKIN COLOR DIFFERENCES IN RELATION TO SURVIVAL; THESE INEQUALITIES EXPLAIN THE DIFFERENCES FOUND, DESPITE THE POLICIES ON UNIVERSAL ACCESS TO ANTIRETROVIRAL. © 2019, MINISTRY OF HEALTH. ALL RIGHTS RESERVED.",10.5123/S1679-49742019000100012
BRAGA L;MAGALHÃES M;SCHEMES C,2018,WHEN FASHION IS POLITICAL: THE BLACK WOMEN AND THE MAGAZINE AFRO BRASIL; [QUANDO A MODA É POLÍTICA: AS MULHERES NEGRAS E A REVISTA AFRO BRASIL],"THIS ARTICLE DISCUSSES ABOUT BLACK WOMAN AND THE RELATIONSHIP WITH FASHION AS A TOOL FOR SOCIO-POLITICAL STRUGGLE. WE CHOSE AS FIELD OF STUDY THE MAGAZINE RACA BRASIL, THAT HAD ITS NAME CHANGED IN THE MIDDLE OF THE YEAR 2016 FOR AFRO BRAZIL. FROM THE PERIODICAL AND THE SELECTION OF SOME OF ITS ISSUES AND COLUMNS, WE ADDRESS THE PRESENCE AND REPRESENTATION OF THE BLACK WOMAN RELATING IT TO THE CULTURAL AND POLITICAL ELEMENTS PRESENT IN FASHION. FROM THE COLUMNS OF FASHION AND BEAUTY, IT WAS POSSIBLE TO RELATE THE STRUGGLE OF BLACK FEMINISM PRESENT IN THE BRAZILIAN SOCIETY THROUGH A DISCOURSE OF ETHNIC-RACIAL VALORIZATION THAT LEADS US TO THINK OF FASHION AS A TOOL OF SOCIAL AND THEREFORE POLITICAL CLAIM. © 2018 EX AEQUO.ALL RIGHTS RESERVED.",10.22355/exaequo.2018.38.10
PASSOS R;SANTOS L;ESPINOZA F,2020,"HUMAN RIGHTS, DECOLONIALITY AND DECOLONIAL FEMINISM: THEORETICAL TOOLS FOR UNDERSTANDING RACE AND GENDER IN SUBALTERN SPACES; [DIREITOS HUMANOS, DECOLONIALIDADE E FEMINISMO DECOLONIAL: FERRAMENTAS TEÓRICAS PARA A COMPREENSÃO DE RAÇA E GÊNERO NOS LOCAIS DE SUBALTERNIDADE]","SOME THEORIES ARE BECOMING POPULAR IN THE FIELD OF SOCIAL SCIENCES, AIMING TO IDENTIFY WAYS TO UNDERSTAND SOCIAL MARKERS LIKE RACE AND GENDER, AND THEIR REFLEXES IN SOCIETY. HOWEVER, IT IS OBSERVED THAT THESE DEBATES TEND TO REMAIN ONLY AMONG THEIR PEERS, IN ACADEMIC SPACES AND OTHER SPACES OF PRIVILEGE, IN WHICH IT IS DIFFICULT FOR OPPRESSED AND INVISIBILIZED PEOPLE TO BE HEARD, READ AND REFERENCED. THEREFORE, THE PURPOSE OF THIS ARTICLE IS TO ANALYZE HOW THE THEORETICAL ASPECTS, STEMMING FROM CRITICAL THEORIES OF HUMAN RIGHTS AND DECOLONIAL STUDIES (DECOLONIAL FEMINISM), ALLOW THE UNDERSTANDING AND VISIBILITY OF DIFFERENT OPPRESSIONS BASED ON RACE AND GENDER, IN A COMPLEMENTARY AND EMANCIPATORY WAY. THE RESEARCH PROBLEM QUESTIONS THE POSSIBILITY OF USING THESE THEORETICAL TOOLS TO EMANCIPATE PEOPLE IN CONDITIONS OF SUBORDINATION. IT USES THE QUALITATIVE METHOD, PROCEEDING WITH THE BIBLIOGRAPHIC REVIEW THROUGH THE RELATIONAL METHODOLOGY, BRINGING THE DIALOGUE BETWEEN DOGMATIC ISSUES OF HUMAN RIGHTS AND EMPHASIZING THE THEORETICAL CONTRIBUTIONS STILL UNDERUSED IN LEGAL STUDIES, SUCH AS DECOLONIAL STUDIES AND DECOLONIAL FEMINISM. THIS STUDY PRESENTS ITS VALUE AND ORIGINALITY AS IT HIGHLIGHTS THE NEED TO CHANGE THE THEORETICAL LENSES OF INTERPRETATION, ESPECIALLY REGARDING ISSUES OF SUBORDINATION RELATED TO RACE AND GENDER, WHICH ARE ASSOCIATED WITH HUMAN RIGHTS AND COLONIALITY. IT CONCLUDES THAT THE CRITICAL THINKING AND OBSERVATION OF COLONIAL ASPECTS IN THE MOST BASIC SOCIAL RELATIONS ALLOW IT TO BE FOUND THE NEED TO GO BEYOND THE ACADEMIC SPACES AND RECOGNIZE OTHER EPISTEMES AND PROJECTS OF STRUGGLE AND RESISTANCE. © 2020 CENTRO UNIVERSITARIO DE BRASILIA. ALL RIGHTS RESERVED.",10.5102/RBPP.V10I2.6877
DA S B R;DE M G,2019,WHEN RACE AND GENDER ARE ON FOCUS: DISCURSIVE CONFRONTATIONS ON SOCIAL NETWORK; [QUANDO A RAÇA E O GÊNERO ESTÃO EM QUESTÃO: EMBATES DISCURSIVOS EM REDE SOCIAL],"THE PRESENT TEXT AIMS TO REFLECT ON INTERACTIONAL EXCHANGES UNFOLDED ON TWO BLACK WOMEN'S FACEBOOK PROFILES. BOTH HAVE BEEN ON THE SPOTLIGHT ON BRAZILIAN TELEVISION. OUR FOCUS IS TO PRODUCE KNOWLEDGE REGARDING THE DISCURSIVE (RE)PRODUCTION OF RACE AND GENDER-RELATED SLURS IN AN ON-LINE CONTEXT. BASED ON THE ASSUMPTION THAT LANGUAGE IS ACTION, WE PROMOTE A DIALOGUE WITH THEORETICAL PERSPECTIVES ON 'RACE' AND 'RACISM'. THE DATA THE STUDY GENERATED ALLOW US TO INFER THAT THE PERFORMATIVE SPEECH ACTS OF RACIAL AND GENDER-RELATED SLURS POINT TO DISCOURSES AND BELIEFS WHICH STILL CONSTRUCT BLACK WOMEN AS 'INFERIOR' AND 'BESTIAL'-REGARDLESS THEIR STATUSES-WHOSE BODIES ARE 'NATURALLY ALWAYS READY AND AVAILABLE' TO DIFFERENT KINDS OF (INCLUDING VERBAL) ASSAULTS. © UNIVERSIDADE FEDERAL DE SANTA CATARINA.",10.1590/1806-9584-2019V27N254727
GOMES N,2019,"LIBERTANDO-SE DAS AMARRAS: REFLEXÕES SOBRE GÊNERO, RAÇA E PODER","THE ARTICLE DISCUSSES THE RELATIONS OF GENDER AND RACE AS STRUCTURAL AND STRUCTURING OF SOCIAL AND CULTURAL LIFE FROM THE EXPERIENCE OF THE AUTHOR, A BLACK WOMAN, IN POSITIONS OF POWER AND DECISION. IT ANALYZES HOW THESE RELATIONS ARE BUILT IN CONTEXTS OF HIERARCHIES, INEQUALITIES AND POWER RELATIONS, WHICH DEHUMANIZE CERTAIN SUBJECTS CONSIDERED DIFFERENT AND TREATED AS UNEQUAL. THESE INCLUDE BLACK AND NON-BLACK WOMEN, THE LGBT COMMUNITY, INDIGENOUS PEOPLE, QUILOMBOLAS, AMONG OTHERS. IT POINTS AS A POSSIBLE WAY TO BUILD A FAIRER AND MORE EQUITABLE SOCIETY, AS WELL AS MORE EMANCIPATORY GENDER AND RACE RELATIONS, THE CHALLENGE OF THE ARTICULATION BETWEEN SORORITY AND UBUNTU. THIS POLITICAL AND EPISTEMOLOGICAL STANCE MAY HELP BLACK AND NON-BLACK WOMEN, FEMINISTS AND ANTI-RACISTS, TO BUILD NEW LEARNING, STRATEGIES AND PRACTICES BY OCCUPYING PLACES OF POWER, DECISION AND KNOWLEDGE. © 2019 CURRICULO SEM FRONTEIRAS. ALL RIGHTS RESERVED.",10.35786/1645-1384.v19.n2.10
SCHNEIDER A,2019,"CHARLES BOXER AND THE CHURCH MILITANT: RACE, MISSIONARY ACTIVITIES AND EMPIRE IN THE IBERIAN EXPANSION IN THE 16TH AND 17TH CENTURIES; [CHARLES BOXER E A IGREJA MILITANTE: RAÇA, MISSIONAÇÃO E IMPÉRIO NA EXPANSÃO IBÉRICA DOS SÉCULOS XVI E XVII]","THIS ARTICLE AIMS TO PRESENT AN OVERVIEW OF THE WORK FROM THE BRITISH HISTORIAN CHARLES BOXER, WHICH WAS DEDICATED TO THE CATHOLIC MISSIONARY ACTIVITIES IN THE SPANISH AND PORTUGUESE AMERICA DURING THE 16TH AND 17TH CENTURIES. BOXER CONCENTRATED GREAT PART OF THE DISCUSSION ON THE SUBJECT, AFTER A LIFELONG RESEARCH, IN HIS 1978 BOOK, THE CHURCH MILITANT AND IBERIAN EXPANSION, 1440-1770. THE RELIGIOUS QUESTION ACCOMPANIED HIM THROUGHOUT HIS HISTORIOGRAPHICAL WORK DEDICATED TO THE PORTUGUESE MARITIME EMPIRE. THIS ARTICLE SEEKS TO EXPLORE THE WAY BOXER UNDERSTOOD THE IBERIAN POLICIES OF NATIVE CONVERSION AND ITS INTERTWINEMENT WITH THE COLONIZATION POLICIES THEMSELVES. © 2019, PONTIFICIA UNIVERSIDADE CATOLICA DE SAO PAULO. ALL RIGHTS RESERVED.",10.23925/2176-2767.2019v65p343-379
DA SILVA N,2014,"CULINARY AND FOOD IN GILBERTO FREYRE: RACE, IDENTITY AND MODERNITY; [CULINÁRIA E ALIMENTAÇÃO EM GILBERTO FREYRE: RAÇA, IDENTIDADE E MODERNIDADE]",[NO ABSTRACT AVAILABLE],NA
HIRATA H,2014,"GENDER, CLASS AND RACE: THE INTERSECTIONALITY AND CONSUBSTANTIALITY OF SOCIAL RELATIONS; [GÊNERO, CLASSE E RAÇA: INTERSECCIONALIDADE E CONSUBSTANCIALIDADE DAS RELAÇÕES SOCIAIS]","ONE OF THE PRINCIPAL CONTROVERSIES TODAY IN THE FIELD OF LABOUR AND GENDER STUDIES IS THE WAY IN WHICH THE INTERDEPENDENCE OF THE SOCIAL RELATIONS OF RACE, SEX AND CLASS IS CONCEPTUALIZED, WITH SOME AUTHORS APPEALING TO ""INTERSECTIONALITY"" AND OTHERS TO ""CONSUBSTANTIALITY"". THE CONTROVERSY IS PRESENTED THROUGH A ""SITUATED"" PERSPECTIVE THAT UPTURNS THE DEFINITION OF SCIENCE AS OBJECTIVE AND RATIONAL. THE CONCEPT OF CONSUBSTANTIALITY IS THEN APPLIED TO THE ANALYSIS OF GENDER RELATIONS, RACE RELATIONS AND CLASS RELATIONS IN THE CARE WORK, AS WELL AS THE PHYSICAL, TECHNICAL AND EMOTIONAL WORK, IN WHICH THESE RELATIONS APPEAR IMBRICATED.",NA
ZUBARAN M;GUIZZO B,2015,"BLACK PRESS IN RIO GRANDE DO SUL: ""RACE"" AND GENDER IN THE CAMPAIGN FOR THE MONUMENT OF THE ""BLACK MOTHER"" (1920-1930); [IMPRENSA NEGRA NO RIO GRANDE DO SUL: ""RAÇA"" E GÊNERO NA CAMPANHA AO MONUMENTO DA ""MÃE PRETA"" (1920-1930)]","THIS STUDY ANALYZES THE NARRATIVES IN SUPPORT OF THE CONSTRUCTION OF A MONUMENT IN HONOR OF THE ""BLACK MOTHER"" IN THE NEWSPAPER O EXEMPLO, IN PORTO ALEGRE (1892-1930). THE AIM OF THIS ARTICLE IS TO MAP, DISCUSS AND PROBLEMATIZE THE MOST RECURRENT ETHNIC AND GENDER REPRESENTATIONS PRODUCED IN THIS CULTURAL ARTIFACT. THE OBJECTIVE IS TO INVESTIGATE THE BLACK PRESS OF RIO GRANDE DO SUL, MORE SPECIFICALLY, THE NEWSPAPER O EXEMPLO, AND TO ASSESS HOW THE AFRO-RIOGRANDENSES STRATEGICALLY APPROPRIATED THE CULTURAL DEBATE GENERATED AROUND THE CONSTRUCTION OF THE MONUMENT TO ""BLACK MOTHER "" IN THE ""MAINSTREAM MEDIA"" OF RIO DE JANEIRO AND IN THE BLACK PRESS OF SÃO PAULO. IT IS QUITE EVIDENT THAT RIO GRANDE DO SUL'S BLACK PRESS PARTICIPATED IN THE EXCHANGE OF IDEAS AROUND THE CONSTRUCTION OF THE MONUMENT OF THE ""BLACK MOTHER"" AND ITS CULTURAL EXCHANGES IN THE 1920S.",10.5212/Rev.Hist.Reg.v.20i1.0008
DOMINGUES P,2015,"THE ""CENTENARY CHAMPION"": RACE AND NATION IN SÃO PAULO SOCCER; [O ""CAMPEÃO DO CENTENÁRIO"": RAÇA E NAÇÃO NO FUTEBOL PAULISTA]",[NO ABSTRACT AVAILABLE],10.4013/htu.2015.193.08
DE ASSIS M;MARQUES D;ROBLE O;SARAIVA M,2015,"FEMININITIES AND MASCULINITIES IN THE CONTEMPORARY SCENE: ANALYSIS OF THE SPECTACLE CAMINHO DA SEDA, BY SÃO PAULO’S RAÇA DANCE COMPANY; [FEMINILIDADES E MASCULINIDADES NA CENA CONTEMPORÂNEA: ANÁLISE DO ESPETÁCULO CAMINHO DA SEDA - RAÇA CIA DE DANÇA DE SÃO PAULO]; [FEMINIDADES Y MASCULINIDADES EN LA ESCENA CONTEMPORÁNEA: ANÁLISIS DE LO ESPECTÁCULO CAMINHO DA SEDA - RAÇA CIA DE DANZA DE SÃO PAULO]","THE ANALYSIS OF A DANCE SPECTACLE CONSIDERED AS A CULTURAL MANIFESTATION THAT REFLECTS ASPECTS OF A SOCIETY CAN BE SEEN AS CONTINUITY OF THE CREATIVE PROCESS. BASED ON PAVIS (2010) AND SIQUEIRA (2006), THIS STUDY EXAMINED THE SPECTACLE CAMINHO DA SEDA, BY SÃO PAULO-BASED RAÇA DANCE COMPANY, FOCUSING ON REPRESENTATIONS OF FEMININITY AND MASCULINITY THROUGH VIDEO AND PHOTOS. WE OBSERVED ELEMENTS THAT MAINTAINED TRADITIONAL IMAGES AND AESTHETIC STANDARDS OF DANCE, BUT POINTED OUT REPRESENTATIONS CONTRASTING WITH SOME STEREOTYPES OF SEX ROLES, THUS REFLECTING ON STAGE AS A MIX THAT INTRODUCES NEW CONSTRUCTIONS ABOUT BODY AND MOVEMENT OF THE CONTEMPORARY DANCE SCENE. © 2015, UNIVERSIDADE FEDERAL DO RIO GRANDE DO SUL. ALL RIGHTS RESERVED.",10.22456/1982-8918.47882
HARRIS A;DE CAMILLA DE MAGALHÃES GOMES T;CONCEIÇÃO Í,2020,RACE AND ESSENTIALISM IN FEMINIST LEGAL THEORY; [RAÇA E ESSENCIALISMO NA TEORIA FEMINISTA DO DIREITO],"IN THE ARTICLE WE PRESENT HERE, FOR THE FIRST TIME TRANSLATED INTO PORTUGUESE, PROFESSOR ANGELA HARRIS DISCUSSES FEMINIST LEGAL THEORY, BASED ON THE OPPOSITION OF THE VOICES OF AN ""I"" WHO ONLY KNOWS PARTICULARITIES AND AN ""WE"" WHO ONLY KNOWS GENERALITIES AND SILENCES OTHER VOICES. TO THIS END, SHE WORKS WITH THE PRODUCTION OF AMERICAN FEMINIST THEORISTS CATHARINE MACKINNON AND ROBIN WEST TO ARGUE THAT BOTH PRODUCE A FEMINIST LEGAL THEORY BASED ON GENDER ESSENTIALISM. THE ARTICLE SUSTAINS THE DANGER OF THIS GENDER ESSENTIALISM, SINCE IT ESPECIALLY SILENCES THE VOICES OF COLORED WOMEN AND BLACK FEMINISM AND EITHER IGNORES OR TREATS THE EXPERIENCE OF THESE WOMEN AS A MERE VARIATION OF A WHITE EXPERIENCE AND, IN THE END, HIGHLIGHTS THE NEED FOR A FEMINIST LEGAL THEORY THAT REFLECTS MULTIPLE CONSCIOUSNESS. © 2020 CENTRO UNIVERSITARIO DE BRASILIA. ALL RIGHTS RESERVED.",10.5102/RBPP.V10I2.6932
SILVEIRA L;TOMAS M,2019,RACIAL FLUIDITY IN THE METROPOLITAN REGION OF BELO HORIZONTE: INDIVIDUAL CHARACTERISTICS AND LOCAL CONTEXT IN THE CONSTRUCTION OF RACE; [FLUIDEZ RACIAL NA REGIÃO METROPOLITANA DE BELO HORIZONTE: CARACTERÍSTICAS INDIVIDUAIS E CONTEXTO LOCAL NA CONSTRUÇÃO DA RAÇA]; [FLUIDEZ RACIAL EN LA REGIÓN METROPOLITANA DE BELO HORIZONTE: CARACTERÍSTICAS INDIVIDUALES Y CONTEXTO LOCAL EN LA CONSTRUCCIÓN DE LA RAZA],"THE ARTICLE DISCUSSES HOW INDIVIDUAL VARIABLES AND NEIGHBORHOOD CHARACTERISTICS INFLUENCE HETERO-CLASSIFICATION AND ITS DIFFERENCES WITH RACIAL SELF-CLASSIFICATION, IN THE BELO HORIZONTE METROPOLITAN AREA. THE ANALYSIS SEEKS TO UNDERSTAND THE SOCIAL CONSTRUCTION OF RACE AND ITS FLUIDITY IN SOCIETY, GIVEN THAT DIFFERENT TYPES OF CLASSIFICATIONS REFLECT DISTINCT EXPERIENCES AND INTERPRETATIONS OF RACE. DATA USED ARE FROM THE BH AREA SURVEY (2005), THE BRAZILIAN DEMOGRAPHIC CENSUS (2010) AND THE HUMAN DEVELOPMENT ATLAS (2013), FOR THE ANALYSIS WE USED LOGISTIC REGRESSION MODELS. RESULTS INDICATE THAT HETERO-CLASSIFICATION IS INFLUENCED BY INDIVIDUAL AND CONTEXTUAL CHARACTERISTICS. FOR THOSE WHO SELF-IDENTIFY AS WHITE, SCHOOLING, INCOME AND LOCAL RACIAL DISTRIBUTION ARE ASSOCIATED WITH OPPORTUNITIES OF BEING HETERO-CLASSIFIED AS WHITE, WHEREAS FOR INDIVIDUALS SELF-IDENTIFYING AS BLACK, ONLY SCHOOLING INCREASES THE CHANCES OF BEING HETERO-CLASSIFIED AS WHITE. THUS, WE CONCLUDE THAT THERE IS RACIAL FLUIDITY IN THE BELO HORIZONTE METROPOLITAN AREA, IN THE SENSE THAT CLASSIFICATION IS INFLUENCED BY SOCIOECONOMIC AND CONTEXTUAL CHARACTERISTICS. © 2019, ASSOCIACAO BRASILEIRA DE ESTUDOS POPULACIONAIS. ALL RIGHTS RESERVED.",10.20947/s0102-3098a0081
CARVALHAES F;RIBEIRO C,2019,"HORIZONTAL OPPORTUNITIES IN ACCESS TO HIGHER EDUCATION IN BRAZIL: SOCIOECONOMIC STATUS, GENDER AND RACE IN A CONTEXT OF EDUCATIONAL EXPANSION; [ESTRATIFICAÇÃO HORIZONTAL DA EDUCAÇÃO SUPERIOR NO BRASIL: DESIGUALDADES DE CLASSE, GÊNERO E RAÇA EM UM CONTEXTO DE EXPANSÃO EDUCACIONAL]","ACCESS TO HIGHER EDUCATION IS ESSENTIAL TO REDUCE THE DISADVANTAGES OF PEOPLE WITH BACKGROUNDS IN DISADVANTAGED GROUPS ONCE IT INCREASES THE CHANCES OF UPWARD MOBILITY. THE LITERATURE ON EDUCATIONAL STRATIFICATION SHOWS THAT BOTH THE ACCESS TO THE DIFFERENT TYPES OF HIGHER EDUCATION (BACCALAUREATE, VOCATIONAL) AND WHICH FIELDS OF STUDY ARE CHOSEN (MEDICINE, BUSINESS OR TEACHING) INFLUENCE THE CHANCES OF REACHING THE BEST JOBS. GIVEN THAT DIFFERENT UNIVERSITY DEGREES ARE NOT EQUAL IN TERMS OF THE ADVANTAGES THEY BRING TO GRADUATES, DIFFERENCES IN ACCESS BETWEEN UNIVERSITY COURSES IN TERMS OF CLASS, GENDER AND RACE, THE PROFILE OF ACCESS TO THESE COURSES SHOULD BE ANALYZED. IN THIS ARTICLE, WE EVALUATE IN AN UNPRECEDENTED AND DISAGGREGATED WAY THE EXPANSION PATTERN OF BRAZILIAN HIGHER EDUCATION AND HOW THE OPPORTUNITIES IN THE SYSTEM ARE DISTRIBUTED. MOBILIZING INEP DATA, OUR RESULTS INDICATE THAT PEOPLE FROM THE UPPER SOCIOECONOMIC GROUPS (PARENTS WITH HIGHER EDUCATION) WERE SIGNIFICANTLY MORE LIKELY TO ENTER THE MOST PRESTIGIOUS COURSES (MEDICINE, DENTISTRY, ENGINEERING, ETC.) AND PUBLIC INSTITUTIONS THAN PEOPLE FROM THE LOWER STRATA. WE ALSO FIND STRONG GENDER STRATIFICATION. MEN ARE MORE LIKELY TO ATTEND COURSES IN THE HARD SCIENCES AND WOMEN IN COURSES RELATED TO TEACHING AND CARE. GENDER STRATIFICATION, HOWEVER, COMBINES NON-LINEARLY WITH STRATIFICATION BY SOCIOECONOMIC STATUS, AS THERE ARE TYPICAL COURSES OF UPPER-CLASS MEN, UPPER-CLASS WOMEN, LOWER-CLASS MEN, AND LOWER-CLASS WOMEN. © 2019 UNIVERSIDADE DE SAO PAULO.; O ACESSO AO ENSINO SUPERIOR É FUNDAMENTAL PARA DIMINUIR AS DESVANTAGENS DE PESSOAS COM ORIGENS NOS GRUPOS MENOS PRIVILEGIADOS, NA MEDIDA EM QUE AUMENTA AS CHANCES DE MOBILIDADE SOCIAL ASCENDENTE. A LITERATURA SOBRE ESTRATIFICAÇÃO EDUCACIONAL NOS ENSINA QUE TANTO O ACESSO AOS DIFERENTES TIPOS DE MODALIDADE OFERTADA (BACHARELADOS, LICENCIATURAS, CURSOS TECNOLÓGICOS) QUANTO QUAIS CURSOS SÃO ESCOLHIDOS (MEDICINA, ADMINISTRAÇÃO OU PEDAGOGIA) INFLUENCIAM AS CHANCES DE ALCANÇAR OS MELHORES EMPREGOS. TENDO EM VISTA QUE OS DIFERENTES DIPLOMAS UNIVERSITÁRIOS NÃO SÃO IGUAIS EM TERMOS DAS VANTAGENS QUE TRAZEM PARA OS DIPLOMADOS, E QUE HÁ DIFERENÇAS DE ACESSO ENTRE OS CURSOS UNIVERSITÁRIOS EM TERMOS DE CLASSE, GÊNERO E RAÇA, O PERFIL DE ACESSO A ESSES CURSOS DEVE SER ANALISADO. NESTE ARTIGO, AVALIAMOS DE FORMA INÉDITA E DESAGREGADA O PADRÃO DE EXPANSÃO DO ENSINO SUPERIOR BRASILEIRO E COMO SE CONFIGURAM AS OPORTUNIDADES NO SISTEMA. MOBILIZANDO DADOS DO INEP, NOSSOS RESULTADOS APONTAM QUE PESSOAS COM ORIGEM NOS ESTRATOS MAIS ALTOS (PAIS COM ENSINO SUPERIOR) TINHAM PROBABILIDADE SIGNIFICATIVAMENTE MAIOR DE ENTRAR NOS CURSOS DE MAIOR PRESTÍGIO (MEDICINA, ODONTOLOGIA, ENGENHARIAS ETC.) E EM INSTITUIÇÕES PÚBLICAS DO QUE PESSOAS COM ORIGEM NAS CLASSES MAIS BAIXAS. TAMBÉM ENCONTRAMOS FORTE ESTRATIFICAÇÃO POR GÊNERO TENDO EM VISTA QUE HOMENS TÊM MAIOR PROBABILIDADE DE ENTRAR EM CURSOS DAS CIÊNCIAS EXATAS E MULHERES EM CURSOS RELACIONADOS AO ENSINO E AOS CUIDADOS. A ESTRATIFICAÇÃO POR GÊNERO, NO ENTANTO, COMBINA-SE DE FORMA NÃO LINEAR COM A ESTRATIFICAÇÃO POR CLASSE DE ORIGEM, NA MEDIDA EM QUE HÁ CURSOS TÍPICOS DE HOMENS DE CLASSE ALTA, MULHERES DE CLASSE ALTA, HOMENS DE CLASSE BAIXA E MULHERES DE CLASSE BAIXA. © 2019 UNIVERSIDADE DE SAO PAULO.",10.11606/0103-2070.ts.2019.135035
BARONE A,2020,PROPERTY OWNERSHIP STRATEGIES: BLACK PAULISTA FAMILIES’ LIFE HISTORY BETWEEN 1920S AND 1940S; [ESTRATÉGIAS DE AQUISIÇÃO DA CASA PRÓPRIA: A TRAJETÓRIA DE ALGUMAS FAMÍLIAS NEGRAS PAULISTANAS NAS DÉCADAS DE 1920 A 1940],"IN BRAZIL, THERE IS A CULTURAL BELIEF THAT PROPERTY ACQUISITION IS THE WISEST ATTITUDE TO ENSURE A SAFE AND STABLE ECONOMY. FOR GENERATIONS, THE ""DREAM OF PROPERTY OWNERSHIP"" HAS BEEN CULTIVATED AS A HORIZON TO BE ACHIEVED. CONFIRMING THIS TENDENCY, SINCE THE 1920S, ""CASA PROPRIA"" (HOME OWNERSHIP) BECAME A NOTION MOBILIZED IN THE BLACK PRESS PERIODICALS, CIRCULATING AS A DESIRABLE ASPIRATION AND AN ORIENTATION TO THE JOURNALS PUBLIC. BETWEEN 1924 AND 1937, TWO OF THE MAIN NEWSPAPERS OF SÃO PAULO BLACK PRESS, O CLARIM DA ALVORADA AND A VOZ DA RAÇA, CARRIED OUT A CAMPAIGN IN FAVOR OF PROPERTY OWNERSHIP, SPREADING AMONG PAULISTA BLACK FAMILIES THE IMPORTANCE OF PROPERTY ACQUISITION. THESE CAMPAIGNS ARE AN IMPORTANT SIGN FOR THE RELEVANCE OF BUYING A PROPERTY FOR BLACK FAMILIES AT THAT TIME. IN THIS PAPER, WE SEEK TO ANALYZE IT AS AN INTERGENERATIONAL SOCIAL SECURITY STRATEGY, THROUGH THE PRESENTATION OF THREE CASES OF BLACK FAMILIES THAT ACCOMPLISHED THIS GOAL BETWEEN 1920S AND 1940S. THE BLACK FAMILIES TESTIMONIES REPORTED HERE INDICATE PRECOCITY, SPECIFICITIES AND STRATEGIES THAT REPRESENT NEW CHALLENGES FOR THE FORMULATION OF PROPERTY OWNERSHIP PROBLEM, FROM A RACIAL POINT OF VIEW. © 2020, UNIVERSIDADE DE SAO PAULO. MUSEU DE ZOOLOGIA. ALL RIGHTS RESERVED.",10.1590/1982-02672020v28d1e8
FERREIRA M;EITERER C;DE MIRANDA S,2020,RACE AND GENDER IN THE COURSE OF LIVES OF QUILOMBOLAS WOMEN; [RAÇA E GÊNERO NA CONSTRUÇÃO DE TRAJETÓRIAS DE MULHERES QUILOMBOLAS],"THIS TEXT AIMS TO ANALYZE HOW A GROUP OF WOMEN FROM THE QUILOMBO COMMUNITY MATO DO TIÇÃO, LOCATED IN THE METROPOLITAN AREA OF BELO HORIZONTE, MOBILIZES ELEMENTS FOR THE CONSTRUCTION OF THE REFERENT “ QUILOMBOLA WOMEN ” IN THE CONSTRUCTION OF THEIR IDENTITIES. FOR THIS PURPOSE, THE ANALYSIS GOES THROUGH SOME REFLECTIONS OVER THE PRACTICES AND DISCOURSES FROM WHERE BLACK WOMEN CAME TO BE QUILOMBOLAS AND HOW THE CATEGORY GENDER IS LINKED TO THE CATEGORY QUILOMBOLA. THIS PRESENT WORK WAS BASED ON AN ETHNOGRAPHY STUDY OF THE FIVE MOST ACTIVE WOMEN IN THE QUILOMBO CARRIED OUT THROUGH OBSERVED PARTICIPATION, INTERVIEWS AND GUIDED CHATS. IT IS SHOWN THAT THE GROUP OF WOMEN WHO HAD BEEN STUDIED AS AGENTS OF THEIR OWN CULTURE ARE PRODUCING DIFFERENT MEANINGS OVER THEIR OWN ETHNIC AND CULTURAL IDENTITY AND GENDER AS WELL, IN THE PUBLIC AND PRIVATE SPHERE BY MEANS OF DISCOURSES BASED ON TRADITION AND ANCESTRY. © 2020. REVISTA ESTUDOS FEMINISTAS. ALL RIGHTS RESERVED.",10.1590/1806-9584-2020V28N363121
MOUTINHO L,2014,"DIFFERENCES AND INEQUALITIES IN NEGOTIATION: RACE, SEXUALITY AND GENDER IN RECENT ACADEMIC PRODUCTIONS; [DIFERENÇAS E DESIGUALDADES NEGOCIADAS: RAÇA, SEXUALIDADE E GÊNERO EM PRODUÇÕES ACADÊMICAS RECENTES]","MANY OF THE RECENT REFLECTIONS ON THE PRODUCTION OF DIFFERENCE AND ANALYSIS OF SOCIAL INEQUALITY HAVE BEEN PUTTING FORTH THE ARTICULATION BETWEEN THE SO CALLED “SOCIAL MARKERS OF DIFFERENCE”. IN THIS BROAD FIELD – THAT INVOLVES DEBATES ON DIFFERENTIAL RIGHTS, ACKNOWLEDGEMENT POLICIES, THE PRODUCTION OF NEW SENSIBILITIES, AND AT THE SAME TIME THE REFORMULATION OF PAST FORMS OF EXCLUSION – THE INTERSECTION BETWEEN RACE, NATION, SEXUALITY AND GENDER IS HIGH LIGHTENED. THE AIM OF THIS ARTICLE IS TO REFLECT ON THE WAYS A SET OF MARKERS OF DIFFERENCE HAVE BEEN USED IN ACADEMIC DEBATES AND RECENT POLICIES. MORE SPECIFICALLY, THE ARTICLE WILL FOCUS ON THREE AXES: 1) THE REBUILDING OF THE NATIONAL STATES AND OF CERTAIN NATIONAL REPRESENTATIONS; 2) THE FIELD OF HUMAN RIGHTS: FROM THE REGULATION TO THE CONSTRUCTION OF THE SUBJECT OF RIGHTS; 3) THE SUBJECTIVE IDENTITIES, THE ROOM FOR AGENCY, THE CARE OF THE SELF AND THE NEW OR RENEWED NETWORKS OF SOCIABILITY. © 2014, UNIVERSIDADE ESTADUAL DE CAMPINAS UNICAMP. ALL RIGHTS RESERVED.",10.1590/0104-8333201400420201
DOMINGUES P,2018,IN THE RACE CHORDS: THE JAZZ ERA IN THE AFRO-BRAZILIAN ENVIRONMENT; [NOS ACORDES DA RAÇA: A ERA DO JAZZ NO MEIO AFRO-BRASILEIRO],"JAZZ-BANDS CAME TO BRAZIL IN THE 1920S. THEY MADE STRIKING SUCCESS AND BOOSTED THE SO-CALLED MODERN DANCES AND AMERICAN SONGS. WHAT KIND OF JAZZ DID THESE BANDS PLAY? COULD WE ASSUME THAT THIS MUSICAL EXPRESSION, AS IT WAS APPROPRIATED BY THE AFRO-BRAZILIAN POPULATION, REMAINED THE SAME AS THAT SUNG BY THE AMERICANS? OR DID IT DEVELOP A ""LOCAL SHADE""? THE AIM OF THE ARTICLE IS TO MAP THE JAZZ PRESENCE IN THE BLACK POPULATION OF SÃO PAULO IN THE 1920S AND TO ILLUSTRATE HOW THE AFRO-DIASPORIC STYLE INFLUENCED THE CULTURAL LIFE OF THIS POPULATION, EVEN THEIR SOCIABILITY EXPERIENCES. © 2018 STATE UNIVERSITY OF SANTA CATARINA. ALL RIGHTS RESERVED.",10.5965/2175180310252018066
CANDIDO M;CAMPOS L;JÚNIOR J;PORTELA P,2021,GENDER AND RACE IN THE BRAZILIAN CINEMA; [GENRE ET RACE DANS LE CINÉMA BRÉSILIEN]; [GÊNERO E RAÇA NO CINEMA BRASILEIRO],"THIS ARTICLE ANALYSES THE RACIAL AND GENDER PROFILES REPRESENTED IN TWO DECADES OF BRAZILIAN CINEMA. THE AIM IS TO CONTRIBUTE TO SOCIAL SCIENCE DEBATES ON INEQUALITIES AND INTERSECTIONAL FEMINIST CRITICISM, BASED ON THE UNDERSTANDING OF HOW POLITICAL MINORITIES AND DOMINANT GROUPS ARE INSERTED IN THE NARRATIVES FORMULATED BY THE BRAZILIAN AUDIOVISUAL INDUSTRY. TO THIS END, WE FIRST BUILT A DATABASE CONTAINING THE MOST POPULAR FILMS BETWEEN 1995 AND 2015 ACCORDING TO INFORMATION AVAILABLE AT THE BRAZILIAN OBSERVATORY OF CINEMA AND AUDIOVISUAL (OCA-ANCINE). WE THEN VIEWED THE FEATURE FILMS AND CLASSIFIED SEVERAL CHARACTERISTICS AMONG 6,450 CHARACTERS THAT ACHIEVED SOME RELEVANCE IN THE FILM PLOTS, CONSIDERING TWO CRITERIA: NAMING OR DIALOGUE PARTICIPATION. THE RESULTS INDICATE DISCRIMINATORY INCLUSION PATTERNS IN THE NARRATIVES, WHICH MAINLY AFFECT THE BLACK AND BROWN POPULATIONS. © CREATIVE COMMONS LICENSE THIS IS AN OPEN ACCESS ARTICLE DISTRIBUTED UNDER THE TERMS OF THE CREATIVE COMMONS ATTRIBUTION LICENSE, WHICH PERMITS UNRESTRICTED USE, DISTRIBUTION, AND REPRODUCTION IN ANY MEDIUM, PROVIDED THE ORIGINAL WORK IS PROPERLY CITED",10.1590/3610611/2021
CANDIDO L;FINKLER M;BASTOS J;DE FREITAS S,2019,"CONFLICTS WITH THE PATIENT, RACE AND CONCEPTIONS HELD BY DENTAL STUDENTS: THE CASE OF UNDERGRADUATES FROM SOUTHERN BRAZIL; [CONFLITOS COM O PACIENTE, COR/RAÇA E CONCEPÇÕES DE ESTUDANTES DE ODONTOLOGIA: UMA ANÁLISE COM GRADUANDOS NO SUL DO BRASIL]","THE SOCIO-HISTORICAL PROCESSES THAT OCCURRED IN BRAZIL RESULTED IN HEALTH INEQUALITIES BETWEEN DIFFERENT ETHNIC AND RACIAL GROUPS. THIS STUDY AIMED TO ASSESS WHETHER THE CONCEPTIONS HELD BY DENTAL STUDENTS VARY ACCORDING TO THE PATIENT’S RACE, WHEN A HYPOTHETIC PATIENT DISAGREES WITH THE PROPOSED TREATMENT, AS WELL AS WHEN THE TREATMENT FAILS. DATA WERE COLLECTED WITH A SELF-COMPLETED QUESTIONNAIRE, WHICH WAS ADMINISTERED TO 166 UNDERGRADUATE STUDENTS LIVING IN SOUTHERN BRAZIL. THE QUESTIONNAIRE WAS PRESENTED WITH A HYPOTHETICAL CLINICAL SCENARIO ON TWO DIFFERENT OCCASIONS; IN THE FIRST ONE, THE PATIENT WAS BLACK AND, IN THE SECOND ONE, WHITE. ON BOTH OCCASIONS, THE CASE ASKED ABOUT TREATMENT DECISIONS OF A SIMILARLY AFFECTED TOOTH, AFTER WHICH THE RESPONDENT HAD TO ANSWER SOME OPEN-ENDED ITEMS. THE ANSWERS WERE ANALYZED WITH THEMATIC CONTENT ANALYSIS. RESULTS SUGGEST A LESS RESPECTFUL BEHAVIOR TOWARDS AND LESS AUTONOMY GIVEN TO THE BLACK PATIENT, AS COMPARED WITH THE WHITE ONE. BLACK PATIENTS WERE ALSO MORE RESPONSIBLE FOR TREATMENT FAILURES AS COMPARED TO THEIR WHITE PEERS. BASED ON THESE RESULTS, WE SUGGEST THAT THE TRAINING OF HEALTH PROFESSIONALS SHOULD FOCUS ON THE ISSUE OF RACIAL INEQUALITIES, TO BETTER EQUIP THEM TO BUILD A LESS UNEQUAL SOCIETY. © 2019, INSTITUTE DE MEDICINA SOCIAL DA UERJ. ALL RIGHTS RESERVED.",10.1590/S0103-73312019290410
NOLETO R,2018,JAMBO COLOUR AND OTHER AMAZONIAN HUES: ON THE ABOLITION OF THE MULATA AND THE ADVENT OF THE MORENA CHEIROSA AT THE JUNE FESTIVALS OF BELÉM; [COLOR DE YAMBO Y OTROS MATICES AMAZÓNICOS: SOBRE LA ABOLICIÓN DE LA MULATA Y LA LLEGADA DE LA MORENA CHEIROSA EN LAS FIESTAS DE JUNIO EN BELÉM]; [COR DE JAMBO E OUTROS MATIZES AMAZÔNICOS: SOBRE A ABOLIÇÃO DA MULATA E O ADVENTO DA MORENA CHEIROSA NAS FESTAS JUNINAS DE BELÉM],"IN THIS ARTICLE, I CONSIDER THE STATE'S CONSCIOUS PRODUCTION OF SOCIAL CATEGORIES THAT SEXUALIZE RACE AND RACIALIZE GENDER IN PUBLIC POLICIES IN ORDER TO PROMOTE POPULAR CULTURES. LOOKING AT THE PRACTICES AND DISCOURSES SURROUNDING THE CATEGORIES ""MISS MULATA"" AND ""MISS MORENA CHEIROSA"" AT THE JUNE FESTIVALS IN BELÉM, I ARGUE THAT THESE CATEGORIES REVEAL THE INTERFERENCE OF STATE ORGANS AND THEIR CULTURAL BROKERS IN THE PRODUCTION OF AMAZONIAN ETHNIC-RACIAL IDENTITIES. IN ADDITION TO LOOKING AT THE EXPLICIT TEXTUAL CONTENT OF THE REGULATIONS OF THE JUNE CONTESTS, I NOTE WHAT THE OMIT REGARDING ISSUES OF RACE, ETHNICITY AND SEXUALITY. SUCH OMISSIONS DO NOT REFLECT A LACK OF NORMATIVE PRESCRIPTIONS, BUT MEAN THAT THE REGULATION OF BODIES, SUBJECTS, AND PERFORMANCES REMAINS HIDDEN AND IMMOBILE IN THE INTERSTICES OF THE DISCOURSE OF CULTURAL BROKERS WHO FOSTER POLICIES GEARED TOWARD POPULAR CULTURES. © 2018, MANA.; NESTE TEXTO, BUSCO PENSAR NA ATUAÇÃO CONSCIENTE DO ESTADO AO PRODUZIR CATEGORIAS SOCIAIS QUE SEXUALIZAM A RAÇA E RACIALIZAM O GÊNERO NAS POLÍTICAS PÚBLICAS PARA A PROMOÇÃO DAS CULTURAS POPULARES. PERSCRUTANDO OS USOS E OS DISCURSOS EM TORNO DAS CATEGORIAS MISS MULATA E MISS MORENA CHEIROSA NAS FESTAS JUNINAS DE BELÉM, ARGUMENTO QUE ESSAS CATEGORIAS FALAM ACERCA DAS INTERFERÊNCIAS DOS ÓRGÃOS ESTATAIS E SEUS GESTORES CULTURAIS NA PRODUÇÃO DE IDENTIDADES ÉTNICORACIAIS AMAZÔNICAS. ALÉM DE ATENTAR PARA OS CONTEÚDOS TEXTUAIS EXPLÍCITOS NOS REGULAMENTOS DOS CONCURSOS JUNINOS, OBSERVO ESPECIALMENTE OS SEUS SILÊNCIOS QUANTO A QUESTÕES REFERENTES À RAÇA, ETNICIDADE E SEXUALIDADE. TAIS SILÊNCIOS NÃO REPRESENTAM AUSÊNCIA DE PRESCRIÇÕES NORMATIVAS, MAS SIGNIFICAM QUE A REGULAÇÃO DOS CORPOS, SUJEITOS E PERFORMANCES PERMANECE OCULTA NAS ENTRELINHAS DOS DISCURSOS DOS GESTORES CULTURAIS QUE FOMENTAM AÇÕES VOLTADAS PARA AS CULTURAS POPULARES. © 2018, MANA.; EN ESTE TEXTO, BUSCO PENSAR LA ACTUACIÓN CONSCIENTE DEL ESTADO AL PRODUCIR CATEGORÍAS SOCIALES QUE SEXUALIZAN LA RAZA Y RACIALIZAN EL GÉNERO EN LAS POLÍTICAS PÚBLICAS PARA LA PROMOCIÓN DE LAS CULTURAS POPULARES. INVESTIGANDO LOS USOS Y DISCURSOS EN TORNO A LAS CATEGORÍAS MISS MULATA Y MISS MORENA CHEIROSA EN LAS FIESTAS JUNINAS DE BELÉM, ARGUMENTO QUE ESAS CATEGORÍAS DEJAN EN EVIDENCIA LAS INTERFERENCIAS DE LOS ÓRGANOS ESTATALES Y SUS GESTORES CULTURALES EN LA PRODUCCIÓN DE IDENTIDADES ÉTNICORACIALES AMAZÓNICAS. ADEMÁS DE NOTAR LOS CONTENIDOS TEXTUALES EXPLÍCITOS EN LOS REGLAMENTOS DE LOS CONCURSOS JUNINOS, OBSERVO ESPECIALMENTE SUS SILENCIOS EN CUANTO A CUESTIONES DE RAZA, ETNICIDAD Y SEXUALIDAD. TALES SILENCIOS NO REPRESENTAN AUSENCIA DE PRESCRIPCIONES NORMATIVAS, SINO QUE SIGNIFICAN QUE LA REGULACIÓN DE LOS CUERPOS, SUJETOS Y PERFORMANCES PERMANECE OCULTA EN LAS ENTRELÍNEAS DE LOS DISCURSOS DE LOS GESTORES CULTURALES QUE FOMENTAN ACCIONES DIRIGIDAS A LAS CULTURAS POPULARES. © 2018, MANA.",10.1590/1678-49442018v24n2p132
DE MELO G;FERREIRA J,2017,"GENDER, RACE, AND NATIONALITY ORDERS OF INDEXICALITY IN TWO CONSUMED OBJECTS DURING THE 2014 WORLD CUP; [AS ORDENS DE INDEXICALIDADE DE GÊNERO, DE RAÇA E DE NACIONALIDADE EM DOIS OBJETOS DE CONSUMO EM TEMPOS DE COPA DO MUNDO 2014]","THIS PAPER INTENDS TO PRESENT THE INDEXICALITY ORDERS OF GENDER, RACE, AND NATIONALITY OBSERVED ON TWO T-SHIRTS MARKETED FOR THE 2014 WORLD CUP. THIS STUDY IS THEREFORE BASED ON THE CONCEPT OF LANGUAGE AS PERFORMANCE PROPOSED BY AUSTIN (1962/1990), DERRIDA (1972/1988), BAUMAN AND BRIGGS (1990), AND PENNYCOOK (2007), IN GENDER STUDIES PROPOSED BY QUEER THEORIES (LOURO, 2008; BUTLER, 1999; FERREIRA, 2016; MELO; MOITA LOPES, 2013; 2014; 2015) AND IN THE DEFINITION OF ORDERS OF INDEXICALITY PRESENTED BY BLOMMAERT (2006). IN THIS QUALITATIVE INTERPRETIVE RESEARCH (MOITA LOPES, 1994), THE ANALYTICAL FRAMEWORK IS GROUNDED ON INDEXICAL CLUES SUGGESTED BY WORTHAM (2001), AS WELL AS ON THE PERSPECTIVE OF IMAGE ANALYSIS PROPOSED BY KRESS AND LEEUWEN (1996/2006). IN THIS STUDY, THE RESULTS POINT TO SEVEN DIFFERENT TYPES OF ORDERS OF INDEXICALITY THAT MOBILIZE DISCOURSES, VALUES, AND IDEOLOGIES CONCERNING BRAZIL, SPECIFICALLY ABOUT A CERTAIN TYPE OF BRAZILIAN WOMAN. © 2017, UNIVERSIDADE FEDERAL DE MINAS GERAIS, FACULDADE DE LETRAS. ALL RIGHTS RESERVED.",10.1590/1984-6398201710896
MARTINS M;SANTOS S K;VASQUEZ V,2021,"WOMEN AND THE COUNTRY OF FOOTBALL: INTERSECTIONS OF GENDER, CLASS, AND RACE IN BRAZIL; [AS MULHERES E O PAÍS DO FUTEBOL: INTERSECÇÕES DE GÊNERO, CLASSE E RAÇA NO BRASIL]; [LAS MUJERES Y EL PAÍS DEL FÚTBOL: INTERSECCIONANES DE GÉNERO, CLASE Y RAZA EN BRASIL]","THE FIELD OF RESEARCH ON WOMEN’S FOOTBALL HAS GROWN IN BRAZIL IN THE PAST TWO DECADES. HOWEVER, THERE IS STILL A GAP RELATED TO HOW CLASS AND RACE INTERSECT GENDER IN THE CONSTITUTION OF THAT PRACTICE. TO FILL THIS GAP, WE ANALYZED THE 2015 NATIONAL HOUSEHOLD SAMPLE SURVEY’S SPECIAL SPORTS SUPPLEMENT, BASED ON DESCRIPTIVE AND INFERENTIAL STATISTICS. WE DESCRIBE THE PROFILES OF WOMEN WHO PLAY FOOTBALL IN CONTEMPORARY BRAZIL AND COMPARE THEM TO THOSE OF MEN AND OTHER WOMEN WHO PLAY SPORTS OTHER THAN FOOTBALL. OUR RESULTS INDICATE THAT, IN COMPARISON TO WHAT OCCURS WITH WOMEN WHO PRACTICE SPORTS IN GENERAL, CLASS AND RACE HAVE THE OPPOSITE IMPACT ON ADHERENCE TO FOOTBALL. THE MAJORITY OF WOMEN WHO PRACTICE FOOTBALL COME FROM THE LOWER CLASSES AND ARE BLACK. BY INDICATING THIS RELATIONSHIP, WE DEMONSTRATE THE NEED TO PROMOTE RACIAL EQUALITY, DIVERSITY, AND INCLUSION OF BLACK WOMEN’S FOOTBALL NARRATIVES IN BRAZIL. © 2021, UNIVERSIDADE FEDERAL DO RIO GRANDE DO SUL. ALL RIGHTS RESERVED.",10.22456/1982-8918.109328
OLIVEIRA F;MEINERZ C,2019,RAÇA E GÊNERO NA PERSPECTIVA DOS PENSAMENTOS DE MULHERES NEGRAS,[NO ABSTRACT AVAILABLE],10.35786/1645-1384.v19.n2.01
ERNICA M;RODRIGUES E,2020,"EDUCATIONAL INEQUALITIES IN METROPOLISES: TERRITORY, SOCIOECONOMIC STATUS, RACE, AND GENDER; [DESIGUALDADES EDUCACIONAIS EM METRÓPOLES: TERRITÓRIO, NÍVEL SOCIOECONÔMICO, RAÇA E GÊNERO]; [DESIGUALDADES EDUCATIVAS EN METRÓPOLIS: TERRITÓRIO, CONDICIÓN SOCIOECONÓMICA, RAZA E GÉNERO]","THIS PAPER FOCUSES ON LEARNING INEQUALITIES BETWEEN SOCIAL GROUPS IN METROPOLISES. WE COULD IDENTIFY A PERSISTENT PATTERN THROUGHOUT THE CITY OF SÃO PAULO, ACCORDING TO WHICH THESE GROUPS PERFORM BETTER IN THE FOLLOWING ORDER: WHITE GIRLS, BROWN GIRLS, WHITE BOYS, BROWN BOYS, BLACK GIRLS, AND BLACK BOYS. THIS ORDER ALMOST DOES NOT CHANGE WITHIN THE DISTRICTS. NEVERTHELESS, THERE IS A VARIATION IN THIS PATTERN OF INEQUALITIES WITHIN THE DISTRICTS: WITHIN THE MOST UNEQUAL ONES, THE RACIAL DISADVANTAGES ARE MORE NOTICEABLE, AFFECTING BLACK GIRLS AND BOYS. ON THE OTHER HAND, IN THE MOST EQUITABLE DISTRICTS, THE BLACK BOYS’ DISADVANTAGES PERSIST WHILE BLACK GIRLS HAVE BETTER PERFORMANCE, APPROACHING THE WHITE AND BROWN BOYS. © 2020, CENTRO DE ESTUDOS EDUCACAO E SOCIEDADE - CEDES. ALL RIGHTS RESERVED.",10.1590/ES.228514
KODAMA K,2012,THE INDETERMINATE QUESTION OF RACE; [A INDETERMINADA QUESTÃO DA RAÇA],[NO ABSTRACT AVAILABLE],10.1590/S0104-59702012000500018
DA SILVA N,2014,"CULINARY AND FOOD IN THE WORKS OF GILBERTO FREYRE: RACE, IDENTITY AND MODERNITY; [CULINÁRIA E ALIMENTAÇÃO EM GILBERTO FREYRE: RAÇA, IDENTIDADE E MODERNIDADE]","THE SUBJECT OF FOODWAYS AND FOOD IS OMNIPRESENT AND DEVELOPED IN A VARIETY OF WAYS IN THE WORK OF GILBERTO FREYRE, AND DEMONSTRATES BOTH THE SCIENTIFIC PROJECT AND THE POLITICAL PROGRAM OF THE AUTHOR FROM PERNAMBUCO, BRAZIL, AS WELL AS HIS PIONEERING IDEAS AND CONTEMPORARY IMPORTANCE. IN A QUEST FOR SYNTHESIS AND INVESTIGATION OF SOME LESS EVIDENT ASPECTS OF FREYRE'S WORK, THIS ARTICLE INTENDS TO DEMONSTRATE THAT THE KEY THEMES OF RACE, IDENTITY, AND MODERNITY UNDERLIE THE TOPIC OF FOOD AS ADDRESSED BY FREYRE. THE RELATION BETWEEN NUTRITION AND RACE SUGGESTS THAT FOOD-BASED ARGUMENTS WERE FUNDAMENTAL TO THE SUPPLANTING OF A RACIST PARADIGM WITH A CULTURAL ONE. THE RELATION BETWEEN FOOD AND IDENTITY REVEALS THAT BRAZIL'S CUISINE EPITOMIZES THE MESTIZO CHARACTER OF ITS PEOPLE. THE RELATION BETWEEN FOOD AND MODERNITY IMPLIES THAT NATIONAL FOODWAYS MUST BE DEFENDED AGAINST THE HOMOGENIZING FORCES OF MODERNIZATION.  © 2014 BY THE LATIN AMERICAN STUDIES ASSOCIATION.",10.1353/lar.2014.0047
PRADO M;FRANCISCO P;BARROS M,2017,"USE OF PSYCHOTROPIC MEDICATIONS IN ADULTS AND ELDERLY LIVING IN CAMPINAS, SÃO PAULO, BRAZIL: CROSS-SECTIONAL POPULATION-BASED STUDY; [USO DE MEDICAMENTOS PSICOTRÓPICOS EM ADULTOS E IDOSOS RESIDENTES EM CAMPINAS, SÃO PAULO: UM ESTUDO TRANSVERSAL DE BASE POPULACIONAL]","OBJECTIVE: TO ESTIMATE THE PREVALENCE OF USE OF PSYCHOTROPIC MEDICINES AND ASSOCIATED FACTORS IN ADULTS AND ELDERLY, AND TO IDENTIFY THE MAIN CLASSES USED. METHODS: CROSS-SECTIONAL POPULATION-BASED STUDY, CONDUCTED IN CAMPINAS-SP, BRAZIL (JANUARY/2008-APRIL/2009); CHI-SQUARE RAO-SCOTT TEST AND POISSON MULTIPLE REGRESSION WERE APPLIED. RESULTS: THE STUDY INCLUDED 2,472 INDIVIDUALS AND THE PREVALENCE OF USE OF AT LEAST ONE PSYCHOTROPIC MEDICATION IN THE THREE PREVIOUS DAYS WAS 6.8% (95%CI 5.5;8.1); IN THE ADJUSTED ANALYSES, THERE WERE POSITIVE ASSOCIATIONS BETWEEN USE AND FEMALE SEX (PR=1.48; 95%CI 1.01;2.18), WORSE HEALTH PERCEPTION (PR=2.10; 95%CI 1.13;3.89), COMMON MENTAL DISORDER (PR=1.66; 95%CI 1.09;2.51) AND EMOTIONAL PROBLEMS (PR=8.04; 95%CI 4.87;13.02); BLACK/BROWN-SKINNED INDIVIDUALS PRESENTED SIGNIFICANTLY LOWER USE (PR=0.58; 95%CI 0.39;0.88); ANTIDEPRESSANTS (52.6%), ANXIOLYTICS (28.1%) AND ANTIPSYCHOTICS (17.0%) WERE THE MOST USED. CONCLUSION: INEQUALITIES REGARDING SEX AND ETHNICITY/SKIN COLOR WERE OBSERVED; THE FINDINGS CONTRIBUTE TO THE EVALUATION OF THE RATIONAL USE OF THESE DRUGS.; OBJETIVO: ESTIMAR A PREVALÊNCIA DO USO DE PSICOTRÓPICOS E FATORES ASSOCIADOS EM ADULTOS E IDOSOS, E IDENTIFICAR AS PRINCIPAIS CLASSES UTILIZADAS. MÉTODOS: ESTUDO TRANSVERSAL DE BASE POPULACIONAL, REALIZADO EM CAMPINAS-SP, BRASIL (JANEIRO/2008-ABRIL/2009); EMPREGOU-SE TESTE QUI-QUADRADO (RAO-SCOTT) E REGRESSÃO MÚLTIPLA DE POISSON. RESULTADOS: PARTICIPARAM DO ESTUDO 2.472 INDIVÍDUOS; A PREVALÊNCIA DO USO DE AO MENOS UM PSICOFÁRMACO NOS TRÊS DIAS ANTERIORES À PESQUISA FOI DE 6,8% (IC95% 5,5;8,1); NAS ANÁLISES AJUSTADAS, OBSERVARAM-SE ASSOCIAÇÕES POSITIVAS ENTRE O USO E SEXO FEMININO (RP=1,48; IC95% 1,01;2,18), PIOR PERCEPÇÃO DA SAÚDE (RP=2,10; IC95% 1,13;3,89), TRANSTORNO MENTAL COMUM (RP=1,66; IC95% 1,09;2,51) E PROBLEMAS EMOCIONAIS (RP=8,04; IC95% 4,87;13,02); PRETOS/PARDOS APRESENTARAM USO SIGNIFICATIVAMENTE MENOR (RP=0,58; IC95% 0,39;0,88); DESTACARAM-SE OS ANTIDEPRESSIVOS (52,6%), ANSIOLÍTICOS (28,1%) E ANTIPSICÓTICOS (17,0%). CONCLUSÃO: OBSERVARAM-SE DESIGUALDADES DE SEXO E DE RAÇA/COR DA PELE NO USO DE PSICOTRÓPICOS; OS ACHADOS CONTRIBUEM PARA A AVALIAÇÃO DO USO RACIONAL DESSES FÁRMACOS.; OBJETIVO: ESTIMAR LA PREVALENCIA DE USO DE DROGAS PSICOTRÓPICAS Y FACTORES ASOCIADOS EN ADULTOS Y ANCIANOS, E IDENTIFICAR LOS PRINCIPALES TIPOS UTILIZADOS. MÉTODOS: ESTUDIO POBLACIONAL TRANSVERSAL EN CAMPINAS-SP, BRASIL (ENERO/2008-ABRIL/2009); LA ASOCIACIÓN ENTRE EL USO DE PSICOTRÓPICOS Y VARIABLES INDEPENDIENTES FUE VERIFICADA USANDO LA PRUEBA DE RAO-SCOTT CON UN NIVEL DE SIGNIFICANCIA DE 5%; LAS RAZONES DE PREVALENCIA FUERON ESTIMADAS USANDO REGRESIÓN MÚLTIPLE DE POISSON. RESULTADOS: EL ESTUDIO INCLUYÓ A 2.472 PERSONAS Y LA PREVALENCIA DE UTILIZACIÓN DE FÁRMACOS EN LOS TRES DÍAS ANTERIORES FUE 6,8% (IC95% 5,5;8,1); EN ANÁLISIS AJUSTADAS OBSERVAMOS UNA ASOCIACIÓN POSITIVA ENTRE USO Y SEXO FEMENINO (OR=1,48; IC95% 1,01;2,18), PEOR SALUD PERCIBIDA (OR=2,10; IC95% 1,13;3,89), TRASTORNO MENTAL COMÚN (OR=1,66; IC95% 1,09;2,51) Y PROBLEMAS EMOCIONALES (OR=8,04; IC95% 4,87;13,02); INDIVIDUOS NEGRO/MARRÓN MOSTRARON MENOR USO (OR=0,58; IC95% 0,39;0,88); SE DESTACARON ANTIDEPRESIVOS (52,6%), ANSIOLÍTICOS (28,1%) Y ANTIPSICÓTICOS (17,0%). CONCLUSIÓN: SE OBSERVARON DESIGUALDADES DE SEXO Y RAZA/COLOR DE PIEL; SUBGRUPOS CON MAYOR PREVALENCIA DE USO QUE REQUIEREN ATENCIÓN; ESTOS RESULTADOS CONTRIBUYEN A LA EVALUACIÓN DEL USO RACIONAL.",10.5123/S1679-49742017000400007
TRINDADE A;DURANTE M,2019,"FEAR OF CRIME AND VICTIMIZATION IN THE FEDERAL DISTRICT: ANALYZING THE VULNERABILITIES OF GENDER, AGE, RACE AND INCOME; [MEDO DO CRIME E VITIMIZAÇÃO NO DISTRITO FEDERAL: ANALISANDO AS VULNERABILIDADES DE GÊNERO, IDADE, RAÇA E RENDA]","WE ANALYZE THE FEAR OF CRIME AND CRIMINAL VICTIMIZATION AMONG RESIDENTS OF THE FEDERAL DISTRICT. WE WILL USE DATA FROM THE DISTRITAL VICTIMIZATION SURVEY, CONDUCTED BETWEEN 2015 AND 2016 BY THE PUBLIC SECURITY SECRETARIAT. WE FOUND THAT THE FEAR ONLY CORRELATES WITH VICTIMIZATION BY THEFT. AS FOR THE PROFILE OF PEOPLE, INCOME PROVED TO BE THE MAIN DETERMINANT OF FEAR AND PERCEPTION OF RISK AND, ON THE OTHER HAND, AGE IS THE MAIN DETERMINANT OF CRIMINAL VICTIMIZATION. GENDER AND RACE ALSO HAVE A SIGNIFICANT IMPACT ON DETERMINING FEAR. © 2019 UNIVERSIDADE FEDERAL DO RIO DE JANEIRO. ALL RIGHTS RESERVED.",NA
ORAKA C;FAUSTINO D;OLIVEIRA E;TEIXEIRA J;DE SOUZA A;LUIZ O,2020,RACE AND OBESITY IN THE BLACK FEMALE POPULATION: A SCOPING REVIEW; [RAÇA E OBESIDADE NA POPULAÇÃO FEMININA NEGRA: UMA REVISÃO DE ESCOPO],"ABOUT 40% OF THE WORLD’S POPULATION IS OVERWEIGHT. OBESITY IS MOST PREVALENT AMONG SOCIAL STRATA WITH LOWER INCOME AND EDUCATION. ALTHOUGH THE ASSOCIATION BETWEEN SOCIODEMOGRAPHIC FACTORS AND WEIGHT GAIN IS WELL DOCUMENTED, FEW RESEARCHERS ASSOCIATED OBESITY WITH RACE/COLOR. THIS ARTICLE AIMS TO MAP THE EXTENT, SCOPE, AND NATURE OF THE ASSOCIATION BETWEEN OBESITY AND RACE IN THE SCIENTIFIC LITERATURE BY CONDUCTING A SCOPING REVIEW. DATA SOURCES WERE THE LITERATURE ANALYSIS AND RETRIEVAL SYSTEM ONLINE (MEDLINE), EXCERPTA MEDICA DATABASE (EMBASE), WEB OF SCIENCE, HEALTH INTERNETWORK ACCESS TO RESEARCH INITIATIVE (HINARI), AND SCOPUS DATABASES, AS WELL AS THE GRAY LITERATURE. IN TOTAL, 2,526 ARTICLES WERE FOUND. AFTER DUPLICATES WERE EXCLUDED AND INCLUSION AND EXCLUSION CRITERIA APPLIED, 10 ARTICLES REMAINED. RACE, OBESITY, SOCIOECONOMIC STATUS, AND GENDER ARE TIED INTO A COMPLEX RELATIONSHIP WHOSE SPECIFICITY LIES ON THE SOCIO-HISTORICAL CONTEXT. RACIAL DISPARITIES IN OBESITY MAY BE EXPLAINED BY PHYSIOLOGICAL, PSYCHOLOGICAL, AND CULTURAL EFFECTS OF STRESS DUE TO RACIAL DISCRIMINATION. ALTHOUGH RACIAL INEQUALITY HAPPENS EVERYWHERE, IT ASSUMES DIFFERENT FORMS. CONSIDERING THAT, FURTHER STUDIES SHOULD APPROACH REGIONAL DIFFERENCES. © 2020, UNIV SAOPAULO. ALL RIGHTS RESERVED.",10.1590/S0104-12902020191003
POPINIGIS F;TERRA P,2019,"CLASS, RACE AND THE SOCIAL HISTORY OF LABOR IN BRAZIL (2001-2016); [CLASSE, RAÇA E A HISTÓRIA SOCIAL DO TRABALHO NO BRASIL (2001-2016)]","IN A 1998 ARTICLE, SILVIA H. LARA MADE A HARSH CRITIQUE REGARDING THE EXCLUSION OF BLACK PEOPLE, BE THEM ENSLAVED OR FREE, FROM THE HISTORY OF LABOR IN BRAZIL. IDENTIFIED ONLY WITH FREE AND WAGE-EARNING LABOR, THIS HISTORY WOULD HAVE IGNORED THE EXPERIENCES AND STRUGGLES OF THOSE WORKERS BEFORE AND AFTER THE ABOLITION OF SLAVERY. TWENTY YEARS AFTER THE PUBLICATION OF THIS IS CRITIQUE, WHICH HAS BEEN HIGHLY INFLUENTIAL AMONG ACADEMIA, OUR GOAL IN THE PRESENT ARTICLE IS TO RESUME THIS QUESTIONING, TRYING TO IDENTIFY HOW AND TO WHAT EXTENT THE DEMAND FOR EXPANDED DIALOGUES WAS INCORPORATED INTO THE PRODUCTION OF THE WORK GROUP MUNDOS DO TRABALHO ('WORLDS OF LABOR'), WHICH IS CONNECTED TO ASSOCIAÇÃO NACIONAL DE HISTÓRIA ('NATIONAL HISTORY ASSOCIATION'), AND USING AS SOURCES THE PRODUCTION PRESENTED BY THE RESEARCHES WITHIN THIS WORK GROUP. © 2019 FUNDACAO GETULIO VARGAS. ALL RIGHTS RESERVED.",10.1590/S2178-149420190001000015
AGUIÃO S,2017,"WHICH POLICIES, WHICH SUBJECTS? MEANINGS OF THE GENDER AND RACE EQUALITY PROMOTION IN BRAZIL (2003 - 2015); [QUAIS POLÍTICAS, QUAIS SUJEITOS? SENTIDOS DA PROMOÇÃO DA IGUALDADE DE GÊNERO E RAÇA NO BRASIL(2003 - 2015)]","THIS ARTICLE DISCUSSES THE MUTUALLY CONSTITUTIVE RELATIONS BETWEEN SUBJECTS AND RIGHTS THROUGH THE ANALYSIS OF SOME OF THE GOVERNMENTAL ACTIONS TO PROMOTE GENDER AND RACE EQUALITY IN CONTEMPORARY BRAZIL (2003-2015). IT AIMS TO UNDERSTAND THE MECHANISMS OF RECOGNITION (AND PRODUCTION) OF DIFFERENCES LINKED TO A PARTICULAR CONCEPTION OF THE PROMOTION OF EQUAL RIGHTS IN SUCH STATE PROCESSES. THE PROPOSAL IS TO REFLECT ON THE COPRODUCTION AND REPRODUCTION OF MEANINGS THAT ""TRANSVERSALITY OF GENDER AND RACE"" AND THE INTERSECTIONALITY PERSPECTIVE ACQUIRES IN THE DESIGN OF PUBLIC POLICIES AND ALSO ON THE DYNAMICS OF THE MANUFACTURE OF SUBJECTS AND RIGHTS AS PART INHERENT TO THE CONTINUOUS FLOW OF MAKING STATE ITSELF. © 2018, UNIVERSIDADE ESTADUAL DE CAMPINAS UNICAMP. ALL RIGHTS RESERVED.",10.1590/18094449201700510007
DE NOVAES MARQUES T,2019,RACE AND GENDER IN THE MAGAZINE ON GUARD FOR THE DEFENSE OF THE AMERICAS. THE UNITED STATES BRAZILIANS MUST SEE; [RAÇA E GÊNERO NA REVISTA EM GUARDA PARA A DEFESA DAS AMÉRICAS. OS ESTADOS UNIDOS QUE OS BRASILEIROS DEVEM VER],"FROM AUGUST 1941 TO DECEMBER 1945, THE MAGAZINE EM GUARDA PARA A DEFESA DAS AMÉRICAS (ON GUARD FOR THE DEFENSE OF THE AMERICAS) WAS PUBLISHED IN WASHINGTON, D.C., IN PORTUGUESE AND SPANISH, AND DISTRIBUTED TO BRAZIL. THE PUBLICATION WAS PART OF THE UNITED STATES' EFFORT TO GET CLOSER TO LATIN AMERICA AND WAS PART OF THE POLITICAL PROPAGANDA ACTIONS OF THE ALLIED DURING THE YEARS OF THE WAR. ABUNDANTLY ILLUSTRATED, IN A FASHION SIMILAR TO TIME-LIFE MAGAZINE, EM GUARDA PRESENTED THE USA TO BRAZIL BY USING A TEXTUAL AND IMAGE LANGUAGE FULL OF CODES. AMONG THEM, WE EXAMINE THE IDEA OF MASCULINITY, TOGETHER WITH ITS COUNTERPART, THE IDEA OF FEMININITY, EXPRESSED IN THE IMAGES PUBLISHED IN THE MAGAZINE, AS WELL AS THE RACIAL RELATIONS MANIFESTED IN THE EDITORIAL CHOICES. © 2019 UNIVERSIDADE DO VALE DO RIO DOS SINOS. ALL RIGHTS RESERVED.",10.4013/hist.2019.233.08
LAPERA P,2019,"""FILMS ON FIRE"": CINEMA, PRESS AND SENSATIONALISM IN RIO DE JANEIRO'S BELLE ÉPOQUE; [""FITAS EM CHAMMAS"": CINEMA, IMPRENSA E SENSACIONALISMO NA BELLE ÉPOQUE CARIOCA]","THIS ARTICLE ANALYZES THE JOURNALISTIC COVERAGE ON FIRES THAT HAD PLACE IN CINEMAS IN THE TURN OF THE TWENTIETH CENTURY, WHEN SOME STRUCTURING TRAITS OF RIO DE JANEIRO'S SOCIETY EMERGED IN RELATION TO CINEMATOGRAPHIC CONSUMPTION AND TO THE ROLE OF THE PRESS. OUR MAIN QUESTION IS: HOW WAS SENSATIONALISM USED AS A KEY FACTOR IN THE INTERPRETATION OF THESE FIRES? OUR HYPOTHESIS IS THAT IT CAN BE SEEN AS A PRACTICE OF COMMUNICATION BETWEEN DIFFERENT SOCIAL GROUPS, SINCE ITS MARKS PERMEATE DIFFERENT WAYS OF EXPERIMENTING MODERNITY. WE WILL TRY TO UNDERSTAND HOW SENSATIONALISM WAS ARTICULATED AS A KEY OF INTERPRETATION IN RELATION TO CINEMATOGRAPHIC CONSUMPTION, IN A HISTORICAL MOMENT IN WHICH HIERARCHIES OF CLASS, GENDER AND RACE WERE REINFORCED BY THE LOGIC OF THE NEW OCCUPATION OF THE URBAN SPACE. © 2019, ASSOCIACAO NACIONAL DE HISTORIA.; ESTE ARTIGO ANALISA A COBERTURA JORNALÍSTICA SOBRE INCÊNDIOS EM CINEMAS NA VIRADA PARA O SÉCULO XX, QUANDO EMERGIRAM ALGUNS TRAÇOS ESTRUTURANTES DA SOCIEDADE CARIOCA NO TOCANTE AO CONSUMO CINEMATOGRÁFICO E AO PAPEL DA IMPRENSA NO RIO DE JANEIRO. A QUESTÃO PRINCIPAL É: DE QUE MODO O SENSACIONALISMO OPEROU COMO CHAVE DE LEITURA DESSES INCÊNDIOS? PARTIMOS DA HIPÓTESE DE QUE O SENSACIONALISMO PODE SER VISTO COMO UMA PRÁTICA DE COMUNICAÇÃO ENTRE DIVERSOS GRUPOS SOCIAIS, NA MEDIDA EM QUE SUAS MARCAS PERPASSAM DIFERENTES FORMAS DE EXPERIMENTAR A MODERNIDADE. BUSCAREMOS COMPREENDER COMO O SENSACIONALISMO FOI ARTICULADO COMO UMA CHAVE DE LEITURA NA RELAÇÃO COM O CONSUMO CINEMATOGRÁFICO, EM UM MOMENTO HISTÓRICO NO QUAL HIERARQUIAS DE CLASSE, GÊNERO E RAÇA SAÍRAM REFORÇADAS PELA LÓGICA DA NOVA OCUPAÇÃO DO ESPAÇO URBANO. © 2019, ASSOCIACAO NACIONAL DE HISTORIA.",10.1590/1806-93472019v39n80-03
DE CARVALHO L,2016,THE IDENTITY OF THE “COSMIC RACE”: THE EXPERIENCE OF EUGENICS IN MEXICO; [A IDENTIDADE DA “RAÇA CÓSMICA”: A EXPERIÊNCIA DA EUGENIA NO MÉXICO],[NO ABSTRACT AVAILABLE],10.1590/s0104-59702016000500019
DOMINGUES P,2018,"THIS ""MAGNANIMOUS VOLITION"": THE COLORED MEN FEDERATIO; [ESTA ""MAGNÂNIMA VOLIÇÃO"": A FEDERAÇÃO DOS HOMENS DE COR]","THE AIM OF THIS ARTICLE IS TO INVESTIGATE THE COLORED MEN FEDERATION (FHC - FEDERAÇÃO DOS HOMENS DE COR), AN ASSOCIATION WHOSE MAIN GOAL WAS TO ACT TOWARDS THE MORAL, CULTURAL, POLITICAL AND SOCIAL DEVELOPMENT OF AFRO-BRAZILIANS. THE FEDERATION WAS FOUNDED IN SÃO PAULO, IN 1909, BUT IT WAS TRANSFERRED TO RIO DE JANEIRO, IN 1920. FHC PROMOTED COLLECTIVE ACTIONS, SET AFRICAN DIASPORIC REFERENCES, ADVOCATED FOR AN EQUALITY DISCOURSE, INFLUENCED THE NATIONAL AGENDA BY SETTING DEBATES AND ALLIANCES WITH DIFFERENT SECTORS OF BRAZILIAN SOCIETY. THUS, THE AIM OF THIS ARTICLE IS TO REBUILD SOME ASPECTS OF THE TRAJECTORY OF THIS ASSOCIATION ACCORDING TO ITS ASPIRATIONS AND ORGANIZATION, STRUGGLE AND IDENTITY FORMS. © 2018 UNIVERSIDADE ESTADUAL PAULISTA.; O ARTIGO INVESTIGA A FEDERAÇÃO DOS HOMENS DE COR (FHC) - UMA ASSOCIAÇÃO CUJA FINALIDADE PRINCIPAL ERA TRABALHAR PELO DESENVOLVIMENTO MORAL, CULTURAL, POLÍTICO E SOCIAL DOS AFROBRASILEIROS -, FUNDADA EM SÃO PAULO EM 1909, MAS QUE SE TRANSFERIU PARA O RIO DE JANEIRO EM 1920. A FHC PROMOVEU AÇÕES COLETIVAS, CELEBROU REFERENCIAIS AFRODIASPÓRICOS, PRECONIZOU NARRATIVAS DE IGUALDADE, INTERVEIO NA AGENDA NACIONAL, ESTABELECENDO DIÁLOGOS E URDINDO ALIANÇAS COM DIFERENTES SETORES DA SOCIEDADE. A PROPOSTA DESTE ARTIGO É RECONSTITUIR ALGUNS ASPECTOS DA TRAJETÓRIA DESSA ASSOCIAÇÃO À LUZ DE SUAS ASPIRAÇÕES E FORMAS DE ORGANIZAÇÃO, LUTA E IDENTIDADE. © 2018 UNIVERSIDADE ESTADUAL PAULISTA.",10.1590/1980-4369e2018032
REZENDE C,2016,"IMAGINING THE EXPECTED BABY: KINSHIP, BEAUTY AND RACE IN RIO DE JANEIRO; [IMAGINANDO O BEBÊ ESPERADO: PARENTESCO, RAÇA E BELEZA NO RIO DE JANEIRO]","IN THIS ARTICLE, I EXAMINE PREGNANCY AS A MOMENT OF REVALIDATION AND ACTUALIZATION OF KINSHIP TIES. ANALYZING NARRATIVES OF MIDDLE-CLASS PREGNANT WOMEN IN RIO DE JANEIRO, I DISCUSS HOW THEY IMAGINE THE PHYSICAL APPEARANCE OF THEIR EXPECTED BABIES RESORTING TO FAMILY FEATURES. IN THINKING ABOUT THE BABY, THEY ENGAGE WITH THE CONTINUED IDENTITIES ORIGINATED IN THEIR PAST, AS THEY FACE THE FUTURE PROJECTING HIS/HER CHARACTERISTICS, IDENTITIES AND SOCIAL TIES. IN THIS PROCESS, THE ASSOCIATION BETWEEN PHYSICAL SIMILARITY AND KINSHIP IS DEBATED, SINCE THE PHYSICAL CONTINUITY BETWEEN GENERATIONS MAY OR MAY NOT BE DESIRED. IN THESE NARRATIVES, NOTIONS OF BEAUTY, RACE AND SOCIAL CLASS PRESENT IN BRAZILIAN SOCIETY AFFECT THE WAY THE EXPECTED BABY IS IMAGINED. THE DESIRED CONTINUITY BETWEEN GENERATIONS FIGURES LESS AS A REPRODUCTION AND MORE AS PERFECTED CONNECTIONS, IN WHICH THE UNDESIRED TRAITS DISAPPEAR. © CRIA.",10.4000/etnografica.4258
MARTINS R,2014,THE SONS OF CAIM: THE RACE OF OUTCASTS AND DISINHERITED IN WALTER BENJAMIN AND CHARLES BAUDELAIRE; [OS FILHOS DE CAIM: A RAÇA DOS PROSCRITOS E DESERDADOS EM WALTER BENJAMIN E CHARLES BAUDELAIRE],"THIS ARTICLE AIMS TO DEVELOP A REFLECTION ESSAY ABOUT THE PHILOSOPHICAL AND LITERARY REPRESENTATION CONCERNING THE MARGINALIZED AND OPPRESSED IN HISTORY, INSIDE THE WORKS OF CHARLES BAUDELAIRE AND WALTER BENJAMIN. THIS IS TO ASCERTAIN AND ANALYZE HOW THESE TWO AUTHORS, FROM THEIR RESPECTIVE WORKS, ALLOWED THE PROLETARIAT GRADUALLY TOOK THE SHAPE OF AN OBJECT AND PRODUCTIVE CHARACTER FOR SOCIAL AND LYRICAL REFLECTION, THUS, IN THE WAKE OF WORKS AS FLOWERS OF EVIL, THE ASSUMPTION OF THEMES DRAWN FROM A TRADITION HISTORICALLY LONG, CONNECTED, IN TURN, BY THE RECENT HISTORIOGRAPHICAL PERSPECTIVE FROM BELOW.",10.4025/actascilangcult.v36i3.20757
AVRITZER L;GOMES L,2013,"POLITICS OF RECOGNITION, RACE AND DEMOCRACY IN BRAZIL; [POLÍTICA DE RECONHECIMENTO, RAÇA E DEMOCRACIA NO BRASIL]","THE ANALYSIS OF THE RELATIONSHIP BETWEEN RACE AND DEMOCRACY IN BRAZIL REQUIRES A SPECIFIC THEORETICAL APPROACH BASED ON DIFFERENT CONCEPTIONS OF RECOGNITION. THIS ARTICLE AIMS TO ADDRESS CRITICALLY THE THEORIES OF NANCY FRASER AND AXEL HONNETH IN AN ATTEMPT TO DEEPEN THE UNDERSTANDING OF HOW A HIERARCHY OF STATUS, WHICH IS BASED ON THE RACIAL ISSUE AND IMBRICATE ELEMENTS OF PUBLIC, SOCIAL AND PRIVATE SPACE, WAS ESTABLISHED IN BRAZIL. WE POINT OUT A NUMBER OF DISTINCTIONS IN THE FORMS OF RACIAL STRATIFICATION IN THE UNITED STATES AND BRAZIL SHOWING THAT DIFFERENCES CAN NOT BE REDUCED TO INTERRACIAL RELATIONSHIPS EXISTING IN BRAZIL.WE ATTRIBUTE THIS CONTRAST TO THE DIFFERENT TRADITIONS OF LEGAL REGULATION.WE ALSO DISCUSSED THE DIFFERENT TRADITIONS OF RACIAL INTEGRATION AND AFFIRMATIVE ACTION IN BOTH COUNTRIES TRYING TO SHED LIGHT ON CONCEPTUAL LACKS OF THE THEORIES THAT THINK RACIAL INTEGRATION ONLY FROM THE PERSPECTIVE OF PRIVATE SPHERE.AT THE END OF THE PAPERWE PROPOSE A RECOGNITION MODEL THAT INTEGRATES THE THEORIES OF FRASER AND HONNETH AND ASSOCIATES THE ASSIGNING OF LEGAL STATUS TO RACIAL SEGMENTS HISTORICALLY SUBORDINATE TO A POLICY THAT DEALS WITH THE FORMATION OF SELF-ESTEEM.",10.1590/S0011-52582013000100003
MUÑOZ-CABRERA P;RANGEL P,2018,"GENDER JUSTICE IN FEMINIST ANALYSIS OF PUBLIC POLICIES IN ARGENTINA, BRAZIL AND CHILE; [JUSTIÇA DE GÊNERO NA ANÁLISE FEMINISTA DE POLÍTICAS PÚBLICAS EM ARGENTINA, BRASIL E CHILE]","ESTE TRABALHO APRESENTA PARTE DAS PESQUISAS PÓS-DOUTORAIS DE AMBAS AS AUTORAS (FFLCH/ USP). O TRABALHO FOCA NOS PROCESSOS DE TRANSFORMAÇÃO DAS AÇÕES GOVERNAMENTAIS SENSÍVEIS A GÊNERO NO BRASIL, NA ARGENTINA E NO CHILE AO LONGO DOS ÚLTIMOS ANOS, COM ESPECIAL ATENÇÃO PARA OS MANDATOS DE PRESIDENTAS (CRISTINA FERNÁNDEZ, DILMA ROUSSEFF E MICHELE BACHELET). A PARTIR DE CONCEITOS E TIPOLOGIAS DA LITERATURA ESPECIALIZADA, ABORDAM-SE QUESTÕES SOBRE A ATUAÇÃO DE GRUPOS DE PRESSÃO E AS DISPUTAS NA ARENA POLÍTICA PARA COMPREENDER O IMPACTO DOS FEMINISMOS NAS POLÍTICAS PÚBLICAS E BUSCAR IDENTIFICAR SE ESSAS POLÍTICAS DE ESTADO ATENDEM FOCOS ESPECÍFICOS DA ABORDAGEM INTERSECCIONAL (GÊNERO, RAÇA/ETNIA, CLASSE). TRATAMOS AQUI, ESPECIALMENTE, DE QUATRO GRANDES ÁREAS DE AÇÕES ESTATAIS (AUTONOMIA ECONÔMICA, EQUIPAMENTOS SOCIAIS, VIOLÊNCIA, SAÚDE) ADOTADAS NOS TRÊS PAÍSES, OBSERVANDO DOIS ASPECTOS EM PARTICULAR: 1) O PAPEL DAS AGÊNCIAS DE POLÍTICAS PARA MULHERES E FEMOCRATAS NO PROCESSO DE FORMULAÇÃO E APROVAÇÃO DAS POLÍTICAS PÚBLICAS; 2) JUSTIÇA DE GÊNERO, OU CONVERGÊNCIAS E DISSONÂNCIAS NA ANÁLISE FEMINISTA (ENGLOBANDO TEMAS COMO IGUALDADE FORMAL E SUBSTANTIVA, RECONHECIMENTO E JUSTIÇA DISTRIBUTIVA, A INTERSECCIONALIDADE DA JUSTIÇA DE GÊNERO). NESSE ESFORÇO, DISCUTIREMOS O VALOR AGREGADO DAS POLÍTICAS DE IGUALDADE DE GÊNERO E RESGATAREMOS A PROBLEMATIZAÇÃO DE POLÍTICAS PÚBLICAS COMO AÇÕES ""NEUTRAS"" OU ""CEGAS AO GÊNERO"" VS. POLÍTICAS PÚBLICAS DE GÊNERO. © 2018 UNIVERSIDADE FEDERAL DE SANTA CATARINA.; THIS PAPER PRESENTS PART OF THE AUTHORS' POSTDOCTORAL RESEARCH AT THE UNIVERSITY OF SÃO PAULO, BRAZIL. IT FOCUSES ON THE TRANSFORMATION PROCESSES TRIGGERED BY FEMINIST-DRIVEN GOVERNMENTAL ACTIONS IN BRAZIL, ARGENTINA AND CHILE OVER THE LAST FEW YEARS, ESPECIALLY DURING THE TERMS OF CRISTINA FERNÁNDEZ, DILMA ROUSSEFF AND MICHELE BACHELET. USING CONCEPTS AND THEORETICAL INSIGHTS FROM SPECIALIZED LITERATURE, WE ADDRESS QUESTIONS ABOUT LOBBYING AND DISPUTES IN THE POLITICAL ARENA IN ORDER TO UNDERSTAND THE IMPACT OF FEMINISMS ON PUBLIC POLICIES, AND THE EXTENT TO WHICH THESE POLICIES RELATE TO THE INTERSECTIONAL NATURE OF DISCRIMINATION (GENDER, RACE / ETHNICITY, CLASS). FOUR MAJOR PUBLIC POLICIES AREAS ARE EXAMINED, NAMELY ECONOMIC AUTONOMY, SOCIAL FACILITIES, HEALTH, AND VIOLENCE, FROM THREE ANALYTICAL ANGLES: 1) THE ROLE OF WOMEN'S POLICY AGENCIES IN POLICY MAKING PROCESSES; 2) GENDER-AWARE PUBLIC POLICIES DURING THE MANDATES OF FEMALE PRESIDENTS IN ARGENTINA, BRASIL E CHILE; 3) THE INTERSECTIONALITY OF GENDER JUSTICE IN PUBLIC POLICY-MAKING. © 2018 UNIVERSIDADE FEDERAL DE SANTA CATARINA.",10.1590/1806-9584-2018v26n358565
SALATA A,2020,"RACE, CLASS AND INCOME INEQUALITY IN BRAZIL: A SOCIAL TRAJECTORY ANALYSIS; [RACE, CLASSE ET INÉGALITÉ DES REVENUS AU BRÉSIL: UNE ANALYSE DE LA TRAJECTOIRE SOCIAL]; [RAÇA, CLASSE E DESIGUALDADE DE RENDIMENTOS NO BRASIL: UMA ANÁLISE DE TRAJETÓRIA SOCIAL]; [RAZA, CLASE Y DESIGUALDAD DE INGRESOS EN BRASIL: UN ANÁLISIS DE TRAYECTORIA SOCIAL]","THE ARTICLE DEALS WITH THE RELATIONSHIP BETWEEN RACE, CLASS AND INCOME IN BRAZIL, WITH THE MAIN OBJECTIVE OF INVESTIGATING THE DETERMINANTS OF RACIAL INEQUALITY IN THE COUNTRY’S LABOUR MARKET. BY MAKING USE OF STRUCTURAL EQUATION MODELS, IT ANALY-SES THE PROCESS OF SETTING INCOME DIFFERENTIALS BETWEEN WHITES AND BLACKS, FROM THEIR SOCIAL ORIGIN TO THE DEFINITION OF WAGES, THROUGH SCHOOLING AND OCCUPATIONAL ALLOCATION. THE ANALYSIS, BASED ON DATA FROM THE BRAZILIAN NATIONAL HOUSEHOLD SAMPLE SURVEY, COLLECTED IN 2014, ALLOWS US TO COMPARE DIRECT, INDIRECT AND TOTAL EFFECTS OF RACE AND SOCIAL ORIGIN ON INCOME FROM WORK. RESULTS SHOW THAT, ALTHOUGH THE TOTAL EFFECTS OF SOCIAL ORIGIN ARE LARGER THAN RACIAL EFFECTS, THE FORMER CANNOT EXPLAIN MOST DISADVANTAGES SUFFERED BY BLACKS NOWADAYS IN BRAZIL, WHICH OCCUR MAINLY INDIRECTLY – THROUGH EDUCATION AND OCCUPATION. THUS, THE STUDY BRINGS NEW, UPDATED AND MORE DETAILED EVIDENCE TO A LONG-STANDING DEBATE. © 2020, INSTITUTO DE ESTUDOS SOCIAIS E POLITICOS (IESP), UERJ. ALL RIGHTS RESERVED.",10.1590/dados.2020.63.3.213
LIMA A;ALVES N,2013,SPEECHES OF BLACK IN BAIANO CANDOMBLE: WHEN THE RACE IS IMPORTANT AND WHEN THE RACE DOES NOT MATTER; [VOZES NEGRAS NO CANDOMBLÉ BAIANO: QUANDO A RAÇA IMPORTA E QUANDO A RAÇA NÃO IMPORTA],"SINCE THE END OF THE 19TH CENTURY THE RELIGIONS OF AFRICAN ORIENTATION ARE CERTAINLY ONE OF THE MOST STUDIED THEMES REGARDING TO THE PROBLEMATIZATION OF AFRICAN PRESENCE AND BLACK DESCENDANT IN BRAZIL. THESE RELIGIONS HAVE AGGREGATED MOSTLY NOT ONLY BLACK PEOPLE, BUT ALSO MESTIZOS AND WHITES. THEY HAVE CONSTITUTED THEMSELVES NOT ONLY AS MEMORY RESERVATION, GESTURES, SPEECHES, RELATIONSHIPS AND SOCIAL TIES OF AFRICAN ORIENTATION, BUT ALSO MEMORY, GESTURES, VOCALIZATIONS, RELATIONSHIPS AND SOCIAL TIES GENERATED ALONG THE COLONIZATION, SLAVERY AND THE POST-SLAVERY IN BRAZIL. THE HYPOTHESIS OF THIS STUDY PROPOSED TO BE DISCUSSED IN VOZES LUSO-AFRICANAS E NEGRAS AT III SEMINÁRIO BRASILEIRO DE POÉTICAS ORAIS IS THE FUNDAMENTAL ASPECT THAT HAS ALSO BEEN THE CANDOMBLE (AFRICAN RELIGION IN BRAZIL) WHICH IS, IN TURN, THE EXPERIENCE OF BOTH RACE, RACISM AND RACIAL INEQUALITIES THAT MANIFESTS ITSELF OR IS SILENCED PARTICULARLY THROUGH THE SPEECHES AND PERFORMANCES CONCERNED TO IT IN THE CONTEXTS OF THIS RELIGION. THIS WORK IS A PARTIAL RESULT OF A RESEARCH PROJECT THAT PROPOSES HISTORICIZING AND MAPPING THE RELIGIOUS PRACTICE OF AFRICAN ORIENTATION IN ALAGOINHAS (A CITY IN BAHIA) FAR 72 MILES AWAY FROM SALVADOR (THE CAPITAL OF BAHIA). FROM THE THEORETICAL AND CONCEPTUAL POINT OF VIEW, ""RACE"" IS CONSIDERED AS A SOCIAL CONSTRUCT THAT ARRANGES RELATIONSHIPS, RACISM AND RACIAL INEQUALITY GUIDED BY AN IDEA OF ""BLACK"". THEREFORE, THE CONTINUITY OF THE RACE IS HISTORICAL, SOCIAL, POLITICAL AND CULTURAL, AS FAR AS CROSSED BY ISSUES OF GENDER, SEXUALITY, TERRITORIAL ORIGIN AND INTERCEPTED BY A CONTINUUM OF COLOR AND PHENOTYPES. THIS RESEARCH HAS BEEN CONDUCTED AT A LITERATURE REVIEW BASED ON THE ISSUES OF RELIGIONS OF AFRICAN GUIDANCE, IN PUBLIC FILE AND/OR PRIVATE COLLECTION OF WITNESS AS WELL AS IN PARTICIPANT OBSERVATION AT SPACES OF RELIGIOUS PRACTICE OF AFRICAN GUIDANCE IN ALAGOINHAS. IN THIS CASE, ALL THESE METHODS ARE CONSIDERED DIMENSIONS OF INTERSUBJECTIVITY, STRUGGLE RELATIONSHIP WITHIN AND OUTSIDE OF THE UNIVERSE OF CANDOMBLE AND THE REPRESENTATION OF OTHER BY ENUNCIATION AND TRANSCRIPTION OF SPEECH. IT WAS EMPHASIZED LESS THE CONTINUITY OR HISTORICAL BREAKING THROUGH DOCUMENTED DETAIL AND MORE THE POSSIBILITY OF INFERRING BASIC CONCEPTS AND SYMBOLIC STRUCTURES BETWEEN THE PAST AND THE PRESENT. IN THE SAME WAY, FROM AN ANALYTICAL POINT OF VIEW, INSTEAD OF WORKING WITH THE CONCEPT OF ""AFRICAN MATRIX"", WHICH REFERS TO A POLEMIC IDEAL OF PURITY AND A VAGUE IDEA OF THE ENTIRE AFRICAN CONTINENT, THIS RESEARCH ADOPTS THE RELIGIOUS NOTION OF ""AFRICAN GUIDANCE"" THAT SUGGESTS BUT NOT FREEZES THE REFERENCE TO AFRICA.",NA
ARAÚJO A;LOMBARDI M,2013,"INFORMAL WORK, GENDER AND RACE IN BRAZIL IN THE EARLY 21ST CENTURY; [TRABALHO INFORMAL, GÊNERO E RAÇA NO BRASIL DO INÍCIO DO SÉCULO XXI]","THE PAPER ANALYZES THE EVOLUTION OF INFORMAL LABOR IN BRAZIL, FROM 2001 TO 2009, BASED ON THE PESQUISAS NACIONAIS POR AMOSTRA DE DOMICÍLIO [NACIONAL HOUSEHOLD RESEARCH SAMPLE]. QUESTIONS SUCH AS ""WHERE"" THE INFORMAL WORKERS ARE, ""WHO THEY ARE"" AND ""HOW MUCH THEY MAKE"" GUIDED THE STUDY, WHICH, IN ADDITION TO COMPARISONS BETWEEN THE FORMAL AND INFORMAL SECTOR, ALSO HAD GENDER AS A FOCUS. HETEROGENEITY, A TRAIT OF THE INFORMAL SECTOR, IS VISIBLE IN THE VARIOUS ECONOMIC SECTORS, IN THE VARIOUS POSITIONS WITHIN OCCUPATIONS AND IN THE UNEQUAL OPPORTUNITIES FOR WOMEN AND BLACKS COMPARED TO MALES AND WHITES. ALTHOUGH INFORMAL LABOR IN BRAZIL HAS DECLINED OVER THE DECADE, THE SMALL GROWTH RECORDED IS DUE TO THE ENTRY OF WOMEN, PARTICULARLY BLACK WOMEN, INTO THE LABOUR MARKET.",10.1590/S0100-15742013000200005
PERES E,2015,O ABRAÇO DA HERA. RAÇA E ESCRAVIDÃO NA UNIVERSIDADE,[NO ABSTRACT AVAILABLE],10.1590/S0103-40142015000200026
CABRERA O,2017,"GENDER, SEX AND RACE AND THE FORMATION OF FEMALES SUBJECTIVITIES IN CUBA, XIX CENTURY; [GÊNERO, SEXO E RAÇA E A FORMAÇÃO DE SUBJETIVIDADES FEMININAS EM CUBA, SÉCULO XIX]","STUDIES OF GENDER IN THE XIX CENTURY HAVE PRIVILEGED WOMEN WRITERS. TO APPROACH THESE DISCOURSES THERE ARE SEVERAL THEORIES IN THE LITERARY AND FEMINIST FIELDS. HOWEVER, THIS INCIDENCE OF CLASS, RACE, SEX IN GENDER RELATIONS AND IN THE FORMATION OF FEMININE SUBJECTIVITIES IS A THEME WHICH HAS BEEN LESS STUDIED. IN THIS ARTICLE I AIM TO RELATE THESE CONCEPTS WITH A FOCUS ON BLACK AND BROWN-SKINNED SLAVES, WITHOUT ABANDONING THE WIDER SOCIAL INTERPRETATION. THE WRITTEN SOURCES ON THIS ISSUE ARE FRAGMENTARY, IN ADDITION TO DISTORTIONS SUFFERED BY THE INTERPRETATION OF A THIRD PERSON: PUBLIC PROSECUTOR, LIQUIDATOR OF SLAVES, SCRIBE AND EVEN HISTORIANS AND EDITORS WHO PARTICIPATED IN THE ORGANIZATION OF THESE WRITTEN SOURCES. THE STUDY PRESENTED DEALS WITH THE PROCESSES OF TRANSFORMATION OF GENDER RELATIONS AND FEMININE SUBJECTIVITIES WITH THE UNUSUAL INCREASE IN THE NUMBER OF SLAVES IN THE NINETEENTH CENTURY CUBAN.",10.1590/1806-9584.2017v25n1p117
CALVO-GONZALEZ E,2017,"VARIANT HAEMOGLOBINS IN MEDICAL AND EVERYDAY DISCOURSES: RACE, NATION AND GENETICS IN CONTEMPORARY BRAZIL; [HEMOGLOBINAS VARIANTES NA ÁREA MÉDICA E NO DISCURSO COTIDIANO: UM OLHAR SOBRE RAÇA, NAÇÃO E GENÉTICA NO BRASIL CONTEMPORÂNEO12]","THIS ARTICLE ANALYSES THE RELATIONSHIP BETWEEN MEDICAL DISCOURSES AND EVERYDAY NOTIONS OF RACE, POPULATION AND NATION, USING AS CASE STUDY THE COMPARISON BETWEEN THE USE OF THESE CATEGORIES IN MEDICAL ARTICLES OF TWO RENOWNED BRAZILIAN HAEMATOLOGISTS ON THE PRESENCE OF PATHOLOGICAL VARIANT HAEMOGLOBINS IN BRAZIL AND THE UNDERSTANDING OF FAMILIES OF PATIENTS DIAGNOSED WITH SICKLE-CELL ANAEMIA ON THE SAME QUESTIONS. THROUGH THIS COMPARISON IT IS POSSIBLE TO SEE NOT ONLY HOW MEDICAL DISCOURSES INFLUENCE EVERYDAY NOTIONS OF RACE AND HEREDITY, BUT ALSO HOW IN BOTH CASES THESE NOTIONS ARE INEXTRICABLE FROM WIDER IDEAS ABOUT THE PAST AND FUTURE OF THE BRAZILIAN NATION. © 2017, UNIV SAOPAULO. ALL RIGHTS RESERVED.",10.1590/S0104-12902017157821
LIMA N;CORDEIRO R,2020,“A MINHA VIDA NÃO PODE PARAR”: ITINERÁRIOS ABORTIVOS DE MULHERES JOVENS,"NESTE ARTIGO OBJETIVAMOS ANALISAR COMO A CLASSE E A RAÇA CONSTITUEM DIFERENTES ITINERÁRIOS ABORTIVOS PARA MULHERES JOVENS DE UMA REGIÃO METROPOLITANA DO BRASIL. FORAM ENTREVISTADAS OITO JOVENS COM IDADES ENTRE 19 E 28 ANOS, SENDO QUATRO DE CLASSES POPULARES E CINCO DE CLASSES MÉDIAS, TRÊS BRANCAS E CINCO NEGRAS. COMO RESULTADOS, ENCONTRAMOS DIFERENÇAS DE CLASSE E RAÇA NOS ITINERÁRIOS. AS JOVENS BRANCAS E DE CLASSES MÉDIAS APRESENTAM PERCURSOS MAIS CURTOS, CONSEGUEM DISPOR DE UMA REDE DE INFORMAÇÕES UM POUCO MAIS CONSISTENTE E RELATAM UM PROCESSO DECISÓRIO MAIS CONFLITIVO. AS JOVENS NEGRAS E DE CLASSES POPULARES NARRAM ITINERÁRIOS MAIS LONGOS, DISPÕEM DE UMA REDE DE APOIO MAIS PRECÁRIA E SEUS PROCESSOS DECISÓRIOS SÃO MAIS IMEDIATOS. © 2020 XX; THIS ARTICLE DEALS WITH THE RESULTS OF RESEARCH CONDUCTED BETWEEN 2012 AND 2014, WHOSE OBJECTIVE WAS TO ANALYZE HOW THE CLASS AND THE RACE CONSTITUTE DIFFERENT ITINERARIES FOR YOUNG WOMEN OF A METROPOLITAN REGION OF BRAZIL. EIGHT YOUNG PEOPLE BETWEEN THE AGES OF 19 AND 28 WERE INTERVIEWED, FOUR OF THE POPULAR CLASSES AND FIVE OF MIDDLE CLASSES, THREE WHITE AND FIVE BLACK. AS RESULTS, WE FIND DIFFERENCES OF CLASS AND RACE IN THE ITINERARIES. WHITE AND MIDDLE-CLASS YOUNG PEOPLE HAVE SHORTER COURSES AND ARE ABLE TO HAVE A SOMEWHAT MORE CONSISTENT INFORMATION NETWORK AND REPORT A MORE CONFLICTIVE DECISION-MAKING PROCESS. WHILE THE BLACK AND WORKING CLASS YOUTHS NARRATE LONGER ROUTES, THEY HAVE A MORE PRECARIOUS SUPPORT NETWORK AND THEIR DECISION-MAKING PROCESSES NEED TO BE MORE IMMEDIATE © 2020 XX",10.1590/1806-9584-2020v28n158290
PRONI M;GOMES D,2015,PRECARIEDADE OCUPACIONAL: UMA QUESTÃO DE GÊNERO E RAÇA,"IN BRAZIL, MOST PRECARIOUS JOBS ARE PERFORMED BY BLACKS AND BY WOMEN. DESPITE THE GOOD PERFORMANCE OF THE LABOR MARKET UNTIL 2013, GREAT DISPARITIES REMAINED BETWEEN BLACKS AND WHITES, AS WELL AS BETWEEN MEN AND WOMEN. BECAUSE THE EFFECTS OF THE CURRENT ECONOMIC CRISIS ON THE LABOR MARKET PENALIZE ABOVE ALL THE MOST VULNERABLE SEGMENTS, THIS ARTICLE AIMS TO VERIFY WHETHER THE ISSUE OF RACE AND GENDER CONTRIBUTES TO THE REPRODUCTION OF PRECARIOUSNESS. IT MAY BE INFERRED THAT A CONSISTENT STRATEGY TO REDUCE SUCH INEQUALITIES REQUIRES A COMBINATION OF POLICIES TO, ON THE ONE HAND, CREATE JOBS, SHRINK THE INFORMAL ECONOMY AND INCREASE INCOME, AND ON THE OTHER, TO PROMOTE RACIAL AND GENDER EQUALITY IN THE LABOR MARKET.",10.1590/S0103-40142015008500010
ALBUQUERQUE W,2018,BLACK FREEDOM AND MASTER'S AUTHORITY AT THE TIME OF ABOLITION; [O SAMBA NO SOBRADO DA BARONESA: LIBERDADE NEGRA E AUTORIDADE SENHORIAL NO TEMPO DA ABOLIÇÃO],"O OBJETIVO DESTE TEXTO É DISCUTIR EXPECTATIVAS E DISPUTAS EM TORNO DA SUBORDINAÇÃO NEGRA NA ÉPOCA EM QUE A ESCRAVIDÃO AGONIZAVA, A DÉCADA DE 1880. O PONTO DE PARTIDA É A QUEIXA DE UM REPRESENTANTE DA BARONESA DO RIO VERMELHO ACERCA DA AÇÃO POLICIAL OCORRIDA NA RESIDÊNCIA DELA QUANDO SEUS ESCRAVOS E CRIADOS REALIZAVAM UM SAMBA EM 1885. O REVIDE DO SUBDELEGADO QUE LIDEROU ESSA AÇÃO ESTAVA ARTICULADO AO DEBATE QUE PERMEAVA A CRISE DO ESCRAVISMO: O LIMITE DA LIBERDADE NEGRA. AO MESMO TEMPO, A INVESTIDA DOS ABOLICIONISTAS IRIA TER COMO PRINCIPAL ALVO EM 1884-1885 O BARÃO DE COTEGIPE, APONTADO COMO CARRASCO DA RAÇA NEGRA DA QUAL ELE DESCENDERIA. ENQUANTO RACIALIZAVAM SAMBISTAS INSUBORDINADOS, POR UM LADO, E O LÍDER DOS ESCRAVISTAS, POR OUTRO, OS SUJEITOS QUE VIVIAM AS GRANDES MUDANÇAS SOCIAIS DA ÉPOCA CONSTRUÍAM O MUNDO DO PÓS-ABOLIÇÃO. AS PRINCIPAIS FONTES SÃO DOCUMENTAÇÃO POLICIAL, CORRESPONDÊNCIAS PESSOAIS, A IMPRENSA ABOLICIONISTA E LEGISLAÇÃO. © 2018 ASSOCIACAO NACIONAL DE HISTORIA.; THIS TEXT AIMS AT DISCUSSING THE EXPECTATIONS AND DISPUTES ABOUT BLACK SUBORDINATION WHEN SLAVERY WAS AT ITS DOWNFALL, IN THE 1880S. THE DEPARTURE POINT IS A COMPLAINT MADE BY THE REPRESENTATIVE OF THE BARONESS OF RIO VERMELHO REGARDING A POLICE ACTION THAT OCCURRED AT HER RESIDENCE, IN 1885, WHEN HER SLAVES AND SERVANTS GATHERED TO DANCE SAMBA. THE RESPONSE OF THE POLICE'S SUBDELEGATE WHO LED THIS ACTION WAS LINKED TO THE DEBATE INHERENT TO THE SLAVERY CRISIS, SPECIFICALLY WITH RESPECT TO THE LIMITS OF BLACK FREEDOM. AT THE SAME TIME, IN 1884-1885, THE ABOLITIONIST MOVEMENT'S MAIN TARGET OF ATTACK WAS THE BARON OF COTEGIPE, WHOM THEY VIEWED AS A TORMENTOR OF THE BLACK RACE FROM WHICH HE WAS A DESCENDANT. ON ONE HAND INSUBORDINATE SAMBA PARTICIPANTS, AND THE PRO-SLAVERY LEADER ON THE OTHER, WERE BOTH SUBJECTED TO RACIALIZATION, WHILE THOSE LIVING THROUGH THE GREAT SOCIAL TRANSFORMATIONS OF THE TIME WERE CONSTRUCTING A POST-ABOLITION WORLD. THE MAIN SOURCES CONSULTED INCLUDE POLICE DOCUMENTATION, PERSONAL CORRESPONDENCE, ABOLITIONIST PRESS AND LEGISLATION. © 2018 ASSOCIACAO NACIONAL DE HISTORIA.",10.1590/1806-93472018v38n79-09
SENKEVICS A,2018,AGAINST RACIAL SILENCE IN UNIVERSITY DATA: CHALLENGES AND PROPOSALS ABOUT THE FEDERAL LAW OF QUOTAS; [CONTRA O SILÊNCIO RACIAL NOS DADOS UNIVERSITÁRIOS: DESAFIOS E PROPOSTAS ACERCA DA LEI DE COTAS],"DISCUSSIONS ON RACIAL INEQUALITIES IN THE ACCESS TO HIGHER EDUCATION HAVE PROMOTED, SINCE THE LAST DECADE, THE ADOPTION OF AFFIRMATIVE ACTION POLICIES AIMED AT CORRECTING HISTORICAL DISPARITIES, SUCH AS THE FEDERAL LAW OF QUOTAS (ACT NO. 12.711/2012). HOWEVER, IN SPITE OF ITS IMPORTANCE, THIS POLICY STILL LACKS MECHANISMS FOR MONITORING AND EVALUATION, GIVEN THAT ONE OF THE POTENTIALLY MOST USEFUL SURVEYS FOR THAT - THE CENSUS OF HIGHER EDUCATION (CES, IN PORTUGUESE) - PRESENTS HIGH RATES OF NON-RACIAL STATEMENT, DUE TO THE MISSING VALUES OF THE COLOR/RACE ITEM REPORTED BY THE FEDERAL HIGHER EDUCATION INSTITUTIONS (IFES, IN PORTUGUESE). INTENDING TO ENHANCE THE MONITORING PROCESS OF THIS LEGISLATION, THIS STUDY MADE USE OF THE INCOMING UNDERGRADUATE STUDENTS DATABASES OF THE IFES AT THE CES, FROM 2012 THROUGH 2015, IN ORDER TO, BY MERGING THEM WITH THE NATIONAL HIGH SCHOOL EXAM (ENEM, IN PORTUGUESE) DATASETS, SEARCH FOR THE COLOR/RACE INFORMATION SELF-ASCRIBED BY THE SAME INDIVIDUALS WHEN THEY SIGNED UP FOR THE EXAM, AND THUS TAKE THEIR RESPECTIVE RACIAL STATEMENTS IN ENEM WITH THE PURPOSE OF INCREASING THE RACIAL STATEMENT RATE IN THE CENSUS. AMONG 2015 STUDENTS, THIS PROCEDURE HAS INCREASED RACIAL STATEMENT FROM 75.9 PERCENT TO 96.4 PERCENT. IN ADDITION, I ANALYZE THE RESULTS OBTAINED ACCORDING TO THE COMBINATIONS FORMED BY INSTITUTION-COURSE-SHIFT, CONSIDERED AS THE REFERENCE UNIT OF THE LAW OF QUOTAS, AND CONCLUSION IS THAT THIS OPERATION, NOT ONLY ADDS UP FEW BIASES IN THE RACIAL COMPOSITION OF THE STUDENTS BUT IT CAN ALSO BE CONSIDERED A VALID STRATEGY TO ENHANCE THE MONITORING OF SUCH POLICY AS LONG AS HIGH RATES OF RACIAL UNDERREPORTING PERSIST. © 2018 EDUC. PESQUI., SÃO PAULO.; O DEBATE EM TORNO DAS DESIGUALDADES RACIAIS NO ACESSO À EDUCAÇÃO SUPERIOR TEM ENSEJADO, DESDE A ÚLTIMA DÉCADA, A ADOÇÃO DE POLÍTICAS DE AÇÃO AFIRMATIVA VOLTADAS À CORREÇÃO DE DISPARIDADES HISTÓRICAS, A EXEMPLO DA LEI DE COTAS (LEI NO 12.711/2012). PORÉM, A DESPEITO DE SUA IMPORTÂNCIA, ESTA AINDA CARECE DE MECANISMOS CONSOLIDADOS QUE POSSIBILITEM SEU MONITORAMENTO E AVALIAÇÃO, TENDO EM VISTA QUE UM DOS LEVANTAMENTOS POTENCIALMENTE MAIS ÚTEIS PARA TAL OPERAÇÃO - COMO O CENSO DA EDUCAÇÃO SUPERIOR (CES) - PADECE DE ELEVADOS ÍNDICES DE NÃO DECLARAÇÃO RACIAL, EM RAZÃO DA SUBNOTIFICAÇÃO DO QUESITO COR/RAÇA POR PARTE DAS INSTITUIÇÕES FEDERAIS DE EDUCAÇÃO SUPERIOR (IFES). COM O OBJETIVO DE PROPOR SOLUÇÕES PARA ESSE PROBLEMA, ESTA PESQUISA LANÇOU MÃO DA BASE DE DADOS DOS INGRESSANTES DOS CURSOS DE GRADUAÇÃO DAS IFES NO CES, ENTRE 2012 E 2015, PARA, A PARTIR DE CRUZAMENTOS COM A BASE DE DADOS DO EXAME NACIONAL DO ENSINO MÉDIO (ENEM), RASTREAR A INFORMAÇÃO DE COR/RAÇA AUTODECLARADA PELOS MESMOS INDIVÍDUOS QUANDO DE SUA INSCRIÇÃO NO EXAME E, ASSIM, TOMAR SUAS RESPECTIVAS DECLARAÇÕES RACIAIS NO ENEM COMO FORMA DE AUMENTAR A TAXA DE DECLARAÇÃO RACIAL NO CENSO. ENTRE OS INGRESSANTES DE 2015, ESSE PROCEDIMENTO ELEVOU A REFERIDA TAXA DE 75,9% PARA 96,4%. ADEMAIS, ANALISAMOS OS INCREMENTOS OBTIDOS SEGUNDO AS COMBINAÇÕES FORMADAS POR TRINCAS DE INSTITUIÇÃO-CURSO-TURNO, ENTENDIDAS COMO A UNIDADE DE REFERÊNCIA DA LEI DE COTAS E CONCLUÍMOS QUE TAL OPERAÇÃO, ALÉM DE INTRODUZIR POUCOS VIESES NA COMPOSIÇÃO RACIAL DOS INGRESSANTES, APRESENTA-SE COMO UMA ESTRATÉGIA VÁLIDA PARA POTENCIALIZAR O ACOMPANHAMENTO DA REFERIDA LEGISLAÇÃO ENQUANTO PERSISTIREM ELEVADAS TAXAS DE SUBNOTIFICAÇÃO RACIAL. © 2018 EDUC. PESQUI., SÃO PAULO.",10.1590/S1678-4634201844182839
DA COSTA A;PICANÇO F,2020,PARA ALÉM DO ACESSO E DA INCLUSÃO: IMPACTOS DA RACA SOBRE A EVASAO E A CONCLUSAO NO ENSINO SUPERIOR,"THE EXPANSION OF VACANCIES AND THE ENACTMENT OF LAW NO. 12.711 WERE DECISIVE FOR THE CHANGE IN THE PROFILE OF STUDENTS IN PUBLIC FEDERAL HIGHER EDUCATION INSTITUTIONS. BUT LITTLE IS KNOWN ABOUT THE STUDENTS’ CHANCES OF COMPLETION AND DROPOUT. THE OBJECTIVE OF THIS ARTICLE IS TO ANALYZE THE EFFECTS OF SOCIOECONOMIC INEQUALITIES ON THE CHANCES OF COMPLETION AND DROPOUT OF BLACKS AND WHITES, BASED ON A CASE STUDY FROM THE FEDERAL UNIVERSITY OF RIO DE JANEIRO. © 2020",10.25091/s01013300202000020003
NASCIMENTO G,2019,ETHNICITY AND RACE IN ENGLISH LANGUAGE ACTIVITIES AT A UNIVERSITY IN BAHIA; [ETHNICITÉ ET RACE DANS LE CADRE D’ACTIVITÉS EN LANGUE ANGLAISE DANS UNE UNIVERSITÉ À BAHIA]; [ETNICIDADE E RAÇA EM ATIVIDADES DE LÍNGUA INGLESA EM UMA UNIVERSIDADE NA BAHIA]; [ETNICIDAD Y RAZA EN ACTIVIDADES DE LENGUA INGLESA EN UNA UNIVERSIDAD EN BAHÍA],"ENGLISH LANGUAGE TEACHING IN BRAZIL HAS BEEN CHALLENGED BY THE EMERGING UNIVERSITIES RESULTED FROM THE PRESIDENCY TERMS OF LULA AND DILMA. IN OUR CASE, THE UNIVERSIDADE FEDERAL DO SUL DA BAHIA IS ONE OF THE LAST UNIVERSITIES TO BE FOUNDED IN A BLACK-MAJORITY STATE. IN THIS PAPER, I DISCUSS ETHNICITY AND RACE AT PLAY IN THE CONTEXT OF READING ACTIVITIES DURING THREE COURSES TAUGHT IN ONE YEAR-PERIOD WHEREBY ACTIVITIES CONCERNING REGIONAL CONTEXT AND ENCOURAGING DISCUSSION ON RACISM WERE USED TO EMPLOY A MORE INCLUSIVE METHODOLOGY IN ORDER TO ENGAGE BLACK STUDENTS. THE RESULTS POINT OUT A POSITIVE ENGAGEMENT BY THE STUDENTS IF THEY HAVE THE INCLUSION OF THEIR OWN IDENTITIES. © 2019, FUNDACAO CARLOS CHAGAS. ALL RIGHTS RESERVED.",10.1590/198053146287
BILBAO J,2019,"RACE, NATION AND PATRIA SPANISHNESS IN MOTION; [RAÇA, NAÇÃO E PÁTRIA A ESPANHOLIDADE EM MOVIMENTO]",[NO ABSTRACT AVAILABLE],10.1590/0104-87752019000300012
DOMINGUES P,2018,"""EVERYHTING FOR BRAZIL; EVERYTHING FOR THE RACE"": RIO DE JANEIRO'S BLACK FRONT; [""TUDO PELO BRASIL; TUDO PELA RAÇA"": A FRENTE NEGRA CARIOCA]","THE FRENTE NEGRA (BLACK FRONT) IN RIO DE JANEIRO AIMED AT WORKING FOR THE SOCIAL, POLITICAL, CULTURAL AND MORAL DEVELOPMENT OF AFRO-BRAZILIANS. IN ORDER TO DO SO, IT PROMOTED COLLECTIVE ACTIONS, ADVOCATED EQUALITY NARRATIVES AND INTERVENED IN THE NATIONAL AGENDA BY ESTABLISHING DIALOGUES WITH SECTORS OF SOCIETY IN RIO. THE PURPOSE OF THE PRESENT ARTICLE IS TO RETRACE SOME ASPECTS OF THIS ASSOCIATION'S PATH IN LIGHT OF ITS ASPIRATIONS AND MEANS OF ORGANIZATION, STRUGGLE AND IDENTITY. © 2018 FUNDACAO GETULIO VARGAS. ALL RIGHTS RESERVED.",10.1590/S2178-14942018000300002
TRAPP R,2021,"CENSORED SOCIOLOGY: RACE, CLASS AND SOCIAL SCIENCE RESEARCH IN THE BRAZILIAN MILITARY DICTATORSHIP (1971-1977); [A SOCIOLOGIA CENSURADA: RAÇA, CLASSE E A PESQUISA EM CIÊNCIAS SOCIAIS NA DITADURA MILITAR BRASILEIRA (1971-1977)]","WHAT HAPPENS WHEN AN AUTHORITARIAN STATE CENSORS SOCIOLOGICAL RESEARCH? THIS ARTICLE ADDRESSES ASPECTS OF THE RELATIONSHIP BETWEEN SCIENTIFIC RESEARCH ON BLACKS AND THE REPRESSIVE CONFIGURATION ASSUMED BY THE STATE APPARATUS REGARDING ITS ACADEMIC DEBATE IN THE BRAZILIAN MILITARY DICTATORSHIP. THREE WORKS IN SOCIAL SCIENCES IN SÃO PAULO ARE ANALYZED, NAMELY THE MASTER'S DEGREES OF EDSON ANTONIO EUSTÁQUIO (ELSP) AND EDUARDO DE OLIVEIRA E OLIVEIRA (USP), AND THE PH.D. OF EDUARDO JUDAS BARROS (USP), STUDIES THAT, RESPECTIVELY, DISAPPEARED, REMAINED INCOMPLETE AND WERE SILENCED. WE SOUGHT TO ELABORATE THE HYPOTHESIS OF REPRESSION OF SOCIAL SCIENCE RESEARCH ON RACE AND CLASS DURING THE 1970S AS A FORM OF CENSORSHIP OF CRITICAL THINKING AND ITS PUBLIC DISCUSSION IN BRAZIL. THE SCARCITY OF SOCIOLOGICAL RESEARCH IN THIS PERIOD WAS DUE TO SURVEILLANCE AND EFFECTIVE REPRESSION BY THE STATE, PROTECTING THE OFFICIAL DOGMA OF RACIAL DEMOCRACY. © 2021 UNIVERSIDADE DE SAO PAULO, FACULDADE DE FILOSOFIA, LETRAS E CIENCIAS HUMANAS. ALL RIGHTS RESERVED.",10.11606/ISSN.2316-9141.RH.2021.169268
DA SILVA I,2020,"BLACK FEMINICIDES IN BRAZILIAN LITERATURE AND SOCIETY: THE NECROPOLITICS REVERBERATED IN DEATHS MOTIVATED BY GENDER, RACE AND CULTURE; [FEMINICÍDIOS NEGROS NA LITERATURA E NA SOCIEDADE BRASILEIRAS: A NECROPOLÍTICA REVERBERADA EM MORTES MOTIVADAS POR RAÇA E CULTURA]","THIS ARTICLE AIMS AT DISCUSSING THE RELATION BETWEEN THE DEATHS - FICTIONAL AND REAL - OF BLACK WOMEN (THAT REFLECT THE INTERSECTION OF GENDER AND RACE ON THEMSELVES) AND THE COLONIALIST OBJECTIVE - STILL CURRENT - OF HUSHING NOT ONLY THE AFRICAN MATRIX CULTURE, BUT ALSO THE BLACK FEMINIST FIGHT FOR SOCIAL RIGHTS. THIS ANALYSIS WILL BE DONE MAINLY BY THE READING OF THE TALE MARIA AND SOME POEMS FROM CONCEIÇÃO EVARISTO'S BOOKS OLHOS D'ÁGUA (2014) AND POEMAS DA RECORDAÇÃO E OUTROS MOVIMENTOS (2017), RELATING THEM WITH REAL MURDER CASES THAT HAD BLACK WOMEN AS A TARGET IN BRAZIL. IT HAS THE INTEREST OF EXPOSING THE NECROPOLITICS (MBEMBE, 2018) - RACIST AND CHAUVINIST - THAT RULES THE LIVES INTERRUPTION OF LITERARY CHARACTERS SUCH AS MARIA, FROM THE TALE BY EVARISTO (2014), AND, OUT OF FICTION, OF WOMEN SUCH AS MARIELLE FRANCO AND CLÁUDIA SILVA FERREIRA. THEREBY, AN ANTHROPOLOGICAL APPROACH TO THE LITERARY TEXT IS NECESSARY TO DEMONSTRATE THE HATE THAT MAKE THESE WOMEN VICTIMS OF NEOCOLONIAL ACTIONS OF VIOLENCE, THROUGH THE ONES THE CRIMINALS SEEK TO ANNIHILATE THE BLACK AND FEMININE POWER OF RECAPTURING AND RECLAIMING THE HISTORY, THE RIGHTS AND THE CULTURE OF AFRO DIASPORIC PEOPLE. © 2020 UNIVERSIDADE FEDERAL DO RIO GRANDE DO SUL. ALL RIGHTS RESERVED.",10.22456/1981-4526.105879
KABAD J;BASTOS J;SANTOS R,2012,"RACE, COLOR AND ETHNICITY IN EPIDEMIOLOGIC STUDIES CARRIED OUT WITH BRAZILIAN POPULATIONS: SYSTEMATIC REVIEW ON THE PUBMED DATABASE; [RAÇA, COR E ETNIA EM ESTUDOS EPIDEMIOLÓGICOS: SOBRE POPULAÇÕES BRASILEIRAS: REVISÃO SISTEMÁTICA NA BASE PUBMED]","THIS PAPER AIMS TO ANALYZE THE USE OF THE VARIABLES RACE, COLOR AND ETHNICITY IN EPIDEMIOLOGIC STUDIES, CARRIED OUT WITH BRAZILIAN POPULATIONS. THIS IS A SYSTEMATIC REVIEW, CONDUCTED IN THE PUBMED BIBLIOGRAPHIC DATABASE, ON PAPERS PUBLISHED BETWEEN JANUARY 2000 AND JULY 2010. A DATA EXTRACTION FORM WAS USED TO OBTAIN DATA FROM ALL INDIVIDUAL STUDIES, SUCH AS THEIR OBJECTIVES, THE RELEVANCE OF THE RACIAL/ETHNIC CLASSIFICATION IN THEIR ANALYSES, PARTICIPANTS' SOCIO-DEMOGRAPHIC CHARACTERISTICS, INCLUDING ASPECTS RELATED TO THE METHODS OF RACIAL CLASSIFICATION, AS WELL AS THE ADHERENCE TO A SET OF RECOMMENDATIONS ON THE USE OF RACE, COLOR AND ETHNICITY IN BIOMEDICAL PUBLICATIONS. AFTER INITIALLY IDENTIFYING 1,174 REFERENCES, 151 WERE INCLUDED IN THE REVIEW. HIGHER PROPORTIONS OF EACH OF THE FOLLOWING RESULTS WERE OBSERVED AMONG PAPERS IN WHICH THE RACIAL/ETHNIC CLASSIFICATION WAS CENTRAL TO THEIR ANALYSES - OF THESE, 18% JUSTIFIED THE USE OF RACIAL/ETHNIC CATEGORIES; 16% REGARDED RACIAL/ETHNIC CLASSIFICATIONS AS CONTEXT-DEPENDENT AND FLUID; 65% DESCRIBED THE METHODS ADOPTED FOR RACIAL/ETHNIC CLASSIFICATION; 17% TOOK THE RACIAL/ETHNIC CLASSIFICATION AS A PROXY FOR GENETIC VARIATION; 26% CONSIDERED SUCH CLASSIFICATION AS A RISK FACTOR FOR HEALTH OUTCOMES; 47% CONSIDERED SOCIO-ECONOMIC FACTORS IN THE INTERPRETATION OF RACIAL/ETHNIC INEQUALITIES IN HEALTH; AND 27% ADJUSTED THESE RACIAL/ETHNIC DISPARITIES FOR SOCIO-ECONOMIC FACTORS IN THEIR STATISTICAL MODELS. ONLY TWO STUDIES ELUCIDATED THE CONCEPT UNDERLYING THE USE OF RACE, COLOR OR ETHNICITY. AN EXPRESSIVE AMOUNT OF THE REVIEWED EPIDEMIOLOGIC STUDIES DOES NOT FOLLOW MINIMUM ESTABLISHED CRITERIA ON THE USE OF VARIABLES REGARDING RACIAL/ETHNIC CLASSIFICATION, SUCH THAT THIS SHOULD BE URGENTLY IMPROVED IN PUBLIC HEALTH RESEARCH.",10.1590/S0103-73312012000300004
LAGUARDIA J,2006,"ON THE RAZOR'S EDGE: SICKLE CELL ANEMIA, RACE AND THE IMPLICATIONS IN HEALTH CARE; [NO FIO DA NAVALHA: ANEMIA FALCIFORME, RAÇA E AS IMPLICAÇÕES NO CUIDADO À SAÚDE]","THE POLITICAL PROPOSITIONS IN HEALTH FOR THE BLACK POPULATION HAVE A RECENT HISTORY IN THE BRAZILIAN POLITICAL SETTING, WITH A SPECIAL HIGHLIGHT TO THE NATIONAL PROGRAM ON SICKLE CELL ANEMIA. THIS PROGRAM IS AN OUTPUT OF POLITICAL ACTIONS LAUNCHED BY THE BLACK MOVEMENT ON BEHALF OF THE RECOGNITION OF SICKLE CELL ANEMIA AS PREVALENT DISEASE AMONG BRAZILIAN BLACK POPULATION. DISCOURSES ON THE SICKLE CELL ANEMIA HAVE BEEN BUILT IN THE CORE OF THAT POLITICAL ACTION, STRESSING, BASED IN BIOLOGICAL AND EPIDEMIOLOGICAL ASSUMPTIONS, THE RACIAL CHARACTER OF THIS DISEASE. THE OBJECTIVE OF THIS ARTICLE IS TO CRITICIZE THOSE ASSUMPTIONS, EMPHASIZING THE ETHICAL IMPLICATIONS OF DISEASE RACIALIZATION. COPYRIGHT © 2006 BY REVISTA ESTUDOS FEMINISTAS.",10.1590/s0104-026x2006000100013
ALVES F;ORTIGÃO I;FRANCO C,2007,SOCIAL ORIGIN AND RISK OF SCHOOL FAILURE: RACE-ECONOMIC CAPITAL; [ORIGEM SOCIAL E RISCO DE REPETÊNCIA: INTERAÇÃO RAÇA-CAPITAL ECONÔMICO],"RETENTION RATE IN BRAZIL IS CONSTANT AND STILL HIGH SINCE 1998, DESPITE MAJOR IMPROVEMENT IN ITS EDUCATONAL FLUX DURING THE DECADE OF 1990. MOREOVER, ADMINISTRATIVE DATA FROM THE LAST TWO YEARS INDICATES SOME TENDENCY OF GREATER RETENTON. USING DATA FROM THE 2001 BRAZILIAN ASSESSMENT OF EDUCATONAL PROGRESS, 8TH GRADE, WE INVESTIGATED THE RELATIONSHIP BETWEEN SOCIAL BACKGROUND AND RISK OF RETENTION IN PRIMARY AND MIDDLE SCHOOL OF BRAZILIAN STATES CAPITALS. THE RESULT OF THE ESTIMATION OF LOGISTIC RISK MODELS FOR RETENTION POINTED OUT THAT SEVERAL SOCIO-DEMOGRAPHIC VARIABLES ARE ASSOCIATED TO AN INCREASED RISK OF RETENTON, SOMETHING THAT IS WELL IN LINE WITH THE FINDINGS ALREADY DESCRIBED IN THE LITERATURE. WE ALSO IDENTIFIED THAT IF ABOVE AVERAGE ECONOMIC STATUS PROTECTS AGAINST RETENTION, THIS IS NOT A HOMOGENEOUS RESULT FOR ALL RACE SUBGROUPS: FOR BLACK STUDENTS, THIS VARIABLE IS ASSOCIATED TO AN INCREASED RISK OF RETENTION. CONSEQUENCES FOR EDUCATIONAL POLICY ARE DISCUSSED. © 2007 FUNDAÇÃO CARLOS CHAGAS.",10.1590/s0100-15742007000100008
PENA S,2005,REASONS FOR BANISHING THE CONCEPT OF RACE FROM BRAZILIAN MEDICINE; [RAZÕES PARA BANIR O CONCEITO DE RAÇA DE MEDICINA BRASILEIRA.],"AS PART OF MEDICINE'S CANONICAL FRAMEWORK, THE CONCEPT OF RACE HAS BEEN ASSOCIATED WITH THE IDEA THAT COLOR AND/OR BIOLOGICAL ANCESTRY ARE RELEVANT INDICATORS OF A PREDISPOSITION TO A CERTAIN DISEASE OR REACTION TO DRUGS. THIS STANCE DERIVES FROM A TYPOLOGICAL VIEW OF HUMAN RACES. THE LOW LEVEL OF GENETIC VARIABILITY AND OF STRUCTURING OF THE HUMAN SPECIES IS INCOMPATIBLE WITH THE EXISTENCE OF RACES AS BIOLOGICAL ENTITIES AND TELLS US THAT COLOR AND/OR GEOGRAPHICAL ANCESTRY HAVE LITTLE OR NOTHING USEFUL TO CONTRIBUTE TO MEDICAL PRACTICE, PARTICULARLY WHEN IT COMES TO CARING FOR AN INDIVIDUAL PATIENT. WE SHOW THAT EVEN SO-CALLED RACIAL DISEASES LIKE SICKLE CELL ANEMIA ARE REALLY THE PRODUCT OF EVOLUTIONARY STRATEGIES USED BY POPULATIONS EXPOSED TO SPECIFIC INFECTIOUS AGENTS, WHOSE TERRITORIES HAVE NO UNEQUIVOCAL RELATION WITH EITHER COLOR OR CONTINENTAL ORIGIN. FURTHERMORE, IN THE WORDS OF SOCIOLOGIST PAUL GILROY, THE SOCIAL CONCEPT OF RACE IS ""TOXIC,"" CONTAMINATING SOCIETY AS A WHOLE, AND IT HAS BEEN USED TO OPPRESS AND TO FOSTER INJUSTICE, EVEN WITHIN A MEDICAL CONTEXT.",10.1590/s0104-59702005000200006
OSORIO R,2009,"CLASS, RACE AND ACCESS TO SUPERIOR EDUCATION; [CLASSE, RAÇA E ACESSO AO ENSINO SUPERIOR NO BRASIL]","THIS ARTICLE PRESENTS EVIDENCES ON THE RELATIONSHIP BETWEEN CLASS, RACE AND ACCESS TO SUPERIOR EDUCATION BASED ON DATA FROM THE 2006 ROUND OF THE NATIONAL HOUSEHOLD SURVEY, PNAD. IT AIMS TO BRIDGE THE KNOWLEDGE GAP ON THIS ISSUE, WHICH EXISTS IN SPITE OF THE INTENSE PUBLIC DEBATE OVER THE ADOPTION OF POLICIES TO PROMOTE EQUITABLE ACCESS TO SUPERIOR EDUCATION BY BLACK AND BY POOR BRAZILIANS. THE INDICATORS PRESENTED POINT OUT THE EXISTENCE OF ASSOCIATION BETWEEN CLASS, RACE, AND ACCESS TO SUPERIOR EDUCATION BEYOND THE EFFECTS OF THE RELATIONSHIP BETWEEN CLASS, RACE AND ATTAINMENT OF SECONDARY EDUCATION. IT IS CONCLUDED THAT IF THE DECISION - EMINENTLY POLITICAL - ABOUT THE GROUPS TO BE BENEFITED BY SUCH ACTIONS PURPORTS TO EXTRACT ITS LEGITIMACY FROM BEING EVIDENCE BASED, BOTH THE BLACK YOUTH AND THE POOR SHOULD BE CONTEMPLATED.",10.1590/s0100-15742009000300009
FERRARO A,2010,"SCHOOLING IN BRAZIL: ARTICULATING THE PERSPECTIVES OF GENDER, RACE, AND SOCIAL CLASS; [ESCOLARIZAÇÃO NO BRASIL: ARTICULANDO AS PERSPECTIVAS DE GÊNERO, RAÇA E CLASSE SOCIAL]","THE ARTICLE PRESENTS RESULTS OF AN EXPERIMENT IN ARTICULATING THE DIMENSIONS OF GENDER, RACE, AND SOCIAL CLASS IN THE STUDY OF THE DYNAMICS OF SCHOOLING IN BRAZIL BASED ON THE MICRO-DATA OF THE 2000 DEMOGRAPHIC CENSUS. THE LEVEL OF SCHOOLING IS MEASURED FROM THE AVERAGE YEARS OF STUDY SUCCESSFULLY COMPLETED BY THE POPULATION AGED 10 OR MORE. THE STUDY REVEALS THAT THESE THREE DIMENSIONS PRODUCE EFFECTS THAT CANNOT BE SIMPLY ADDED TO EACH OTHER, BECAUSE THEY FOLLOW DIFFERENT LOGICS. AS WE MOVE FROM THE OLDER GENERATIONS TO THE YOUNGER, WOMEN GO FROM A SITUATION OF INFERIORITY TO ONE OF SUPERIORITY IN TERMS OF AVERAGE YEARS OF SCHOOLING, WHEREAS THE BLACK POPULATION MAINTAINS A POSITION OF INFERIORITY IN RELATION TO THE WHITE POPULATION ACROSS ALL AGE GROUPS, ALTHOUGH WITH SOME REDUCTION IN THE DEGREE OF INEQUALITY. IN THEIR TURN, EDUCATIONAL INEQUALITIES AS RELATED TO THE PROFESSIONAL OCCUPATION, TAKEN HERE AS AN INDICATION OF SOCIAL CLASS, APPEAR AS THE MOST PRONOUNCED, BOTH IN MALE AND FEMALE POPULATIONS, AND AMONG BLACKS AND WHITES. THE TEXT THEREFORE REINFORCES THE IMPORTANCE AND POSSIBILITY OF ARTICULATING IN THE STUDY OF SCHOOLING THE DIMENSIONS OF GENDER, RACE, AND SOCIAL CLASS, AS RECOMMENDED IN THE LITERATURE ON THE SUBJECT.",10.1590/S1517-97022010000200006
ROSEMBERG F;FEITOSA A L,2008,AFFIRMATIVE ACTION IN HIGH EDUCATION IN BRAZIL: TENSIONS BETWEEN RACE AND GENDER; [AÇÃO AFIRMATIVA NO ENSINO SUPERIOR BRASILEIRO: A TENSÃO ENTRE RAÇA/ETNIA E GÊNERO],"THE ESSAY IS A REFLECTION ON THE USEFULNESS OF THE CONCEPT OF NON SYNCHRONY BETWEEN GENDER AND RACIAL INEQUALITIES IN EDUCATION. IT PRESENTS AND DISCUSSES THE PROFILE OF THE STUDENTS AND CANDIDATES IN THE INTERNATIONAL FELLOWSHIPS PROGRAM OF THE FORD FOUNDATION IN BRAZIL, PROPOSING INTERPRETATIONS WITH RESPECT TO THE OVER-REPRESENTATION OF WOMEN IN HIGHER EDUCATION AND IN GRADUATE STUDIES. IT ENDS BY CALLING ATTENTION TO THE NEED TO OPEN UP THE DISCUSSION ABOUT THE BETTER EDUCATIONAL PERFORMANCE OF WOMEN IN THE PRESENT CONTEXT OF THE DEBATE ON AFFIRMATIVE ACTION IN HIGHER EDUCATION FOR BLACKS AND THE INDIGENOUS POPULATION.",10.1590/s0104-83332008000200018
DE CARVALHO M,1999,"ALDA'S STORY: TEACHING, CLASS, RACE AND GENDER; [A HISTÓRIA DE ALDA: ENSINO, CLASSE, RAÇA E GÊNERO]","THIS PAPER ANALYSES THE HISTORY OF LIFE AND THE PEDAGOGICAL PRACTICE OF A FIRST GRADE TEACHER OF A PUBLIC SCHOOL IN SÃO PAULO CITY HAVING THE CONCEPT OF CHILDCARE AS A REFERENCE. THE CONCEPT OF CHILDCARE IS TAKEN AS AN EXPRESSION OF THE FORMS THE RELATIONSHIP ADULT/CHILD TAKES HISTORICALLY AND CULTURALLY. AS SUCH IT CAN BE DEFINED, AT THAT LEVEL OF TEACHING, AS AN INTERVENTION OF THE TEACHER ON EXTRA-COGNITIVE ASPECTS OF THE DEVELOPMENT OF HIS/HER PUPILS, AN ATTITUDE THAT REQUIRES EMOTIONAL INVOLVEMENT AND COMMITMENT TO THE CHILDREN. BASED ON AN ETHNOGRAPHIC STUDY THE PRESENCE OF THE CARE IN THE IDEALS AND PEDAGOGICAL PRACTICES OF ALDA - A TEACHER THAT DID NOT FULLY COMPLY WITH THOSE GUIDELINES - IS DISCUSSED. IT IS IN THAT SENSE AN APPROXIMATION THAT REVEALS THE LIMITS OF ESSENTIALIST APPROACHES THAT ESTABLISH A LINEAR RELATION BETWEEN ""FEMININITY"" AND THE IDEAL OF A TEACHER. ON ONE HAND, THE PLURALITY OF MEANINGS OF FEMININITY, AND THEIR ARTICULATION WITH CLASS AND RACE RELATIONS, IS STRESSED. ON THE OTHER HAND, IT IS SUGGESTED THAT THE GUIDELINES RELATED TO CARE ARE PART OF A SCHOOL CULTURE PRODUCED AND REPRODUCED WITHIN THE INSTITUTION ITSELF, RATHER THAN IN SPECIFIC FORMS OF FEMININE SOCIALIZATION. ALDA'S STORY SHOWS THE NEED TO DISCUSS RACISM INSIDE SCHOOLS STARTING WITH THE TEACHERS THEMSELVES. IT ALSO SHOWS THAT, IF THERE IS A CERTAINTY THAT PRACTICES OF CARE ARE RELEVANT TO TEACHING, IT IS NECESSARY TO BRING THEM TO THE CENTER OF THE PEDAGOGICAL DEBATE SO THAT THEY GAIN LEGITIMACY AS A PROFESSIONAL PRACTICE.",NA
DE ARAÚJO E;DA COSTA M;HOGAN V;DE ARAÚJO T;DIAS A;OLIVEIRA L,2009,THE USE OF THE VARIABLE OF RACE/COLOR WITHIN PUBLIC HEALTH: POSSIBILITIES AND LIMITS; [A UTILIZAÇÃO DA VARIÁVEL RAÇA/COR EM SAÚDE PÚBLICA: POSSIBILIDADES E LIMITES],"THIS STUDY AIMED TO DISCUSS THE USE OF THE VARIABLE OF RACE/COLOR AS A DETERMINING FACTOR FOR SOCIAL INEQUALITIES AND SOCIAL EXPOSURE TO THE RISK OF ILLNESS AND DEATH. THIS WAS A REFLECTION ON THE PRESENT PRODUCTION OF NATIONAL AND INTERNATIONAL LITERATURE WITHIN THE FIELD OF PUBLIC HEALTH AND EPIDEMIOLOGY. FORTY-SEVEN ORIGINAL ARTICLES AND REVIEWS PRODUCED BETWEEN 1990 AND 2005 WERE INCLUDED IN THIS STUDY. IT WAS OBSERVED THAT INTERNATIONAL STUDIES HAVE SOUGHT TO DEBATE AND FIND A BASIS FOR USING THE VARIABLE OF RACE/COLOR WITHIN THE HEALTHCARE FIELD. IN BRAZIL, THE USE OF THIS VARIABLE IS STILL AT AN INITIAL STAGE, BUT AMONG THE FEW INVESTIGATIONS UNDERTAKEN, DIFFERENTIALS HAVE BEEN SHOWN AND FURTHER PRODUCTION OF RESEARCH ALONG THESE LINES HAS BEEN ENCOURAGED. INVESTIGATIONS ON THE ROLE OF RACE/COLOR IN PRODUCING HEALTH DIFFERENTIALS MAY PRODUCE INFORMATION CAPABLE OF CONTRIBUTING TOWARDS DRAWING UP POLICIES AIMED AT REDUCING HEALTHCARE INEQUALITIES.",10.1590/s1414-32832009000400012
CALVO-GONZÁLEZ E;ROCHA V,2010,"""IT'S IN THE BLOOD"": THE ARTICULATION OF IDEAS ABOUT ""RACE"" BETWEEN APPEARANCE AND ANCESTRY OF FAMILIES WITH SICKLE CELL DISEASE IN SALVADOR, BAHIA; [""ESTÁ NO SANGUE"": A ARTICULAÇÃO DE IDEIAS SOBRE ""RAÇA"", APARÊNCIA E ANCESTRALIDADE ENTRE FAMÍLIAS DE PORTADORES DE DOENÇA FALCIFORME EM SALVADOR, BAHIA]","THE ANTHROPOLOGICAL DISCUSSION ON ""RACE"" AND ""RACIAL"" CLASSIFICATION IN BRAZIL HAS BEEN RECENTLY RENEWED IN THE CONTEXT OF THE DEBATES REGARDING THE IMPLEMENTATION OF AFFIRMATIVE ACTION POLICIES. THROUGH THE ANALYSIS OF A CASE STUDY OF THE IDEAS THAT SICKLE-CELL DISEASE PATIENTS AND THEIR RELATIVES IN THE CITY OF SALVADOR, BAHIA, HAVE REGARDING ""RACE"", APPEARANCE AND ANCESTRY, THIS PAPER AIMS TO UNDERSTAND THE IMPACT THAT AFFIRMATIVE ACTION POLICIES HAVE IN THE EVERYDAY UNDERSTANDING OF THESE CATEGORIES. WE DRAW ATTENTION TO THE INTERFACES BETWEEN NEW DISCOURSES AND PREVIOUS NOTIONS, EMPHASIZING THE NEED TO TAKE THE ANTHROPOLOGICAL DEBATE BEYOND THE EXISTENCE OF A SYSTEM OF ""RACIAL"" CLASSIFICATION IN BRAZIL, BE IT MULTIPLE OR BIPOLAR. THUS, WE ARGUE THAT TO UNDERSTAND THE COMPLEX AND CONTRADICTORY IDEAS ABOUT ""RACE"", APPEARANCE AND ANCESTRY, IT IS MORE APPROPRIATE TO REFER TO THE CIRCULATION OF DISCOURSES ABOUT THESE ISSUES, POINTING TO THE STATE'S ROLE AS ONE OF THE CHANNELS THROUGH WHICH THESE DISCOURSES ARE DISSEMINATED.",NA
MOUTINHO L,2006,"NEGOTIATING WITH ADVERSITY: DISCUSSION ON ""RACE"", (HOMO)SEXUALITY AND SOCIAL INEQUALITY IN RIO DE JANEIRO; [NEGOCIANDO COM A ADVERSIDADE: REFLEXÕES SOBRE ""RAÇA"", (HOMOS)SEXUALIDADE E DESIGUALDADE SOCIAL NO RIO DE JANEIRO]","THE AIM OF THIS ARTICLE IS TO DISCUSS HOW THE AFFECTION AND PLEASURE DYNAMICS INTERSECT WITH THE SOCIAL INEQUALITY IN THE GAY AND LESBIAN CIRCUIT IN RIO DE JANEIRO CITY. PART OF THE LIFE TRAJECTORY OF TWO YOUNG BLACK HOMOSEXUALS LIVING IN THE CARIOCA SUBURBS, AND ONE LIVING IN MARÉ SLUM, WILL BE MORE PARTICULARLY APPROACHED. THE FIELD WORK EMPHASIZED THAT, IN THIS CONTEXT, THE DARKER MALE HOMOSEXUALS LIVING IN SUBURBS AND SLUMS IN RIO DE JANEIRO HAVE A BROADER RANGE OF ACTION THAN THOSE IN WHICH YOUNG HETEROSEXUAL MALE AND FEMALE AND EVEN LESBIANS AND TRANSVESTITES OF DIFFERENT COLOR LIVING IN THESE AREAS ARE INSERTED. COPYRIGHT © 2006 BY REVISTA ESTUDOS FEMINISTAS.",10.1590/s0104-026x2006000100007
HORA G J,2008,WHEN RACE MATTERS: A STUDY OF BLACK AND WHITE WOMEN'S DIFFERENTIAL IN ACCESS AND ATTRITION RATES WITHIN HIGHER EDUCATION; [QUANDO RAÇA CONTA: UM ESTUDO DE DIFERENÇAS ENTRE MULHERES BRANCAS E NEGRAS NO ACESSO E PERMANÊNCIA NO ENSINO SUPERIOR],"THIS ARTICLE EXAMINES DIFFERENCES BETWEEN WHITE AND BLACK WOMEN IN HIGHER EDUCATION IN BRAZIL. DRAWING FROM DATA COLLECTED AT UNIVERSIDADE FEDERAL FLUMINENSE, WE DISCUSS THE REASONS WHY BLACK AND WHITE WOMEN OCCUPY DIFFERENT POSITIONS IN ACADEMIC HIERARCHY. © 2008 BY REVISTA ESTUDOS FEMINISTAS.",10.1590/S0104-026X2008000300002
GARCIA S;DE SOUZA F,2010,"VULNERABILITIES TO HIV/AIDS IN THE BRAZILIAN CONTEXT: GENDER, RACE AND GENERATION INEQUITIES; [VULNERABILIDADES AO HIV/AIDS NO CONTEXTO BRASILEIRO: INIQUIDADES DE GÊNERO, RAÇA E GERAÇÃO]","OBJECTIVE: THE OBJECTIVE OF THIS PAPER IS TO ASSESS THE LEVEL OF KNOWLEDGE AND INFORMATION HELD BY THE POPULATION ABOUT HIV/AIDS, AND TO ANALYZE DISCOURSES ABOUT CONDOM USE AND SEXUAL PRACTICES. METHODS: QUALITATIVE RESEARCH WITH 64 YOUNG PEOPLE AND ADULTS, BLACK AND WHITE, SEXUALLY ACTIVE MEN AND WOMEN. VULNERABILITY TO HIV/AIDS WAS DISCUSSED FROM THE PERSPECTIVE OF RACIAL (BLACK OR WHITE), GENERATIONAL (BETWEEN 16 AND 45 OR 24 YEARS OR OLDER) AND GENDER (MALE OR FEMALE). IN-DEPTH INTERVIEWS WERE CONDUCTED WITH A SEMI-STRUCTURED SCRIPT IN THE CITIES OF SÃO PAULO (SP) AND RECIFE (PE) ON THE FOLLOWING THEMES: KNOWLEDGE AND PERCEPTION ABOUT STD/AIDS, PERCEPTION OF INDIVIDUAL RISK, NEGOTIATION AND CONDOM USE, SEXUAL INITIATION AND PRACTICES. RESULTS: THE LEAST-EDUCATED, MEN, ELDERS AND RESIDENTS OF RECIFE WERE THE LEAST INFORMED PERSONS AS REGARDS TO HIV/AIDS. PEOPLE OVER 45 YEARS AND THE LESS EDUCATED HAD INCIPIENT KNOWLEDGE ABOUT TRANSMISSION AND PREVENTION OF STD/AIDS. CONDOM USE AMONG RESPONDENTS IN BOTH CITIES WAS RELATIVELY LOW, NON-USE OF CONDOMS AMONG WOMEN IN STABLE RELATIONSHIP WAS ATTRIBUTED TO PARTNER'S REFUSAL TO USING IT. AMONG RESPONDENTS WHO REPORTED USING CONDOMS, THE TYPE OF RELATIONSHIP ESTABLISHED AND THE PHASE OF THE RELATIONSHIP RESULTED IN VARIED PATTERNS OF USE; THE CONSISTENT USE OF CONDOMS WAS MORE COMMON IN OCCASIONAL PARTNERSHIPS. CONCLUSIONS: THE INCIPIENT KNOWLEDGE IN ASSOCIATION WITH UNSAFE SEXUAL PRACTICE PUTS WOMEN IN STABLE RELATIONSHIP, POORLY EDUCATED, LOWER INCOME, PARTICULARLY ABOVE 45 YEARS, AND RESIDENTS OF RECIFE IN A SITUATION OF GREATER VULNERABILITY TO STD/AIDS.",10.1590/s0104-12902010000600003
DE ARAÚJO PINHO O,2006,"""A VIDA EM QUE VIVEMOS"": RACE, GENDER AND MODERNITY IN SÃO GONÇALO; [""A VIDA EM QUE VIVEMOS"": RAÇA, GÊNERO E MODERNIDADE EM SÃO GONÇALO]","IN THIS ARTICLE THE AUTHOR DISPLAYS SOME ETHNOGRAPHIC DATA FROM A RESEARCH WITH YOUNG PEOPLE OF BOTH SEXES IN A BIG POPULAR PERIPHERY NEIGHBORHOOD OF SĀO GONÇALO CITY, METROPOLITAN AREA OF RIO DE JANEIRO. THE RESEARCH MAIN GOAL IS TO INTERROGATE THE MODERNIZATION EXPERIENCE IN AN ENVIRONMENT OF SUB-CITIZENSHIP AND POVERTY. MORE SPECIFICALLY THE QUESTION IS HOW THE AGENTS MOBILIZE RACE/GENDER PRACTICES AND REPRESENTATIONS IN THAT CONTEXT. THE DISCUSSION ABOUT MODERNIZATION AND RACE RELATIONS AS WELL A BRIEF SOCIOLOGICAL DESCRIPTION OF THE NEIGHBORHOOD HELP TO BETTER UNDERSTAND THE ETHNOGRAPHIC OBSERVATIONS WHICH ARE RELATED WITH THE BODY USES, ITS RACIALIZATION AND GENDERING; THE CLASS SUBALTERNITY EXPERIENCE; AND THE FEELING OF ECCENTRICITY OR PERIPHERAL CONDITION. COPYRIGHT © 2006 BY REVISTA ESTUDOS FEMINISTAS.",10.1590/s0104-026x2006000100010
TAQUETTE S,2010,"INTERSECTIONALITY OF GENDER, CLASS AND RACE, AND VULNERABILITY OF BLACK FEMALE ADOLESCENTS TO STD/AIDS; [INTERSECCIONALIDADE DE GÊNERO, CLASSE E RAÇA E VULNERABILIDADE DE ADOLESCENTES NEGRAS ÀS DST/AIDS]","OBJECTIVE: TO VERIFY THE VULNERABILITY TO HIV/AIDS OF FEMALE ADOLESCENTS THAT LIVE IN POOR COMMUNITIES OF THE CITY OF RIO DE JANEIRO. METHODS: IT WAS CARRIED OUT WITH QUANTITATIVE AND QUALITATIVE ANALYSES. THE QUANTITATIVE PHASE WAS A CROSS-SECTIONAL STUDY, THROUGH INTERVIEWS OF 816 ADOLESCENTS AND CLINICAL/LABORATORY TESTS IN TEN DIFFERENT SLUMS, AND THE QUALITATIVE PHASE WAS DONE ON ONE FOCUS GROUP ABOUT SEXUALITY OF GENDER AND RACE IN EACH COMMUNITY. RESULTS: 74% OF THE ADOLESCENTS WERE BLACK, 39% HAD SEXUAL ACTIVITY AND 24.4% OF THOSE HAD STD. A STATISTICAL SIGNIFICANT ASSOCIATION OCCURRED BETWEEN THE BLACK COLOR/RACE AND SEXUAL ACTIVITY. IN THE QUALITATIVE STAGE, IT BECAME EVIDENT THAT RACIAL DISCRIMINATION OCCURS EVERY DAY AND CONTRIBUTE TO A NEGATIVE SELF-CONCEPT. THIS, IN ADDITION TO POVERTY, VIOLENCE BASED IN GENDER AND BAD ACCESS TO HEALTH SERVICES, CREATES A VULNERABILITY CONTEXT TO STD/AIDS. CONCLUSION: THIS STUDY SUGGESTS POLICIES THAT OFFER MORE GYNECOLOGIC SERVICES TO THIS PUBLIC, WITH ACTIONS THAT FAVOR THE USE OF FEMININE CONDOM AND CONTRIBUTE TO THE REDUCTION OF SOCIAL, GENDER, AND RACE INEQUALITY.",10.1590/S0104-12902010000600006
DE ANDRADE C;DACHS J,2007,"ACCESS TO EDUCATION BY AGE GROUPS, ACCORDING TO INCOME AND RACE/SKIN COLOUR IN BRAZIL; [ACESSO À EDUCAÇÃO POR FAIXAS ETÁRIAS SEGUNDO RENDA E RAÇA/COR]","DATA FROM THE NATIONAL SAMPHE HOUSEHOLD SURVEY - PNAD 2003 WAS EMPLOYED TO ANALYSE THE ROLE OF ECONOMIC STATUS AND RACE/SKIN COLOUR IN ACCESS TO SCHOOL, INCLUDING HIGHER EDUCATION. INCOME AND RACE/SKIN COLOUR VARIABLES HAVE A STRONG IMPACT ON THE VARIOUS AGE GROUPS AND SCHOOL TRANSITIONS, CONSTRAINTS THAT RESULTED IN ONLY A SMALL PERCENTAGE OF YOUNG PEOPLE HAVING ACCESS TO HIGHER EDUCATION ARE DEPENDENT UPON THE NUMBER OF PLACES THE SCHOOL HAS TO OFFER AT THIS LEVEL OF EDUCATION AND EVEN MORE BY THE REDUCED NUMBER OF YOUNG BRAZILIANS WHO MANAGE TO FINISH HIGH SCHOOL, ACHIEVING THE REQUIRED FORMAL QUALIFICATION TO HAVE ACCESS TO HIGHER EDUCATION ONLY 40% OF YOUTHS FROM 18 TO 24 YEARS OF AGE COMPLETE HIGH SCHOOL AND A MERE 13% OF WHICH HAVE ACCESS TO COLLEGE. THE ECONOMIC STATUS PLAYS A MORE IMPORTANT ROLE THAN RACE/SKIN COLOUR, ALTHOUGH THE LATTER HAS AN INFLUENCE THROUGHOUT ALL INCOME GROUPS. FINALLY, THE ARTICLE ANALYZES THE DISTRIBUTION OF HIGHER EDUCATION STUDENTS WITHIN THIS AGE GROUP IN PUBLIC AND PRIVATE SCHOOLS.",10.1590/s0100-15742007000200009
MONTEIRO R;MOURÃO L;VOTRE S,2012,SCIENTIFIC PRODUCTION ON PUBLIC POLICIES IN PHYSICAL EDUCATION: APPROACHES ON GENDER AND RACE; [PRODUÇÃO CIENTÍFICA SOBRE POLÍTICAS PÚBLICAS PARA A EDUCAÇÃO FÍSICA: ABORDAGEM SOBRE GÊNERO E RAÇA],"THE AIM OF THIS STUDY WAS TO PRESENT THE SCIENTIFIC PRODUCTION IN PUBLIC POLICIES FROM 2001 UP TO 2010, AND ANALYZE THE STUDIES THAT CONSIDERATION THE SOCIOLOGICAL CATEGORIES OF GENDER AND RACE, INDICATING THE RELATIONSHIP THEY ESTABLISH WITH THE PHYSICAL-SPORTING ACTIVES AND LEISURE. THE MATERIAL UNDER ANALYSIS CONSISTS OF JOURNALS INDEXED IN 2010 QUALIS OF PHYSICAL EDUCATION AND EDUCATION, ON HUMAN AND SOCIAL SCIENCES, LOCATED IN INTERMEDIATE LEVELS. THE RESEARCH LED US TO CONCLUDE THAT THE DISCUSSION ON PUBLIC POLICIES, TAKING INTO CONSIDERATION THEMES OF GENDER AND RACE, IS STILL VERY SMALL IN LEISURE AND PHYSICAL-SPORTING ACTIVITIES' STUDIES.",10.4025/reveducfis.v23i1.147196
MOTA A,2010,CLEANING UP THE RACE THROUGH THE HANDS OF RURALIST EDUCATION: THE CASE OF THE BUTANTAN RURAL SCHOOL GROUP IN THE 1930S; [HIGIENIZANDO A RAÇA PELAS MÃOS DA EDUCAÇÃO RURALISTA: O CASO DO GRUPO ESCOLAR RURAL DO BUTANTAN EM 1930],"THIS PAPER PRESENTS THE EXPERIENCE OF THE BUTANTAN RURAL SCHOOL GROUP, IN THE CITY OF SÃO PAULO, IN THE 1930S. THIS WAS REGARDED AS ONE OF THE FEW SCHOOLS IN BRAZIL WITH PEDAGOGICAL AIMS BASED ESSENTIALLY ON RURAL THEMES. THE UNDERTAKING WAS DUE MAINLY TO THE EFFORTS OF NOÊMIA MATTOS CRUZ, WHO WAS AN ADVOCATE OF DEVELOPING RURALIST IDEOLOGY, STARTING FROM AN EDUCATIONAL PLAN BASED ON HYGIENISM, AT A TIME WHEN REPUBLICANISM WAS BRINGING IN MANY CONTENTIONS REGARDING THE PURPOSE OF EDUCATION AND TEACHERS' ""MISSION"". THE SCHOOL GROUP MATURED IN THE 1930S, WHEN GOVERNMENT CARE CENTERED ON CHILDHOOD, AND IT GAINED SPACE AND THE FEDERAL AUTHORITIES' ATTENTION THROUGH LINKING COUNTRY MATTERS TO SANITARY EDUCATION, TO PRODUCE ""EUGENICALLY WELL FORMATTED"" BRAZILIAN CITIZENS. FOR THIS REASON, THE HISTORICITY OF ITS CONSTRUCTION AND PRACTICES, IMPLYING ADHERENCE TO A POLITICAL PROJECT OF PUBLIC HEALTH AND EDUCATION AIMED AT RURAL SETTINGS, NEEDS TO BE CONSIDERED.",NA
BONETTI A;QUERINO A,2009,DOSSIÊ RETRATO DAS DESIGUALDADES DE GÊNERO E RAÇA APRESENTAÇÃO,[NO ABSTRACT AVAILABLE],10.1590/S0104-026X2009000300012
DAMASCO M;MAIO M;MONTEIRO S,2012,"BLACK FEMINISM: RACE, IDENTITY AND REPRODUCTIVE HEALTH IN BRAZIL (1975-1993); [FEMINISMO NEGRO: RAÇA, IDENTIDADE E SAÚDE REPRODUTIVA NO BRASIL (1975-1993)]","THIS ARTICLE AIMS TO INVESTIGATE THE INTERFACE BETWEEN GENDER, COLOR/RACE AND PUBLIC HEALTH IN BRAZIL, FOCUSING ON THE IMPORTANCE OF REPRODUCTIVE HEALTH FOR THE FORMATION OF A BLACK FEMINISM IN THE COUNTRY, BETWEEN THE YEARS 1975 TO 1993. THE BLACK FEMINISM WAS SHAPED FROM THE RELATIONS BETWEEN BLACK ACTIVISTS AND FEMINIST AND BLACK RIGHTS MOVEMENTS. THE TOPIC OF REPRODUCTIVE HEALTH, UNDER A RACIAL PERSPECTIVE, GAINED IMPORTANCE IN THE 1980'S FROM REPORTS OF SURGICAL STERILIZATION AMONG BLACK WOMEN. THE ARTICLE INVESTIGATES THE CONTEXT IN WHICH SUCH ALLEGATIONS HAVE EMERGED AND THEIR RELEVANCE TO THE FORMATION OF AN IDENTITY AMONG BLACK ACTIVISTS. © 2012 BY REVISTA ESTUDOS FEMINISTAS.",10.1590/S0104-026X2012000100008
GOMES N,2012,BLACK MOMENT IN EDUCATION: GIVING A NEW MEANING AND POLITICIZING THE RACE; [MOVIMENTO NEGRO E EDUCAÇÃO: RESSIGNIFICANDO E POLITIZANDO A RAÇA],"THIS ARTICLE DISCUSSES THE BRAZILIAN BLACK MOVEMENT'S ROLE IN GIVING A NEW MEANING AND POLITICIZING THE IDEA OF RACE. RACE IS UNDERSTOOD AS A SOCIAL CONSTRUCTION THAT MARKS LATIN-AMERICAN SOCIETY IN A STRUCTURAL AND STRUCTURING WAY, PARTICULARLY THE BRAZILIAN SOCIETY. REFL ECTING ON THE BLACK MOVEMENT ́S PERFORMANCE, IT IS ASSUMED THAT THIS SOCIAL MOVEMENT, TROUGH IT ́S POLITICAL ACTIONS, ESPECIALLY IN FAVOR OF EDUCATION, REEDUCATES ITSELF, THE STATE, THE SOCIETY AND THE EDUCATIONAL FI ELD ABOUT THE ETHNIC-RACIAL RELATIONSHIPS IN BRAZIL TOWARDS SOCIAL EMANCIPATION. THE IDEA OF RACE ANALYZED IN THIS ARTICLES ARE BASED ON THE POST-COLONIALIST STUDIES, WHICH DISCUSSES RACE CENTRALITY IN COUNTRIES WITH A COLONIAL PAST AND HOW IT OPERATES IN POWER RELATIONS THAT HAVE BEEN KEPT AND STILL REMAINS IN MODERN OCCIDENTAL THOUGHTS, INCLUDING IN EDUCATION.",10.1590/S0101-73302012000300005
MAIA S,2012,"IDENTIFYING THE UN-NAMED WHITENESS: RACE, BODY, AND NATION IN REPRESENTATIONS OF GISELE BÜNDCHEN IN THE TRANSNATIONAL MEDIA; [IDENTIFICANDO A BRANQUIDADE INOMINADA: CORPO, RAÇA E NAÇÃO NAS REPRESENTAÇÕES SOBRE GISELE BÜNDCHEN NA MÍDIA TRANSNACIONAL]","THIS ARTICLE EXAMINES THE DISCURSIVE CONFIGURATIONS THAT ASSOCIATE THE BODY OF TOP MODEL GISELE BÜNDCHEN TO THE BODY OF THE BRAZILIAN NATION, AND ANALYSES THE WAYS THROUGH WHICH THESE CONFIGURATIONS DEFINE WHAT MEANS TO BE BRAZILIAN ACCORDING TO DISCOURSES THAT CIRCULATE IN BRAZILIAN AND TRANSNATIONAL MEDIA. IN ORDER TO DO THAT, I USE IMAGES OF GISELE TO INTERROGATE THE RACIAL FORMATIONS IN THE TWO CONTEXTS AND TO EXAMINE HOW THESES FORMATIONS ARE BEING RECONFIGURED DUE TO RECENT CHANGES IN THE DEMOGRAPHIC AND POLITICAL CONTEXTS IN BRAZIL AND IN THE UNITED STATES. FOLLOWING THE STUDIES OF RACIAL RELATIONS IN THE TWO COUNTRIES, I ADOPT A FRAMEWORK DEVELOPED BY THE STUDIES THAT FOCUS ON THE CONSTRUCTION OF WHITENESS.",10.1590/s0104-83332012000100011
PASSADOR L;THOMAZ O,2006,"RACE, SEXUALITY AND ILLNESS IN MOZAMBIQUE; [RAÇA, SEXUALIDADE E DOENÇA EM MOÇAMBIQUE]","THIS ARTICLE, THROUGH AN ANALYSIS OF MOZAMBICAN HISTORICAL, SOCIAL CULTURAL AND RACIAL COMPLEXITY, INTENDS TO POINT OUT THE NECESSITY OF UNDERSTANDING HIV/AIDS EPIDEMICS IN THAT COUNTRY AS A PHENOMENON WITH SPECIFIC IMPLICATIONS, DETERMINED BY THOSE PARTICULAR CONDITIONS, THE TRADITIONAL HEALING SYSTEMS AND THEIR DISEASE CONCEPTIONS, WHICH ARE INTIMATELY RELATED TO LOCAL KINSHIP, GENDER RELATIONS AND COSMOLOGIES, AND AFFECT THE INTERPRETATIONS THAT SUBJECTS PRODUCE ABOUT THEIR CONTEXT AND EXPERIENCES, SHOULD BE CONSIDERED TO UNDERSTAND THE RELATIONS MOZAMBICANS ESTABLISH THE DISEASE, DETERMINING THEIR PARTICULAR CONCEPTIONS AND EXPERIENCES WITH HIV/AIDS. COPYRIGHT © 2006 BY REVISTA ESTUDOS FEMINISTAS.",10.1590/s0104-026x2006000100014
LÓPEZ L,2011,ANALYSIS OF THE HIV/AIDS POLICIES FROM A GENDER AND RACE INTERSECTIONAL PERSPECTIVE; [UMA ANÁLISE DAS POLÍTICAS DE ENFRENTAMENTO AO HIV/AIDS NA PERSPECTIVA DA INTERSECCIONALIDADE DE RAÇA E GÊNERO],"THIS ARTICLE AIMS TO ANALYZE THE HIV/AIDS POLICIES, PARTICULARLY CAMPAIGNS, IN THE PERSPECTIVE OF RACE AND GENDER INTERSECTION. SUCH PERSPECTIVE ENABLES THE UNDERSTANDING OF HOW GENDER OPPRESSION AND RACE OPPRESSION INTERSECT EACH OTHER, WHEREAS, ON THE OTHER HAND, POLITICAL ACTION DECONSTRUCTS THESE INEQUALITIES AND ENABLES THE TRANSFORMATION OF INSTITUTIONS IN THE PROMOTION OF GENDER AND RACE EQUALITY. THE ETHNOGRAPHIC DATA I ANALYZED WERE COLLECTED DURING A QUALITATIVE RESEARCH THAT FOCUSED ON THE ACTIONS CARRIED OUT BY ORGANIZATIONS OF THE BLACK MOVEMENT AND ON THEIR DEMANDS BEFORE THE PUBLIC POWER FOR PARTICIPATION IN THE STRUGGLE AGAINST THE SPREAD OF THE EPIDEMICS AMONG THE BLACK POPULATION OF THE SOUTHERN REGION OF BRAZIL. IN THE FIRST PART, I EMPLOY THE CONCEPT OF BIOPOWER TO ANALYZE THE RELATION BETWEEN RACE, GENDER AND HEALTH. IN THE SECOND PART, I ANALYZE THE REPRESENTATIONS OF BODY AND SUBJECT ACTIVATED IN TWO NATIONWIDE HIV/AIDS CAMPAIGNS CENTERED ON THE IMAGE OF A BLACK WOMAN, AND THE DEBATES THEY BROUGHT ABOUT. THE ANALYSIS REVEALS THE CENTRALITY OF THE BODY AS THE EXPRESSION OF THE BLACK WOMEN MOVEMENT'S POLITICAL STRUGGLE, STRESSING ON AND QUESTIONING THE SOCIAL VULNERABILITY THAT RESULTS FROM THE IMPACT OF BIOPOLITICS ON THE BODIES, ESPECIALLY WHEN GENDER AND RACE ARE BROUGHT TOGETHER.",10.1590/S0104-12902011000300006
DA ROCHA E;ROSEMBERG F,2007,SELF-DECLARATION OF RACE AND/OR SKIN COLOR AMONG PUPILS FROM THE CITY OF SÃO PAULO; [AUTODECLARAÇÃO DE COR E/OU RAÇA ENTRE ESCOLARES PAULISTANOS(AS)],"THE PURPOSE OF THIS ARTICLE IS TO BROADEN THE DEBATE ABOUT THE CLASSIFICATION AND DENOMINATION OF COLOR/RACE IN CONTEMPORARY BRAZIL, AND BRING THE VOICE OF CHILDREN AND ADOLESCENTS TO THE DEBATE. TO THIS END, THE WORK EMPLOYS TWO INVESTIGATION STRATEGIES: AN EXTENSIVE REVIEW OF THE LITERATURE TO SHOW TENSION POINTS, SPECIALLY THOSE CONCERNING THE CONFUSION BETWEEN CLASSIFICATION AND DENOMINATION OF COLOR/RACE; AND THE APPLICATION AND ANALYSIS OF A QUESTIONNAIRE ABOUT THE DENOMINATION AND CLASSIFICATION OF COLOR/RACE AMONG PUBLIC SCHOOL STUDENTS FROM THE CITY OF SÃO PAULO. THE QUESTIONNAIRE WAS DESIGNED ALONG THE LINES OF THE QUESTIONNAIRES PREPARED BY BRAZILIAN INSTITUTE OF GEOGRAPHY AND STATISTICS FOR THE 1978 NOTIONAL RESEARCH OF HOUSEHOLD SAMPLE AND FOR THE 1998 MONTHLY EMPLOYMENT SURVEY. THIS ARTICLE INDICATES THAT THE STUDENTS' RESPONSES SUGGEST A SOPHISTICATED MANAGEMENT OF CONCEPTS AND TERMINOLOGY OF RACE/COLOR, WHICH WOULD ALLOW THEM TO ANSMER THE ITEM INCLUDED IN THE SCHOOL CENSUS OF 2005, DIFFERENTLY FROM THE STRATEGY USED BY MINISTRY OF EDUCATION/NATIONAL INSTITUTE FOR EDUCATIONAL RESEARCH AND STUDIES.",10.1590/s0100-15742007000300012
TAVOLARO L,2010,"RACE, CLASS AND CULTURE IN THE CONTEXT OF AFFIRMATIVE ACTION: A THEORETICAL CRITICAL EFFORT ON RACE; [RAÇA, CLASSE E CULTURA NO CONTEXTO DAS POLÍTICAS DE AÇÃO AFIRMATIVA: UM ESFORÇO TEÓRICOCRÍTICO A RESPEITO DA RAÇA]","THIS PAPER SEEKS TO ANALYZE THREE INTERRELATED ASPECTS OF THE THEORETICAL DISCUSSIONS AROUND ""RACE RELATIONS"" THAT WERE SOMEHOW RECAST IN THE CONTEXT OF THE IMPLEMENTATION OF QUOTAS FOR BLACK PEOPLE IN BRAZIL, NAMELY: 1) THE RELATIONSHIP BETWEEN RACE AND CLASS; 2) THE INTERFACE BETWEEN RACE AND CULTURE; 3) THE STATUS OF RACE BOTH AS A SOCIAL CATEGORY AND AN ANALYTICAL CONCEPT. THIS WILL BE DONE IN LIGHT OF THE DISCUSSIONS THAT PRECEDED AND WERE ALSO INTENSIFIED DURING THE INTRODUCTION OF THE FIRST QUOTA POLICIES IN BRAZILIAN PUBLIC UNIVERSITIES. FIRST, THE PAPER INQUIRES INTO THE THEORETICAL DEBATE ON THE INTERDEPENDENCE BETWEEN CLASS AND RACE WHILE POINTING TO THE WAYS THROUGH WHICH THESE TWO CATEGORIES INTERRELATE IN THE CONTEXT OF AFFIRMATIVE ACTION FOR BLACK PEOPLE. SECOND, IT PROPOSES A CRITICAL ANALYSIS OF THE THEORETICAL INTERFACE BETWEEN RACE AND CULTURE IN LIGHT OF THE DISPUTES REGARDING THE MEANINGS OF BLACK IDENTITY IN THIS CONTEXT. FINALLY, THE ARTICLE ANALYZES THE DISCUSSIONS AROUND RACIAL MEANINGS BY OCCASION OF THE IMPLEMENTATION OF AFFIRMATIVE ACTION POLICIES FOR BLACK PEOPLE IN ORDER TO DEVELOP REFLEXIVE THINKING ON RACE AS AN ANALYTICAL CONCEPT.",10.5216/sec.v13i2.13432
GIACOMINI S,2006,"PROFESSIONAL MULATAS: RACE, GENDER AND OCCUPATION; [MULATAS PROFISSIONAIS: RAÇA, GÊNERO E OCUPAÇÃO]","BASED ON A RESEARCH CARRIED OUT WITH A GROUP OF BLACK WOMEN ENROLLED IN THE II COURSE FOR PROFESSIONAL FORMATION OF MULATAS, THE ARTICLE RECOVERS AND ANALYSES THE CATEGORIES THROUGH WHICH THE STUDENTS REPRESENT THEIR CONDITION OF MULATTA AND THEIR PASSING TO THE CONDITION OF PROFESSIONAL MULATA. THE MULATA, WHO REPRESENTS AND MEDIATES A BRAZILIAN WAY OF BEING A WOMAN, SENSUAL AND RACE-MIXED, THE PROFESSIONAL MULATA DEBATES HERSELF, PERMANENTLY, BETWEEN TWO POLES WHICH ARE BOTH PROFESSIONAL AND MORAL: ON THE ONE HAND, THERE IS A POSITIVE POLE, OF BEING A DANCER, ON THE OTHER, THERE IS A THREATENING AND NEGATIVE ONE, OF BEING A PROSTITUTE. COPYRIGHT © 2006 BY REVISTA ESTUDOS FEMINISTAS.",10.1590/s0104-026x2006000100006
PAIXÃO M;GOMES F,2008,"REVISITING THE HISTORY OF DIFFERENCES AND INEQUALITIES: NOTES ABOUT GENDER, SLAVERY, RACE AND POS-EMANCIPATION; [HISTÓRIAS DAS DIFERENÇAS E DAS DESIGUALDADES REVISITADAS: NOTAS SOBRE GÊNERO, ESCRAVIDÃO, RAÇA E PÓS-EMANCIPAÇÃO]","THIS ARTICLE INTENDS TO REFLECT ABOUT GENERAL ASPECTS OF THE SLAVERY HISTORY, POSEMANCIPATION AND THE PRESENT TIME OF THE BLACK WOMAN, MAINLY IN TERMS OF HER INSERTION IN THE LABOR MARKET. AT THE FIRST PART THE ARTICLE DEAL WITH THE BIBLIOGRAPHY ABOUT THE SLAVE WOMAN AND ANALYSIS SOME NARRATIVES ABOUT FAMILIES, DAILY, AND FEMINIST STRATEGIES OF SLAVES WOMAN, CREOLES, EMANCIPATED AND AFRICANS INTO THE XVIII AND XIX CENTURIES, IN EVERY CASESBASED ON WILL. ON THE SECOND PART, THE ARTICLE LOOK FOR ESTABLISH A DIALOGUE BETWEEN THE PAST AND THE PRESENT TIME. SO, THE TEXT ANALYSIS THE CONTEMPORANEOUS BRAZILIAN LABOR MARKET WITH ESPECIAL EMPHASIS ABOUT THE PRECARIOUSPARAMETERS FOR THE BLACK WOMAN.. © 2008 BY REVISTA ESTUDOS FEMINISTAS.",10.1590/S0104-026X2008000300014
BACKES J,2006,ARTICULATING RACE AND CLASS: EFFECTS ON THE CONSTRUCTION OF THE AFRO-DESCENDANT IDENTITY; [ARTICULANDO RAÇA E CLASSE: EFEITOS PARA A CONSTRUÇÃO DA IDENTIDADE AFRODESCENDENTE],"THIS PAPER ASSERTS THAT RACE AND CLASS ARE ARTICULATED IN THE BRAZILIAN CONTEXT AND PRODUCE EFFECTS ON THE AFRO-DESCENDANT IDENTITY. IT SPECIFICALLY FOCUSES ON THE EFFECTS OF THE ACCESS TO UNIVERSITY ON THE CONSTRUCTION OF THE AFRO-DESCENDANT CULTURAL IDENTITY. TO UNDERSTAND SUCH EFFECTS, SEMI-STRUCTURED INTERVIEWS WERE CONDUCTED WITH UNIVERSITY STUDENTS BENEFITED BY THE NEGRAEVA PROJECT, DEVELOPED, FROM 2002 ON, BY THE NEGRAEVA COMMUNITY, CAMPO GRANDE (MS), TO MAINTAIN AFRO-DESCENDANTS IN UNIVERSITIES. DIFFERENT EFFECTS WERE PERCEIVED, ESPECIALLY THAT THE AFRO-DESCENDANTS GAIN MORE STRENGTH TO VINDICATE THEIR RIGHTS, QUESTION DISCRIMINATING ATTITUDES AND DO AWAY WITH THE MYTH OF A RACIAL DEMOCRACY. THEY THUS CONSTRUCT A CULTURAL/RACIAL/ETHNIC IDENTITY THAT ALLOWS THEM TO SEE THEMSELVES AND BE SEEN BY THE OTHERS AS A LEGITIMATE IDENTITY, WHICH CANNOT BE USED TO JUSTIFY THE DOMINATION AND ECONOMIC EXPLOITATION WHICH HAS TAKEN PLACE IN BRAZIL SINCE THE TIMES OF COLONIZATION. © 2006 CEDES.",10.1590/S0101-73302006000200006
SIMÕES J;FRANÇA I;MACEDO M,2010,"MANNERS AND BODIES: COLOR/RACE, GENDER, SEXUALITY AND YOUTHFUL SOCIABILITY IN THE HISTORIC DOWNTOWN OF SÃO PAULO; [JEITOS DE CORPO: COR/RAÇA, GÊNERO, SEXUALIDADE E SOCIABILIDADE JUVENIL NO CENTRO DE SÃO PAULO]","IN THIS ARTICLE, WE DISCUSS THE RESULTS OF ETHNOGRAPHIC RESEARCH UNDERTAKEN IN AREAS WITH CONCENTRATED RECREATIONAL VENUES FREQUENTED BY DIVERSE YOUTH GROUPS (HOMO- AND HETEROSEXUAL) IN THE HISTORIC DOWNTOWN OF SÃO PAULO. THIS MATERIAL IS PART OF THE LARGER ""RELATIONSHIPS BETWEEN RACE, GENDER AND SEXUALITY IN DIFFERENT NATIONAL AND LOCAL CONTEXTS"" RESEARCH INITIATIVE. WE CONSIDER HOW MARKERS OF DIFFERENCE ASSOCIATED WITH COLOR/RACE, CLASS, GENDER AND SEXUALITY OPERATE NOT ONLY TO CLASSIFY THE YOUNG MEN AND WOMEN WHO ENGAGE IN EROTIC SOCIABILITY IN THE PLACES WE INVESTIGATED - PRODUCING (UN)DESIRABLE SUBJECTS AND INDICATING AFFECTIVE-SEXUAL PREFERENCES - BUT ALSO WORK TO ORDER PATTERNS OF SOCIAL INTERACTION. WE REFLECT ON WHAT WAYS AND UNDER WHAT CONDITIONS DIFFERENCES (WHICH CAN, OF COURSE, INFORM AND CONSTRUCT HIERARCHICAL AND DISCRIMINATORY RELATIONSHIPS) ARE EMPLOYED BY CERTAIN SUBJECTS IN SPECIFIC RELATIONAL FIELDS, GIVEN CERTAIN SOCIAL TRAJECTORIES.",10.1590/s0104-83332010000200003
